word_id,source_range,單字,詞性,定義,用法,詞性變化,三態（現在式-過去式-過去分詞）,現在分詞（V-ing）,常見搭配,相關字,同義字,反義字,範例
W001,1,police,n.,警察,題句主詞，表示警方針對高犯罪區採取行動。,,,,police in context：在語境中使用 police；learn police：學習「警察」,exam passage：考卷文章；context：語境；review：複習,,,The exam uses police in context.：考卷在語境中使用 police。
W002,1,high-crime,adj.,高犯罪率的,修飾 neighborhoods，表示犯罪率高的地區。,,,,high-crime in context：在語境中使用 high-crime；learn high-crime：學習「高犯罪率的」,exam passage：考卷文章；context：語境；review：複習,,,The exam uses high-crime in context.：考卷在語境中使用 high-crime。
W003,1,neighborhood,n.,社區；鄰近地區,題句中 high-crime neighborhoods 指高犯罪率社區。,,,,neighborhood in context：在語境中使用 neighborhood；learn neighborhood：學習「社區；鄰近地區」,exam passage：考卷文章；context：語境；review：複習,,,The exam uses neighborhood in context.：考卷在語境中使用 neighborhood。
W004,1,in response to,phr.,回應；因應,表示警方行動是為了回應暴力犯罪上升。,,,,in response to in context：在語境中使用 in response to；learn in response to：學習「回應；因應」,exam passage：考卷文章；context：語境；review：複習,,,The exam uses in response to in context.：考卷在語境中使用 in response to。
W005,1,recent,adj.,最近的,修飾 rise，表示近期上升。,,,,recent in context：在語境中使用 recent；learn recent：學習「最近的」,exam passage：考卷文章；context：語境；review：複習,,,The exam uses recent in context.：考卷在語境中使用 recent。
W006,1,violent,adj.,暴力的,violent crime 指暴力犯罪。,,,,violent in context：在語境中使用 violent；learn violent：學習「暴力的」,crime：犯罪；police：警察；violence：暴力,,,The exam uses violent in context.：考卷在語境中使用 violent。
W007,1,crime,n.,犯罪,題句主題是 violent crime。,,,,crime in context：在語境中使用 crime；learn crime：學習「犯罪」,exam passage：考卷文章；context：語境；review：複習,,,The exam uses crime in context.：考卷在語境中使用 crime。
W008,1,crack down,phr. v.,嚴厲取締；鎮壓,警方對高犯罪區加強取締。,,,,crack down in context：在語境中使用 crack down；learn crack down：學習「嚴厲取締；鎮壓」,law enforcement：執法；neighborhood：社區,suppress：鎮壓；enforce：執法,,The exam uses crack down in context.：考卷在語境中使用 crack down。
W009,1,touch down,phr. v.,降落；觸地,第1題干擾選項，常用於飛機降落。,,,,touch down in context：在語境中使用 touch down；learn touch down：學習「降落；觸地」,exam passage：考卷文章；context：語境；review：複習,,,The exam uses touch down in context.：考卷在語境中使用 touch down。
W010,1,turn down,phr. v.,拒絕；調低,第1題干擾選項，可表示拒絕邀請或調低音量。,,,,turn down in context：在語境中使用 turn down；learn turn down：學習「拒絕；調低」,exam passage：考卷文章；context：語境；review：複習,,,The exam uses turn down in context.：考卷在語境中使用 turn down。
W011,1,run down,phr. v.,撞倒；耗盡；貶低,第1題干擾選項，片語多義。,,,,run down in context：在語境中使用 run down；learn run down：學習「撞倒；耗盡；貶低」,exam passage：考卷文章；context：語境；review：複習,,,The exam uses run down in context.：考卷在語境中使用 run down。
W012,2,verge,n.,邊緣；即將發生的狀態,on the verge of vomiting 指快要嘔吐。,,,,verge in context：在語境中使用 verge；learn verge：學習「邊緣；即將發生的狀態」,exam passage：考卷文章；context：語境；review：複習,,,The exam uses verge in context.：考卷在語境中使用 verge。
W013,2,vomit,v./n.,嘔吐,題句中 vomiting 表示嘔吐。,,vomit-vomited-vomited,vomiting,vomit in context：在語境中使用 vomit；learn vomit：學習「嘔吐」,bathroom：浴室；sickness：不適,,,The exam uses vomit in context.：考卷在語境中使用 vomit。
W014,2,struggle,v./n.,掙扎；努力,Emily struggles to walk to the bathroom。,,struggle-struggled-struggled,struggling,struggle in context：在語境中使用 struggle；learn struggle：學習「掙扎；努力」,exam passage：考卷文章；context：語境；review：複習,,,The exam uses struggle in context.：考卷在語境中使用 struggle。
W015,2,attempt,v./n.,嘗試；企圖,attempting to maintain her dignity。,,attempt-attempted-attempted,attempting,attempt in context：在語境中使用 attempt；learn attempt：學習「嘗試；企圖」,exam passage：考卷文章；context：語境；review：複習,,,The exam uses attempt in context.：考卷在語境中使用 attempt。
W016,2,maintain,v.,維持；保持,maintain her dignity 指維持尊嚴。,,maintain-maintained-maintained,maintaining,maintain in context：在語境中使用 maintain；learn maintain：學習「維持；保持」,exam passage：考卷文章；context：語境；review：複習,,,The exam uses maintain in context.：考卷在語境中使用 maintain。
W017,2,dignity,n.,尊嚴；體面,題句中指 Emily 想保持體面。,,,,dignity in context：在語境中使用 dignity；learn dignity：學習「尊嚴；體面」,exam passage：考卷文章；context：語境；review：複習,,,The exam uses dignity in context.：考卷在語境中使用 dignity。
W018,2,task,n.,任務；工作,a herculean task 指艱鉅任務。,,,,task in context：在語境中使用 task；learn task：學習「任務；工作」,exam passage：考卷文章；context：語境；review：複習,,,The exam uses task in context.：考卷在語境中使用 task。
W019,2,harmonious,adj.,和諧的,第2題干擾選項。,,,,harmonious in context：在語境中使用 harmonious；learn harmonious：學習「和諧的」,harmony：和諧；relationship：關係,peaceful：和平的,conflicting：衝突的,The exam uses harmonious in context.：考卷在語境中使用 harmonious。
W020,2,hieratic,adj.,僧侶的；神聖僵硬的,第2題干擾選項，較少見。,,,,hieratic in context：在語境中使用 hieratic；learn hieratic：學習「僧侶的；神聖僵硬的」,exam passage：考卷文章；context：語境；review：複習,,,The exam uses hieratic in context.：考卷在語境中使用 hieratic。
W021,2,heterogeneous,adj.,異質的；由不同成分組成的,第2題干擾選項。,,,,heterogeneous in context：在語境中使用 heterogeneous；learn heterogeneous：學習「異質的；由不同成分組成的」,diversity：多樣性；mixture：混合,diverse：多樣的,homogeneous：同質的,The exam uses heterogeneous in context.：考卷在語境中使用 heterogeneous。
W022,2,homogeneous,adj.,同質的,字首反義詞補充列；字首/詞根對比形成標準反義詞。,字首/詞根對比形成標準反義詞。,,,homogeneous in context：在語境中使用 homogeneous；learn homogeneous：學習「同質的」,diverse：多樣的,,heterogeneous,The exam uses homogeneous in context.：考卷在語境中使用 homogeneous。
W023,2,herculean,adj.,極艱鉅的；需要大力氣的,題句表示走到浴室都很艱難。,,,,herculean in context：在語境中使用 herculean；learn herculean：學習「極艱鉅的；需要大力氣的」,difficulty：困難；effort：努力,daunting：艱鉅的,easy：容易的,The exam uses herculean in context.：考卷在語境中使用 herculean。
W024,3,county,n.,郡；縣,Berks County 是地名。,,,,county in context：在語境中使用 county；learn county：學習「郡；縣」,exam passage：考卷文章；context：語境；review：複習,,,The exam uses county in context.：考卷在語境中使用 county。
W025,3,power shutoff,n.,斷電；停電措施,utility customers 的斷電增加。,,,,power shutoff in context：在語境中使用 power shutoff；learn power shutoff：學習「斷電；停電措施」,exam passage：考卷文章；context：語境；review：複習,,,The exam uses power shutoff in context.：考卷在語境中使用 power shutoff。
W026,3,utility,n./adj.,公用事業；水電瓦斯服務,utility customers 指公用事業用戶。,,,,utility in context：在語境中使用 utility；learn utility：學習「公用事業；水電瓦斯服務」,exam passage：考卷文章；context：語境；review：複習,,,The exam uses utility in context.：考卷在語境中使用 utility。
W027,3,customer,n.,顧客；用戶,utility customers 指繳費用戶。,,,,customer in context：在語境中使用 customer；learn customer：學習「顧客；用戶」,exam passage：考卷文章；context：語境；review：複習,,,The exam uses customer in context.：考卷在語境中使用 customer。
W028,3,rise,v./n.,上升；增加,power shutoffs rise 111%。,,rise-rised-rised,rising,rise in context：在語境中使用 rise；learn rise：學習「上升；增加」,exam passage：考卷文章；context：語境；review：複習,,,The exam uses rise in context.：考卷在語境中使用 rise。
W029,3,previous,adj.,先前的；上一個的,over the previous year 指比前一年。,,,,previous in context：在語境中使用 previous；learn previous：學習「先前的；上一個的」,exam passage：考卷文章；context：語境；review：複習,,,The exam uses previous in context.：考卷在語境中使用 previous。
W030,3,declarative,adj.,陳述的；宣告的,第3題干擾選項。,,,,declarative in context：在語境中使用 declarative；learn declarative：學習「陳述的；宣告的」,exam passage：考卷文章；context：語境；review：複習,,,The exam uses declarative in context.：考卷在語境中使用 declarative。
W031,3,delinquent,adj./n.,逾期未繳的；違法少年,delinquent utility customers 指欠費用戶。,,,,delinquent in context：在語境中使用 delinquent；learn delinquent：學習「逾期未繳的；違法少年」,payment：付款；customer：用戶,overdue：逾期的,,The exam uses delinquent in context.：考卷在語境中使用 delinquent。
W032,3,non-delinquent,adj.,非逾期的；未欠費的,字首反義詞補充列；加上字首 non-，形成反義詞。,加上字首 non-，形成反義詞。,,,non-delinquent in context：在語境中使用 non-delinquent；learn non-delinquent：學習「非逾期的；未欠費的」,overdue：逾期的,,delinquent,The exam uses non-delinquent in context.：考卷在語境中使用 non-delinquent。
W033,3,decorous,adj.,得體的；端莊的,第3題干擾選項。,,,,decorous in context：在語境中使用 decorous；learn decorous：學習「得體的；端莊的」,manners：禮貌；behavior：行為,proper：得體的,improper：不得體的,The exam uses decorous in context.：考卷在語境中使用 decorous。
W034,3,indecorous,adj.,不得體的；失禮的,字首反義詞補充列；加上字首 in-，形成反義詞。,加上字首 in-，形成反義詞。,,,indecorous in context：在語境中使用 indecorous；learn indecorous：學習「不得體的；失禮的」,proper：得體的,,decorous,The exam uses indecorous in context.：考卷在語境中使用 indecorous。
W035,3,derivative,adj./n.,衍生的；缺乏原創性的,第3題干擾選項。,,,,derivative in context：在語境中使用 derivative；learn derivative：學習「衍生的；缺乏原創性的」,origin：來源；copy：副本,imitative：模仿的,original：原創的,The exam uses derivative in context.：考卷在語境中使用 derivative。
W036,3,non-derivative,adj.,非衍生的；非派生的,字首反義詞補充列；加上字首 non-，形成反義詞。,加上字首 non-，形成反義詞。,,,non-derivative in context：在語境中使用 non-derivative；learn non-derivative：學習「非衍生的；非派生的」,imitative：模仿的,,derivative,The exam uses non-derivative in context.：考卷在語境中使用 non-derivative。
W037,4,grapevine,n.,小道消息；葡萄藤,hear on the grapevine 指聽到小道消息。,,,,grapevine in context：在語境中使用 grapevine；learn grapevine：學習「小道消息；葡萄藤」,rumor：謠言；news：消息,rumor mill：謠言來源,,The exam uses grapevine in context.：考卷在語境中使用 grapevine。
W038,4,company,n.,公司,companies are discussing a merger。,,,,company in context：在語境中使用 company；learn company：學習「公司」,exam passage：考卷文章；context：語境；review：複習,,,The exam uses company in context.：考卷在語境中使用 company。
W039,4,discuss,v.,討論,公司正在討論合併。,,discuss-discussed-discussed,discussing,discuss in context：在語境中使用 discuss；learn discuss：學習「討論」,exam passage：考卷文章；context：語境；review：複習,,,The exam uses discuss in context.：考卷在語境中使用 discuss。
W040,4,merger,n.,合併,business merger 指企業合併。,,,,merger in context：在語境中使用 merger；learn merger：學習「合併」,company：公司；deal：交易,consolidation：合併,,The exam uses merger in context.：考卷在語境中使用 merger。
W041,4,skyline,n.,天際線,第4題干擾選項。,,,,skyline in context：在語境中使用 skyline；learn skyline：學習「天際線」,exam passage：考卷文章；context：語境；review：複習,,,The exam uses skyline in context.：考卷在語境中使用 skyline。
W042,4,trophy,n.,獎盃；戰利品,第4題干擾選項。,,,,trophy in context：在語境中使用 trophy；learn trophy：學習「獎盃；戰利品」,exam passage：考卷文章；context：語境；review：複習,,,The exam uses trophy in context.：考卷在語境中使用 trophy。
W043,4,kernel,n.,核心；穀粒,第4題干擾選項。,,,,kernel in context：在語境中使用 kernel；learn kernel：學習「核心；穀粒」,exam passage：考卷文章；context：語境；review：複習,,,The exam uses kernel in context.：考卷在語境中使用 kernel。
W044,5,mythology,n.,神話；神話學,Norse mythology 指北歐神話。,,,,mythology in context：在語境中使用 mythology；learn mythology：學習「神話；神話學」,exam passage：考卷文章；context：語境；review：複習,,,The exam uses mythology in context.：考卷在語境中使用 mythology。
W045,5,mischievous,adj.,淘氣的；惡作劇的,形容 Loki。,,,,mischievous in context：在語境中使用 mischievous；learn mischievous：學習「淘氣的；惡作劇的」,trick：惡作劇；god：神,naughty：淘氣的,,The exam uses mischievous in context.：考卷在語境中使用 mischievous。
W046,5,shape-shifting,adj.,會變形的,Loki 是 shape-shifting deity。,,,,shape-shifting in context：在語境中使用 shape-shifting；learn shape-shifting：學習「會變形的」,exam passage：考卷文章；context：語境；review：複習,,,The exam uses shape-shifting in context.：考卷在語境中使用 shape-shifting。
W047,5,deity,n.,神；神祇,Loki is a deity。,,,,deity in context：在語境中使用 deity；learn deity：學習「神；神祇」,god：神；mythology：神話,,,The exam uses deity in context.：考卷在語境中使用 deity。
W048,5,transform,v.,轉變；變形,Loki would transform into animals。,,transform-transformed-transformed,transforming,transform in context：在語境中使用 transform；learn transform：學習「轉變；變形」,exam passage：考卷文章；context：語境；review：複習,,,The exam uses transform in context.：考卷在語境中使用 transform。
W049,5,interfere with,phr. v.,干涉；妨礙,Loki interfered with plans and alliances。,,,,interfere with in context：在語境中使用 interfere with；learn interfere with：學習「干涉；妨礙」,exam passage：考卷文章；context：語境；review：複習,,,The exam uses interfere with in context.：考卷在語境中使用 interfere with。
W050,5,alliance,n.,聯盟；同盟,other gods' plans and alliances。,,,,alliance in context：在語境中使用 alliance；learn alliance：學習「聯盟；同盟」,exam passage：考卷文章；context：語境；review：複習,,,The exam uses alliance in context.：考卷在語境中使用 alliance。
W051,5,avarice,n.,貪婪,第5題干擾選項。,,,,avarice in context：在語境中使用 avarice；learn avarice：學習「貪婪」,wealth：財富；desire：慾望；mythology：神話,greed：貪婪,generosity：慷慨,The exam uses avarice in context.：考卷在語境中使用 avarice。
W052,5,chicanery,n.,欺詐；詭計,形容 Loki 的詭計多端。,,,,chicanery in context：在語境中使用 chicanery；learn chicanery：學習「欺詐；詭計」,trick：詭計；deception：欺騙,deceit：欺騙,honesty：誠實,The exam uses chicanery in context.：考卷在語境中使用 chicanery。
W053,5,apathy,n.,冷漠；無興趣,第5題干擾選項。,,,,apathy in context：在語境中使用 apathy；learn apathy：學習「冷漠；無興趣」,emotion：情緒；interest：興趣,indifference：冷漠,concern：關心,The exam uses apathy in context.：考卷在語境中使用 apathy。
W054,5,diffidence,n.,缺乏自信；羞怯,第5題干擾選項。,,,,diffidence in context：在語境中使用 diffidence；learn diffidence：學習「缺乏自信；羞怯」,confidence：信心；shyness：害羞,timidity：膽怯,confidence：自信,The exam uses diffidence in context.：考卷在語境中使用 diffidence。
W055,6,president,n.,總統；主席,題句中 if the president really means to lead。,,,,president in context：在語境中使用 president；learn president：學習「總統；主席」,exam passage：考卷文章；context：語境；review：複習,,,The exam uses president in context.：考卷在語境中使用 president。
W056,6,bring about,phr. v.,造成；帶來,bring about a world congenial to us。,,,,bring about in context：在語境中使用 bring about；learn bring about：學習「造成；帶來」,exam passage：考卷文章；context：語境；review：複習,,,The exam uses bring about in context.：考卷在語境中使用 bring about。
W057,6,pretend,v.,假裝,stop pretending 指停止假裝。,,pretend-pretended-pretended,pretending,pretend in context：在語境中使用 pretend；learn pretend：學習「假裝」,exam passage：考卷文章；context：語境；review：複習,,,The exam uses pretend in context.：考卷在語境中使用 pretend。
W058,6,on the cheap,phr.,廉價地；省錢地,do the job on the cheap。,,,,on the cheap in context：在語境中使用 on the cheap；learn on the cheap：學習「廉價地；省錢地」,exam passage：考卷文章；context：語境；review：複習,,,The exam uses on the cheap in context.：考卷在語境中使用 on the cheap。
W059,6,remote control,n.,遙控；遠距控制,by remote control 指遠距操控。,,,,remote control in context：在語境中使用 remote control；learn remote control：學習「遙控；遠距控制」,exam passage：考卷文章；context：語境；review：複習,,,The exam uses remote control in context.：考卷在語境中使用 remote control。
W060,6,regnant,adj.,統治的；占優勢的,第6題干擾選項。,,,,regnant in context：在語境中使用 regnant；learn regnant：學習「統治的；占優勢的」,exam passage：考卷文章；context：語境；review：複習,,,The exam uses regnant in context.：考卷在語境中使用 regnant。
W061,6,eligible,adj.,符合資格的,第6題干擾選項。,,,,eligible in context：在語境中使用 eligible；learn eligible：學習「符合資格的」,exam passage：考卷文章；context：語境；review：複習,,,The exam uses eligible in context.：考卷在語境中使用 eligible。
W062,6,ineligible,adj.,不符合資格的,字首反義詞補充列；加上字首 in-，形成反義詞。,加上字首 in-，形成反義詞。,,,ineligible in context：在語境中使用 ineligible；learn ineligible：學習「不符合資格的」,exam passage：考卷文章；context：語境；review：複習,,eligible,The exam uses ineligible in context.：考卷在語境中使用 ineligible。
W063,6,congenial,adj.,合意的；適合的；投緣的,a world congenial to us 指適合我們的世界。,,,,congenial in context：在語境中使用 congenial；learn congenial：學習「合意的；適合的；投緣的」,suitable：適合；friendly：友善,agreeable：合意的,hostile：敵對的,The exam uses congenial in context.：考卷在語境中使用 congenial。
W064,6,uncongenial,adj.,不合意的；不友善的,字首反義詞補充列；加上字首 un-，形成反義詞。,加上字首 un-，形成反義詞。,,,uncongenial in context：在語境中使用 uncongenial；learn uncongenial：學習「不合意的；不友善的」,agreeable：合意的,,congenial,The exam uses uncongenial in context.：考卷在語境中使用 uncongenial。
W065,6,nongermane,adj.,不相關的,第6題干擾選項。,,,,nongermane in context：在語境中使用 nongermane；learn nongermane：學習「不相關的」,relevance：相關性；topic：主題,irrelevant：不相關的,germane：相關的,The exam uses nongermane in context.：考卷在語境中使用 nongermane。
W066,7,constant,adj.,持續的；不斷的,Constant exposure 指持續暴露。,,,,constant in context：在語境中使用 constant；learn constant：學習「持續的；不斷的」,exam passage：考卷文章；context：語境；review：複習,,,The exam uses constant in context.：考卷在語境中使用 constant。
W067,7,exposure,n.,暴露；接觸,exposure to public figures' flaws。,,,,exposure in context：在語境中使用 exposure；learn exposure：學習「暴露；接觸」,exam passage：考卷文章；context：語境；review：複習,,,The exam uses exposure in context.：考卷在語境中使用 exposure。
W068,7,public figure,n.,公眾人物,題句中 public figures。,,,,public figure in context：在語境中使用 public figure；learn public figure：學習「公眾人物」,exam passage：考卷文章；context：語境；review：複習,,,The exam uses public figure in context.：考卷在語境中使用 public figure。
W069,7,foible,n.,小缺點；怪癖,public figures' foibles and flaws。,,,,foible in context：在語境中使用 foible；learn foible：學習「小缺點；怪癖」,weakness：弱點；flaw：缺點,,,The exam uses foible in context.：考卷在語境中使用 foible。
W070,7,flaw,n.,缺陷；缺點,foibles and flaws。,,,,flaw in context：在語境中使用 flaw；learn flaw：學習「缺陷；缺點」,defect：缺陷；weakness：弱點,,,The exam uses flaw in context.：考卷在語境中使用 flaw。
W071,7,humanizing,adj.,使人性化的,接觸名人缺點會使其更人性化。,,,,humanizing in context：在語境中使用 humanizing；learn humanizing：學習「使人性化的」,exam passage：考卷文章；context：語境；review：複習,,,The exam uses humanizing in context.：考卷在語境中使用 humanizing。
W072,7,sympathetic,adj.,同情的；贊同的,become sympathetic to their plights。,,,,sympathetic in context：在語境中使用 sympathetic；learn sympathetic：學習「同情的；贊同的」,empathy：同理；pity：同情,compassionate：有同情心的,,The exam uses sympathetic in context.：考卷在語境中使用 sympathetic。
W073,7,plight,n.,困境,public figures' plights。,,,,plight in context：在語境中使用 plight；learn plight：學習「困境」,difficulty：困難；trouble：麻煩,predicament：困境,,The exam uses plight in context.：考卷在語境中使用 plight。
W074,7,wary,adj.,謹慎的；警惕的,become wary of their motives。,,,,wary in context：在語境中使用 wary；learn wary：學習「謹慎的；警惕的」,caution：謹慎；suspicion：懷疑,cautious：謹慎的,trusting：輕信的,The exam uses wary in context.：考卷在語境中使用 wary。
W075,7,motive,n.,動機,wary of their motives。,,,,motive in context：在語境中使用 motive；learn motive：學習「動機」,exam passage：考卷文章；context：語境；review：複習,,,The exam uses motive in context.：考卷在語境中使用 motive。
W076,7,disillusioning,adj.,令人幻滅的,接觸缺點讓人幻滅。,,,,disillusioning in context：在語境中使用 disillusioning；learn disillusioning：學習「令人幻滅的」,illusion：幻想；disappointment：失望,disappointing：令人失望的,,The exam uses disillusioning in context.：考卷在語境中使用 disillusioning。
W077,7,humbling,adj.,使謙卑的；令人自覺渺小的,第7題干擾選項。,,,,humbling in context：在語境中使用 humbling；learn humbling：學習「使謙卑的；令人自覺渺小的」,exam passage：考卷文章；context：語境；review：複習,,,The exam uses humbling in context.：考卷在語境中使用 humbling。
W078,7,emboldening,adj.,令人更大膽的,第7題干擾選項。,,,,emboldening in context：在語境中使用 emboldening；learn emboldening：學習「令人更大膽的」,exam passage：考卷文章；context：語境；review：複習,,,The exam uses emboldening in context.：考卷在語境中使用 emboldening。
W079,7,disdaining,adj./v.,輕視的；鄙視,第7題干擾選項。,,,,disdaining in context：在語境中使用 disdaining；learn disdaining：學習「輕視的；鄙視」,exam passage：考卷文章；context：語境；review：複習,,,The exam uses disdaining in context.：考卷在語境中使用 disdaining。
W080,8,manager,n.,經理；管理者,題句中 manager tries to energize people。,,,,manager in context：在語境中使用 manager；learn manager：學習「經理；管理者」,exam passage：考卷文章；context：語境；review：複習,,,The exam uses manager in context.：考卷在語境中使用 manager。
W081,8,energize,v.,激勵；使有活力,energize remaining people。,,energize-energized-energized,energizing,energize in context：在語境中使用 energize；learn energize：學習「激勵；使有活力」,exam passage：考卷文章；context：語境；review：複習,,,The exam uses energize in context.：考卷在語境中使用 energize。
W082,8,remaining,adj.,剩下的；其餘的,remaining people 指剩下的人。,,,,remaining in context：在語境中使用 remaining；learn remaining：學習「剩下的；其餘的」,exam passage：考卷文章；context：語境；review：複習,,,The exam uses remaining in context.：考卷在語境中使用 remaining。
W083,8,top-line growth,n.,營收成長；總收入成長,business phrase，指收入端成長。,,,,top-line growth in context：在語境中使用 top-line growth；learn top-line growth：學習「營收成長；總收入成長」,exam passage：考卷文章；context：語境；review：複習,,,The exam uses top-line growth in context.：考卷在語境中使用 top-line growth。
W084,8,expand,v.,擴展；擴大,expanding the business。,,expand-expanded-expanded,expanding,expand in context：在語境中使用 expand；learn expand：學習「擴展；擴大」,exam passage：考卷文章；context：語境；review：複習,,,The exam uses expand in context.：考卷在語境中使用 expand。
W085,8,opportunity,n.,機會,looking for opportunities。,,,,opportunity in context：在語境中使用 opportunity；learn opportunity：學習「機會」,exam passage：考卷文章；context：語境；review：複習,,,The exam uses opportunity in context.：考卷在語境中使用 opportunity。
W086,8,technology,n.,科技；技術,use technology to leverage work。,,,,technology in context：在語境中使用 technology；learn technology：學習「科技；技術」,exam passage：考卷文章；context：語境；review：複習,,,The exam uses technology in context.：考卷在語境中使用 technology。
W087,8,regulate,v.,規範；調節,第8題干擾選項。,,regulate-regulated-regulated,regulating,regulate in context：在語境中使用 regulate；learn regulate：學習「規範；調節」,rule：規則；policy：政策；system：系統,control：控制,,The exam uses regulate in context.：考卷在語境中使用 regulate。
W088,8,gulp,v./n.,大口吞嚥,第8題干擾選項。,,gulp-gulped-gulped,gulping,gulp in context：在語境中使用 gulp；learn gulp：學習「大口吞嚥」,exam passage：考卷文章；context：語境；review：複習,,,The exam uses gulp in context.：考卷在語境中使用 gulp。
W089,8,leverage,v./n.,利用；發揮槓桿作用,use technology to leverage the work。,,leverage-leveraged-leveraged,leveraging,leverage in context：在語境中使用 leverage；learn leverage：學習「利用；發揮槓桿作用」,technology：科技；work：工作,utilize：利用,,The exam uses leverage in context.：考卷在語境中使用 leverage。
W090,8,retrocede,v.,退回；讓與,第8題干擾選項。,,retrocede-retroceded-retroceded,retroceding,retrocede in context：在語境中使用 retrocede；learn retrocede：學習「退回；讓與」,exam passage：考卷文章；context：語境；review：複習,,,The exam uses retrocede in context.：考卷在語境中使用 retrocede。
W091,9,provider,n.,供應商；提供者,software provider。,,,,provider in context：在語境中使用 provider；learn provider：學習「供應商；提供者」,exam passage：考卷文章；context：語境；review：複習,,,The exam uses provider in context.：考卷在語境中使用 provider。
W092,9,business application software,n.,商業應用軟體,Oracle 是商業應用軟體供應商。,,,,business application software in context：在語境中使用 business application software；learn business application software：學習「商業應用軟體」,exam passage：考卷文章；context：語境；review：複習,,,The exam uses business application software in context.：考卷在語境中使用 business application software。
W093,9,major,adj.,主要的；重大的,another major provider。,,,,major in context：在語境中使用 major；learn major：學習「主要的；重大的」,exam passage：考卷文章；context：語境；review：複習,,,The exam uses major in context.：考卷在語境中使用 major。
W094,9,engrail,v.,使邊緣成鋸齒狀,第9題罕見干擾選項。,,engrail-engrailed-engrailed,engrailing,engrail in context：在語境中使用 engrail；learn engrail：學習「使邊緣成鋸齒狀」,exam passage：考卷文章；context：語境；review：複習,,,The exam uses engrail in context.：考卷在語境中使用 engrail。
W095,9,denigrate,v.,貶低；詆毀,第9題干擾選項。,,denigrate-denigrated-denigrated,denigrating,denigrate in context：在語境中使用 denigrate；learn denigrate：學習「貶低；詆毀」,criticism：批評；reputation：名聲,belittle：貶低,praise：讚揚,The exam uses denigrate in context.：考卷在語境中使用 denigrate。
W096,9,inhale,v.,吸入,第9題干擾選項。,,inhale-inhaled-inhaled,inhaling,inhale in context：在語境中使用 inhale；learn inhale：學習「吸入」,exam passage：考卷文章；context：語境；review：複習,,,The exam uses inhale in context.：考卷在語境中使用 inhale。
W097,9,swallow,v.,吞下；併吞；相信,商業脈絡中 swallowed 指併吞公司。,,swallow-swallowed-swallowed,swallowing,swallow in context：在語境中使用 swallow；learn swallow：學習「吞下；併吞；相信」,merger：合併；company：公司,absorb：吸收；acquire：收購,,The exam uses swallow in context.：考卷在語境中使用 swallow。
W098,10,business letter,n.,商業信件,題句主題是好的商業信件。,,,,business letter in context：在語境中使用 business letter；learn business letter：學習「商業信件」,exam passage：考卷文章；context：語境；review：複習,,,The exam uses business letter in context.：考卷在語境中使用 business letter。
W099,10,straightforward,adj.,直接清楚的,business letter should be straightforward。,,,,straightforward in context：在語境中使用 straightforward；learn straightforward：學習「直接清楚的」,clear：清楚；simple：簡單,direct：直接的,complicated：複雜的,The exam uses straightforward in context.：考卷在語境中使用 straightforward。
W100,10,simplistic,adj.,過度簡化的,without being simplistic 指不要過度簡化。,,,,simplistic in context：在語境中使用 simplistic；learn simplistic：學習「過度簡化的」,simple：簡單；argument：論點,oversimplified：過度簡化的,,The exam uses simplistic in context.：考卷在語境中使用 simplistic。
W101,10,patronizing,adj.,擺出高人一等的；屈尊俯就的,business letter 不應給人高高在上的感覺。,,,,patronizing in context：在語境中使用 patronizing；learn patronizing：學習「擺出高人一等的；屈尊俯就的」,tone：語氣；attitude：態度,condescending：屈尊的,respectful：尊重的,The exam uses patronizing in context.：考卷在語境中使用 patronizing。
W102,10,palpable,adj.,明顯的；可觸知的,第10題干擾選項。,,,,palpable in context：在語境中使用 palpable；learn palpable：學習「明顯的；可觸知的」,obvious：明顯；feeling：感覺,tangible：可觸知的,,The exam uses palpable in context.：考卷在語境中使用 palpable。
W103,10,panoptic,adj.,全景的；全監控的,第10題干擾選項。,,,,panoptic in context：在語境中使用 panoptic；learn panoptic：學習「全景的；全監控的」,exam passage：考卷文章；context：語境；review：複習,,,The exam uses panoptic in context.：考卷在語境中使用 panoptic。
W104,10,panoramic,adj.,全景的,第10題干擾選項。,,,,panoramic in context：在語境中使用 panoramic；learn panoramic：學習「全景的」,exam passage：考卷文章；context：語境；review：複習,,,The exam uses panoramic in context.：考卷在語境中使用 panoramic。
W105,11,historian,n.,歷史學家,文法題中 according to some historians。,,,,historian in context：在語境中使用 historian；learn historian：學習「歷史學家」,exam passage：考卷文章；context：語境；review：複習,,,The exam uses historian in context.：考卷在語境中使用 historian。
W106,11,invade,v.,入侵；侵略,Napoleon had not invaded Russia。,,invade-invaded-invaded,invading,invade in context：在語境中使用 invade；learn invade：學習「入侵；侵略」,exam passage：考卷文章；context：語境；review：複習,,,The exam uses invade in context.：考卷在語境中使用 invade。
W107,11,conquer,v.,征服,would have conquered the rest of Europe。,,conquer-conquered-conquered,conquering,conquer in context：在語境中使用 conquer；learn conquer：學習「征服」,exam passage：考卷文章；context：語境；review：複習,,,The exam uses conquer in context.：考卷在語境中使用 conquer。
W108,12,amniocentesis,n.,羊膜穿刺術,醫學檢查，可診斷胎兒疾病。,,,,amniocentesis in context：在語境中使用 amniocentesis；learn amniocentesis：學習「羊膜穿刺術」,exam passage：考卷文章；context：語境；review：複習,,,The exam uses amniocentesis in context.：考卷在語境中使用 amniocentesis。
W109,12,diagnose,v.,診斷,diagnose fetal disorders。,,diagnose-diagnosed-diagnosed,diagnosing,diagnose in context：在語境中使用 diagnose；learn diagnose：學習「診斷」,exam passage：考卷文章；context：語境；review：複習,,,The exam uses diagnose in context.：考卷在語境中使用 diagnose。
W110,12,fetal,adj.,胎兒的,fetal disorders。,,,,fetal in context：在語境中使用 fetal；learn fetal：學習「胎兒的」,exam passage：考卷文章；context：語境；review：複習,,,The exam uses fetal in context.：考卷在語境中使用 fetal。
W111,12,disorder,n.,疾病；失調,fetal disorders。,,,,disorder in context：在語境中使用 disorder；learn disorder：學習「疾病；失調」,exam passage：考卷文章；context：語境；review：複習,,,The exam uses disorder in context.：考卷在語境中使用 disorder。
W112,12,unborn,adj.,未出生的,unborn child。,,,,unborn in context：在語境中使用 unborn；learn unborn：學習「未出生的」,exam passage：考卷文章；context：語境；review：複習,,,The exam uses unborn in context.：考卷在語境中使用 unborn。
W113,12,accuracy,n.,準確性,with 95 percent accuracy。,,,,accuracy in context：在語境中使用 accuracy；learn accuracy：學習「準確性」,exam passage：考卷文章；context：語境；review：複習,,,The exam uses accuracy in context.：考卷在語境中使用 accuracy。
W114,13,heat,v./n.,加熱；熱,water is heated。,,heat-heated-heated,heating,heat in context：在語境中使用 heat；learn heat：學習「加熱；熱」,exam passage：考卷文章；context：語境；review：複習,,,The exam uses heat in context.：考卷在語境中使用 heat。
W115,13,boil,v.,沸騰,water boils at 212 degrees F。,,boil-boiled-boiled,boiling,boil in context：在語境中使用 boil；learn boil：學習「沸騰」,exam passage：考卷文章；context：語境；review：複習,,,The exam uses boil in context.：考卷在語境中使用 boil。
W116,13,escape,v.,逸出；逃脫,steam escapes。,,escape-escaped-escaped,escaping,escape in context：在語境中使用 escape；learn escape：學習「逸出；逃脫」,exam passage：考卷文章；context：語境；review：複習,,,The exam uses escape in context.：考卷在語境中使用 escape。
W117,13,steam,n.,蒸汽,water escapes as steam。,,,,steam in context：在語境中使用 steam；learn steam：學習「蒸汽」,exam passage：考卷文章；context：語境；review：複習,,,The exam uses steam in context.：考卷在語境中使用 steam。
W118,14,outbreak,n.,爆發；發生,outbreaks of disease。,,,,outbreak in context：在語境中使用 outbreak；learn outbreak：學習「爆發；發生」,exam passage：考卷文章；context：語境；review：複習,,,The exam uses outbreak in context.：考卷在語境中使用 outbreak。
W119,14,disease,n.,疾病,outbreaks of disease。,,,,disease in context：在語境中使用 disease；learn disease：學習「疾病」,exam passage：考卷文章；context：語境；review：複習,,,The exam uses disease in context.：考卷在語境中使用 disease。
W120,14,syndrome,n.,症候群,legionnaire's syndrome。,,,,syndrome in context：在語境中使用 syndrome；learn syndrome：學習「症候群」,exam passage：考卷文章；context：語境；review：複習,,,The exam uses syndrome in context.：考卷在語境中使用 syndrome。
W121,14,cause,n./v.,原因；造成,doctors don't know what the cause is。,,,,cause in context：在語境中使用 cause；learn cause：學習「原因；造成」,exam passage：考卷文章；context：語境；review：複習,,,The exam uses cause in context.：考卷在語境中使用 cause。
W122,15,suspension bridge,n.,吊橋,文法題中 In a suspension bridge。,,,,suspension bridge in context：在語境中使用 suspension bridge；learn suspension bridge：學習「吊橋」,exam passage：考卷文章；context：語境；review：複習,,,The exam uses suspension bridge in context.：考卷在語境中使用 suspension bridge。
W123,15,tower,n.,塔,two towers carry cables。,,,,tower in context：在語境中使用 tower；learn tower：學習「塔」,exam passage：考卷文章；context：語境；review：複習,,,The exam uses tower in context.：考卷在語境中使用 tower。
W124,15,flexible,adj.,有彈性的；可彎曲的,flexible cables。,,,,flexible in context：在語境中使用 flexible；learn flexible：學習「有彈性的；可彎曲的」,exam passage：考卷文章；context：語境；review：複習,,,The exam uses flexible in context.：考卷在語境中使用 flexible。
W125,15,cable,n.,纜線；電纜,flexible cables attached at each end。,,,,cable in context：在語境中使用 cable；learn cable：學習「纜線；電纜」,exam passage：考卷文章；context：語境；review：複習,,,The exam uses cable in context.：考卷在語境中使用 cable。
W126,15,firmly,adv.,牢固地,firmly attached。,,,,firmly in context：在語境中使用 firmly；learn firmly：學習「牢固地」,exam passage：考卷文章；context：語境；review：複習,,,The exam uses firmly in context.：考卷在語境中使用 firmly。
W127,15,attach,v.,附上；固定,cables attached at each end。,,attach-attached-attached,attaching,attach in context：在語境中使用 attach；learn attach：學習「附上；固定」,exam passage：考卷文章；context：語境；review：複習,,,The exam uses attach in context.：考卷在語境中使用 attach。
W128,16,inquiry,n.,調查；詢問,Inquiries are held。,,,,inquiry in context：在語境中使用 inquiry；learn inquiry：學習「調查；詢問」,exam passage：考卷文章；context：語境；review：複習,,,The exam uses inquiry in context.：考卷在語境中使用 inquiry。
W129,16,procedure,n.,程序,procedure could be speeded up。,,,,procedure in context：在語境中使用 procedure；learn procedure：學習「程序」,exam passage：考卷文章；context：語境；review：複習,,,The exam uses procedure in context.：考卷在語境中使用 procedure。
W130,16,speed up,phr. v.,加快,wish the procedure could be speeded up。,,,,speed up in context：在語境中使用 speed up；learn speed up：學習「加快」,exam passage：考卷文章；context：語境；review：複習,,,The exam uses speed up in context.：考卷在語境中使用 speed up。
W131,17,director,n.,導演；主管,The director made use of technology。,,,,director in context：在語境中使用 director；learn director：學習「導演；主管」,exam passage：考卷文章；context：語境；review：複習,,,The exam uses director in context.：考卷在語境中使用 director。
W132,17,make use of,phr.,利用；使用,made use of latest technology。,,,,make use of in context：在語境中使用 make use of；learn make use of：學習「利用；使用」,exam passage：考卷文章；context：語境；review：複習,,,The exam uses make use of in context.：考卷在語境中使用 make use of。
W133,17,eventually,adv.,最後；終於,eventually took critics by storm。,,,,eventually in context：在語境中使用 eventually；learn eventually：學習「最後；終於」,exam passage：考卷文章；context：語境；review：複習,,,The exam uses eventually in context.：考卷在語境中使用 eventually。
W134,17,critic,n.,評論家；批評者,critics and audience。,,,,critic in context：在語境中使用 critic；learn critic：學習「評論家；批評者」,exam passage：考卷文章；context：語境；review：複習,,,The exam uses critic in context.：考卷在語境中使用 critic。
W135,17,audience,n.,觀眾,critics and audience。,,,,audience in context：在語境中使用 audience；learn audience：學習「觀眾」,exam passage：考卷文章；context：語境；review：複習,,,The exam uses audience in context.：考卷在語境中使用 audience。
W136,17,take by storm,phr.,使大為轟動；征服,took critics and audience by storm。,,,,take by storm in context：在語境中使用 take by storm；learn take by storm：學習「使大為轟動；征服」,exam passage：考卷文章；context：語境；review：複習,,,The exam uses take by storm in context.：考卷在語境中使用 take by storm。
W137,17,charisma,n.,魅力；領袖氣質,第17題干擾選項。,,,,charisma in context：在語境中使用 charisma；learn charisma：學習「魅力；領袖氣質」,exam passage：考卷文章；context：語境；review：複習,,,The exam uses charisma in context.：考卷在語境中使用 charisma。
W138,17,anatomy,n.,解剖學；結構,第17題干擾選項。,,,,anatomy in context：在語境中使用 anatomy；learn anatomy：學習「解剖學；結構」,exam passage：考卷文章；context：語境；review：複習,,,The exam uses anatomy in context.：考卷在語境中使用 anatomy。
W139,18,traditional,adj.,傳統的,traditional realm of business。,,,,traditional in context：在語境中使用 traditional；learn traditional：學習「傳統的」,exam passage：考卷文章；context：語境；review：複習,,,The exam uses traditional in context.：考卷在語境中使用 traditional。
W140,18,realm,n.,領域；範圍,realm of business。,,,,realm in context：在語境中使用 realm；learn realm：學習「領域；範圍」,exam passage：考卷文章；context：語境；review：複習,,,The exam uses realm in context.：考卷在語境中使用 realm。
W141,18,retail store,n.,零售店,open a retail store first。,,,,retail store in context：在語境中使用 retail store；learn retail store：學習「零售店」,exam passage：考卷文章；context：語境；review：複習,,,The exam uses retail store in context.：考卷在語境中使用 retail store。
W142,18,launch,v.,推出；發起,launch a website。,,launch-launched-launched,launching,launch in context：在語境中使用 launch；learn launch：學習「推出；發起」,exam passage：考卷文章；context：語境；review：複習,,,The exam uses launch in context.：考卷在語境中使用 launch。
W143,18,website,n.,網站,launch a website。,,,,website in context：在語境中使用 website；learn website：學習「網站」,exam passage：考卷文章；context：語境；review：複習,,,The exam uses website in context.：考卷在語境中使用 website。
W144,18,dotcom,n./adj.,網路公司；網路的,dotcom revolution。,,,,dotcom in context：在語境中使用 dotcom；learn dotcom：學習「網路公司；網路的」,exam passage：考卷文章；context：語境；review：複習,,,The exam uses dotcom in context.：考卷在語境中使用 dotcom。
W145,18,revolution,n.,革命；重大變革,dotcom revolution。,,,,revolution in context：在語境中使用 revolution；learn revolution：學習「革命；重大變革」,exam passage：考卷文章；context：語境；review：複習,,,The exam uses revolution in context.：考卷在語境中使用 revolution。
W146,18,survive,v.,存活；撐過,surviving dotcoms。,,survive-survived-survived,surviving,survive in context：在語境中使用 survive；learn survive：學習「存活；撐過」,exam passage：考卷文章；context：語境；review：複習,,,The exam uses survive in context.：考卷在語境中使用 survive。
W147,18,skip,v.,跳過,skipped the first step。,,skip-skiped-skiped,skiping,skip in context：在語境中使用 skip；learn skip：學習「跳過」,exam passage：考卷文章；context：語境；review：複習,,,The exam uses skip in context.：考卷在語境中使用 skip。
W148,18,benefit,n./v.,好處；受益,realizing the benefits。,,,,benefit in context：在語境中使用 benefit；learn benefit：學習「好處；受益」,exam passage：考卷文章；context：語境；review：複習,,,The exam uses benefit in context.：考卷在語境中使用 benefit。
W149,18,brick-and-mortar,adj.,實體店面的,brick-and-mortar location。,,,,brick-and-mortar in context：在語境中使用 brick-and-mortar；learn brick-and-mortar：學習「實體店面的」,exam passage：考卷文章；context：語境；review：複習,,,The exam uses brick-and-mortar in context.：考卷在語境中使用 brick-and-mortar。
W150,18,location,n.,地點；店址,opening a location。,,,,location in context：在語境中使用 location；learn location：學習「地點；店址」,exam passage：考卷文章；context：語境；review：複習,,,The exam uses location in context.：考卷在語境中使用 location。
W151,19,chance,n.,機會,the chance of seeing scenery。,,,,chance in context：在語境中使用 chance；learn chance：學習「機會」,exam passage：考卷文章；context：語境；review：複習,,,The exam uses chance in context.：考卷在語境中使用 chance。
W152,19,scenery,n.,風景,beautiful scenery in Barcelona。,,,,scenery in context：在語境中使用 scenery；learn scenery：學習「風景」,exam passage：考卷文章；context：語境；review：複習,,,The exam uses scenery in context.：考卷在語境中使用 scenery。
W153,19,agree,v.,同意,agreed to go on the trip。,,agree-agreed-agreed,agreing,agree in context：在語境中使用 agree；learn agree：學習「同意」,exam passage：考卷文章；context：語境；review：複習,,,The exam uses agree in context.：考卷在語境中使用 agree。
W154,19,pass up,phr. v.,放棄；錯過,didn't want to pass up the chance。,,,,pass up in context：在語境中使用 pass up；learn pass up：學習「放棄；錯過」,exam passage：考卷文章；context：語境；review：複習,,,The exam uses pass up in context.：考卷在語境中使用 pass up。
W155,19,draw up,phr. v.,起草；停下,第19題干擾選項。,,,,draw up in context：在語境中使用 draw up；learn draw up：學習「起草；停下」,exam passage：考卷文章；context：語境；review：複習,,,The exam uses draw up in context.：考卷在語境中使用 draw up。
W156,19,take up,phr. v.,開始從事；占用,第19題干擾選項。,,,,take up in context：在語境中使用 take up；learn take up：學習「開始從事；占用」,exam passage：考卷文章；context：語境；review：複習,,,The exam uses take up in context.：考卷在語境中使用 take up。
W157,19,set up,phr. v.,設立；安排,第19題干擾選項。,,,,set up in context：在語境中使用 set up；learn set up：學習「設立；安排」,exam passage：考卷文章；context：語境；review：複習,,,The exam uses set up in context.：考卷在語境中使用 set up。
W158,20,application,n.,申請；應用程式,My application was held up。,,,,application in context：在語境中使用 application；learn application：學習「申請；應用程式」,exam passage：考卷文章；context：語境；review：複習,,,The exam uses application in context.：考卷在語境中使用 application。
W159,20,postal,adj.,郵政的,postal strike。,,,,postal in context：在語境中使用 postal；learn postal：學習「郵政的」,exam passage：考卷文章；context：語境；review：複習,,,The exam uses postal in context.：考卷在語境中使用 postal。
W160,20,strike,n./v.,罷工；打擊,postal strike。,,,,strike in context：在語境中使用 strike；learn strike：學習「罷工；打擊」,exam passage：考卷文章；context：語境；review：複習,,,The exam uses strike in context.：考卷在語境中使用 strike。
W161,20,hold up,phr. v.,延誤；支撐；搶劫,application was held up by the strike。,,,,hold up in context：在語境中使用 hold up；learn hold up：學習「延誤；支撐；搶劫」,exam passage：考卷文章；context：語境；review：複習,,,The exam uses hold up in context.：考卷在語境中使用 hold up。
W162,21-25,Gen Z,n.,Z 世代,文章討論 Gen Z employees。,,,,Gen Z in context：在語境中使用 Gen Z；learn Gen Z：學習「Z 世代」,exam passage：考卷文章；context：語境；review：複習,,,The exam uses Gen Z in context.：考卷在語境中使用 Gen Z。
W163,21-25,employee,n.,員工,Gen Z employees。,,,,employee in context：在語境中使用 employee；learn employee：學習「員工」,exam passage：考卷文章；context：語境；review：複習,,,The exam uses employee in context.：考卷在語境中使用 employee。
W164,21-25,thrive,v.,蓬勃發展；適應良好,Gen Z employees are thriving。,,thrive-thrived-thrived,thriving,thrive in context：在語境中使用 thrive；learn thrive：學習「蓬勃發展；適應良好」,exam passage：考卷文章；context：語境；review：複習,,,The exam uses thrive in context.：考卷在語境中使用 thrive。
W165,21-25,workforce,n.,勞動力；職場人口,entered the workforce。,,,,workforce in context：在語境中使用 workforce；learn workforce：學習「勞動力；職場人口」,exam passage：考卷文章；context：語境；review：複習,,,The exam uses workforce in context.：考卷在語境中使用 workforce。
W166,21-25,flexibility,n.,彈性,workplace flexibility is commonplace。,,,,flexibility in context：在語境中使用 flexibility；learn flexibility：學習「彈性」,exam passage：考卷文章；context：語境；review：複習,,,The exam uses flexibility in context.：考卷在語境中使用 flexibility。
W167,21-25,commonplace,adj./n.,普遍的；常見的,flexibility is commonplace。,,,,commonplace in context：在語境中使用 commonplace；learn commonplace：學習「普遍的；常見的」,exam passage：考卷文章；context：語境；review：複習,,,The exam uses commonplace in context.：考卷在語境中使用 commonplace。
W168,21-25,digital,adj.,數位的,digital communication。,,,,digital in context：在語境中使用 digital；learn digital：學習「數位的」,exam passage：考卷文章；context：語境；review：複習,,,The exam uses digital in context.：考卷在語境中使用 digital。
W169,21-25,communication,n.,溝通,digital communication。,,,,communication in context：在語境中使用 communication；learn communication：學習「溝通」,exam passage：考卷文章；context：語境；review：複習,,,The exam uses communication in context.：考卷在語境中使用 communication。
W170,21-25,however,adv.,然而,轉折副詞。,,,,however in context：在語境中使用 however；learn however：學習「然而」,exam passage：考卷文章；context：語境；review：複習,,,The exam uses however in context.：考卷在語境中使用 however。
W171,21-25,expert,n.,專家,some experts are concerned。,,,,expert in context：在語境中使用 expert；learn expert：學習「專家」,exam passage：考卷文章；context：語境；review：複習,,,The exam uses expert in context.：考卷在語境中使用 expert。
W172,21-25,concerned,adj.,擔心的；關切的,experts are concerned。,,,,concerned in context：在語境中使用 concerned；learn concerned：學習「擔心的；關切的」,exam passage：考卷文章；context：語境；review：複習,,,The exam uses concerned in context.：考卷在語境中使用 concerned。
W173,21-25,remote,adj.,遠端的,remote work arrangements。,,,,remote in context：在語境中使用 remote；learn remote：學習「遠端的」,exam passage：考卷文章；context：語境；review：複習,,,The exam uses remote in context.：考卷在語境中使用 remote。
W174,21-25,hybrid,adj.,混合的,hybrid work arrangements。,,,,hybrid in context：在語境中使用 hybrid；learn hybrid：學習「混合的」,exam passage：考卷文章；context：語境；review：複習,,,The exam uses hybrid in context.：考卷在語境中使用 hybrid。
W175,21-25,arrangement,n.,安排；配置,work arrangements。,,,,arrangement in context：在語境中使用 arrangement；learn arrangement：學習「安排；配置」,exam passage：考卷文章；context：語境；review：複習,,,The exam uses arrangement in context.：考卷在語境中使用 arrangement。
W176,21-25,early-career,adj.,職涯早期的,early-career workers。,,,,early-career in context：在語境中使用 early-career；learn early-career：學習「職涯早期的」,exam passage：考卷文章；context：語境；review：複習,,,The exam uses early-career in context.：考卷在語境中使用 early-career。
W177,21-25,revolve around,phr. v.,圍繞；以……為中心,worries revolve around absence。,,,,revolve around in context：在語境中使用 revolve around；learn revolve around：學習「圍繞；以……為中心」,exam passage：考卷文章；context：語境；review：複習,,,The exam uses revolve around in context.：考卷在語境中使用 revolve around。
W178,21-25,absence,n.,缺乏；缺席,absence of workplace intangibles。,,,,absence in context：在語境中使用 absence；learn absence：學習「缺乏；缺席」,exam passage：考卷文章；context：語境；review：複習,,,The exam uses absence in context.：考卷在語境中使用 absence。
W179,21-25,workplace,n.,職場,workplace intangibles。,,,,workplace in context：在語境中使用 workplace；learn workplace：學習「職場」,exam passage：考卷文章；context：語境；review：複習,,,The exam uses workplace in context.：考卷在語境中使用 workplace。
W180,21-25,casual,adj.,隨意的；非正式的,casual conversations。,,,,casual in context：在語境中使用 casual；learn casual：學習「隨意的；非正式的」,exam passage：考卷文章；context：語境；review：複習,,,The exam uses casual in context.：考卷在語境中使用 casual。
W181,21-25,informal,adj.,非正式的,informal observations。,,,,informal in context：在語境中使用 informal；learn informal：學習「非正式的」,exam passage：考卷文章；context：語境；review：複習,,,The exam uses informal in context.：考卷在語境中使用 informal。
W182,21-25,observation,n.,觀察,informal observations。,,,,observation in context：在語境中使用 observation；learn observation：學習「觀察」,exam passage：考卷文章；context：語境；review：複習,,,The exam uses observation in context.：考卷在語境中使用 observation。
W183,21-25,traditionally,adv.,傳統上,traditionally teach young employees。,,,,traditionally in context：在語境中使用 traditionally；learn traditionally：學習「傳統上」,exam passage：考卷文章；context：語境；review：複習,,,The exam uses traditionally in context.：考卷在語境中使用 traditionally。
W184,21-25,amid,prep.,在……之中,Amid virtual settings。,,,,amid in context：在語境中使用 amid；learn amid：學習「在……之中」,exam passage：考卷文章；context：語境；review：複習,,,The exam uses amid in context.：考卷在語境中使用 amid。
W185,21-25,virtual,adj.,虛擬的,virtual settings。,,,,virtual in context：在語境中使用 virtual；learn virtual：學習「虛擬的」,exam passage：考卷文章；context：語境；review：複習,,,The exam uses virtual in context.：考卷在語境中使用 virtual。
W186,21-25,entry-level,adj.,初階的；入門的,entry-level workers。,,,,entry-level in context：在語境中使用 entry-level；learn entry-level：學習「初階的；入門的」,exam passage：考卷文章；context：語境；review：複習,,,The exam uses entry-level in context.：考卷在語境中使用 entry-level。
W187,21-25,miss out on,phr. v.,錯過,workers are missing out on cues。,,,,miss out on in context：在語境中使用 miss out on；learn miss out on：學習「錯過」,exam passage：考卷文章；context：語境；review：複習,,,The exam uses miss out on in context.：考卷在語境中使用 miss out on。
W188,21-25,pick up,phr. v.,學會；撿起；接收,picking up vital cues。,,,,pick up in context：在語境中使用 pick up；learn pick up：學習「學會；撿起；接收」,exam passage：考卷文章；context：語境；review：複習,,,The exam uses pick up in context.：考卷在語境中使用 pick up。
W189,21-25,vital,adj.,重要的；攸關生命的,vital cues。,,,,vital in context：在語境中使用 vital；learn vital：學習「重要的；攸關生命的」,exam passage：考卷文章；context：語境；review：複習,,,The exam uses vital in context.：考卷在語境中使用 vital。
W190,21-25,cue,n.,線索；提示,cues guide behavior。,,,,cue in context：在語境中使用 cue；learn cue：學習「線索；提示」,exam passage：考卷文章；context：語境；review：複習,,,The exam uses cue in context.：考卷在語境中使用 cue。
W191,21-25,behavior,n.,行為,guide behavior。,,,,behavior in context：在語境中使用 behavior；learn behavior：學習「行為」,exam passage：考卷文章；context：語境；review：複習,,,The exam uses behavior in context.：考卷在語境中使用 behavior。
W192,21-25,collaboration,n.,合作,guide collaboration。,,,,collaboration in context：在語境中使用 collaboration；learn collaboration：學習「合作」,exam passage：考卷文章；context：語境；review：複習,,,The exam uses collaboration in context.：考卷在語境中使用 collaboration。
W193,21-25,networking,n.,建立人脈,guide networking。,,,,networking in context：在語境中使用 networking；learn networking：學習「建立人脈」,exam passage：考卷文章；context：語境；review：複習,,,The exam uses networking in context.：考卷在語境中使用 networking。
W194,21-25,norm,n.,規範；常態,understanding norms。,,,,norm in context：在語境中使用 norm；learn norm：學習「規範；常態」,exam passage：考卷文章；context：語境；review：複習,,,The exam uses norm in context.：考卷在語境中使用 norm。
W195,21-25,value,n.,價值觀；價值,understanding values。,,,,value in context：在語境中使用 value；learn value：學習「價值觀；價值」,exam passage：考卷文章；context：語境；review：複習,,,The exam uses value in context.：考卷在語境中使用 value。
W196,21-25,etiquette,n.,禮儀；規矩,understanding etiquette。,,,,etiquette in context：在語境中使用 etiquette；learn etiquette：學習「禮儀；規矩」,exam passage：考卷文章；context：語境；review：複習,,,The exam uses etiquette in context.：考卷在語境中使用 etiquette。
W197,21-25,out of bounds,phr.,越界的；不可接觸的,Are some people out of bounds?,,,,out of bounds in context：在語境中使用 out of bounds；learn out of bounds：學習「越界的；不可接觸的」,exam passage：考卷文章；context：語境；review：複習,,,The exam uses out of bounds in context.：考卷在語境中使用 out of bounds。
W198,21-25,promptly,adv.,迅速地；立刻,questions were promptly answered。,,,,promptly in context：在語境中使用 promptly；learn promptly：學習「迅速地；立刻」,exam passage：考卷文章；context：語境；review：複習,,,The exam uses promptly in context.：考卷在語境中使用 promptly。
W199,21-25,face-to-face,adj./adv.,面對面的,face-to-face settings。,,,,face-to-face in context：在語境中使用 face-to-face；learn face-to-face：學習「面對面的」,exam passage：考卷文章；context：語境；review：複習,,,The exam uses face-to-face in context.：考卷在語境中使用 face-to-face。
W200,21-25,setting,n.,環境；場合,face-to-face settings。,,,,setting in context：在語境中使用 setting；learn setting：學習「環境；場合」,exam passage：考卷文章；context：語境；review：複習,,,The exam uses setting in context.：考卷在語境中使用 setting。
W201,21-25,desk drop-by,n.,到座位旁順道拜訪,workplace informal learning example。,,,,desk drop-by in context：在語境中使用 desk drop-by；learn desk drop-by：學習「到座位旁順道拜訪」,exam passage：考卷文章；context：語境；review：複習,,,The exam uses desk drop-by in context.：考卷在語境中使用 desk drop-by。
W202,21-25,social comparison,n.,社會比較,Social comparison is harder remotely。,,,,social comparison in context：在語境中使用 social comparison；learn social comparison：學習「社會比較」,exam passage：考卷文章；context：語境；review：複習,,,The exam uses social comparison in context.：考卷在語境中使用 social comparison。
W203,21-25,environment,n.,環境,remote or hybrid environment。,,,,environment in context：在語境中使用 environment；learn environment：學習「環境」,exam passage：考卷文章；context：語境；review：複習,,,The exam uses environment in context.：考卷在語境中使用 environment。
W204,21-25,horrendous,adj.,可怕的；糟糕的,第21題干擾選項。,,,,horrendous in context：在語境中使用 horrendous；learn horrendous：學習「可怕的；糟糕的」,exam passage：考卷文章；context：語境；review：複習,,,The exam uses horrendous in context.：考卷在語境中使用 horrendous。
W205,21-25,ubiquitous,adj.,無所不在的；普遍的,digital communication is ubiquitous。,,,,ubiquitous in context：在語境中使用 ubiquitous；learn ubiquitous：學習「無所不在的；普遍的」,commonplace：普遍；digital：數位,widespread：普遍的,rare：罕見的,The exam uses ubiquitous in context.：考卷在語境中使用 ubiquitous。
W206,21-25,filterable,adj.,可過濾的,第21題干擾選項。,,,,filterable in context：在語境中使用 filterable；learn filterable：學習「可過濾的」,exam passage：考卷文章；context：語境；review：複習,,,The exam uses filterable in context.：考卷在語境中使用 filterable。
W207,21-25,retrospective,adj./n.,回顧的；回顧展,第21題干擾選項。,,,,retrospective in context：在語境中使用 retrospective；learn retrospective：學習「回顧的；回顧展」,exam passage：考卷文章；context：語境；review：複習,,,The exam uses retrospective in context.：考卷在語境中使用 retrospective。
W208,21-25,inconsequently,adv.,不合邏輯地；不連貫地,第22題干擾選項。,,,,inconsequently in context：在語境中使用 inconsequently；learn inconsequently：學習「不合邏輯地；不連貫地」,exam passage：考卷文章；context：語境；review：複習,,,The exam uses inconsequently in context.：考卷在語境中使用 inconsequently。
W209,21-25,intangible,n./adj.,無形事物；無形的,workplace intangibles 指職場中難以明說的無形學習。,,,,intangible in context：在語境中使用 intangible；learn intangible：學習「無形事物；無形的」,norm：規範；cue：線索,abstract：抽象的,tangible：有形的,The exam uses intangible in context.：考卷在語境中使用 intangible。
W210,21-25,insufferable,adj./n.,令人無法忍受的,第23題干擾選項。,,,,insufferable in context：在語境中使用 insufferable；learn insufferable：學習「令人無法忍受的」,exam passage：考卷文章；context：語境；review：複習,,,The exam uses insufferable in context.：考卷在語境中使用 insufferable。
W211,21-25,sufferable,adj.,可忍受的,字首反義詞補充列；去除字首 in-，形成反義詞。,去除字首 in-，形成反義詞。,,,sufferable in context：在語境中使用 sufferable；learn sufferable：學習「可忍受的」,exam passage：考卷文章；context：語境；review：複習,,insufferable,The exam uses sufferable in context.：考卷在語境中使用 sufferable。
W212,21-25,insusceptible,adj.,不易受影響的,第23題干擾選項。,,,,insusceptible in context：在語境中使用 insusceptible；learn insusceptible：學習「不易受影響的」,exam passage：考卷文章；context：語境；review：複習,,,The exam uses insusceptible in context.：考卷在語境中使用 insusceptible。
W213,21-25,susceptible,adj.,易受影響的；易感染的,字首反義詞補充列；去除字首 in-，形成反義詞。,去除字首 in-，形成反義詞。,,,susceptible in context：在語境中使用 susceptible；learn susceptible：學習「易受影響的；易感染的」,exam passage：考卷文章；context：語境；review：複習,,insusceptible,The exam uses susceptible in context.：考卷在語境中使用 susceptible。
W214,21-25,insatiable,adj.,無法滿足的；貪得無厭的,第23題干擾選項。,,,,insatiable in context：在語境中使用 insatiable；learn insatiable：學習「無法滿足的；貪得無厭的」,exam passage：考卷文章；context：語境；review：複習,,,The exam uses insatiable in context.：考卷在語境中使用 insatiable。
W215,21-25,satiable,adj.,可滿足的,字首反義詞補充列；去除字首 in-，形成反義詞。,去除字首 in-，形成反義詞。,,,satiable in context：在語境中使用 satiable；learn satiable：學習「可滿足的」,exam passage：考卷文章；context：語境；review：複習,,insatiable,The exam uses satiable in context.：考卷在語境中使用 satiable。
W216,26-30,hyperreality,n.,超真實；擬真超越現實,文章主題，指現實與模擬難以區分。,,,,hyperreality in context：在語境中使用 hyperreality；learn hyperreality：學習「超真實；擬真超越現實」,exam passage：考卷文章；context：語境；review：複習,,,The exam uses hyperreality in context.：考卷在語境中使用 hyperreality。
W217,26-30,semiotics,n.,符號學,hyperreality in semiotics。,,,,semiotics in context：在語境中使用 semiotics；learn semiotics：學習「符號學」,exam passage：考卷文章；context：語境；review：複習,,,The exam uses semiotics in context.：考卷在語境中使用 semiotics。
W218,26-30,postmodernism,n.,後現代主義,hyperreality in postmodernism。,,,,postmodernism in context：在語境中使用 postmodernism；learn postmodernism：學習「後現代主義」,exam passage：考卷文章；context：語境；review：複習,,,The exam uses postmodernism in context.：考卷在語境中使用 postmodernism。
W219,26-30,inability,n.,無能力；不能,inability of consciousness to distinguish。,,,,inability in context：在語境中使用 inability；learn inability：學習「無能力；不能」,exam passage：考卷文章；context：語境；review：複習,,,The exam uses inability in context.：考卷在語境中使用 inability。
W220,26-30,ability,n.,能力,字首反義詞補充列；去除字首 in-，形成反義詞。,去除字首 in-，形成反義詞。,,,ability in context：在語境中使用 ability；learn ability：學習「能力」,exam passage：考卷文章；context：語境；review：複習,,inability,The exam uses ability in context.：考卷在語境中使用 ability。
W221,26-30,consciousness,n.,意識,consciousness distinguishes reality from simulation。,,,,consciousness in context：在語境中使用 consciousness；learn consciousness：學習「意識」,exam passage：考卷文章；context：語境；review：複習,,,The exam uses consciousness in context.：考卷在語境中使用 consciousness。
W222,26-30,distinguish,v.,區分；辨別,distinguish reality from simulation。,,distinguish-distinguished-distinguished,distinguishing,distinguish in context：在語境中使用 distinguish；learn distinguish：學習「區分；辨別」,exam passage：考卷文章；context：語境；review：複習,,,The exam uses distinguish in context.：考卷在語境中使用 distinguish。
W223,26-30,reality,n.,現實,reality and simulation。,,,,reality in context：在語境中使用 reality；learn reality：學習「現實」,exam passage：考卷文章；context：語境；review：複習,,,The exam uses reality in context.：考卷在語境中使用 reality。
W224,26-30,simulation,n.,模擬；仿真,simulation of reality。,,,,simulation in context：在語境中使用 simulation；learn simulation：學習「模擬；仿真」,exam passage：考卷文章；context：語境；review：複習,,,The exam uses simulation in context.：考卷在語境中使用 simulation。
W225,26-30,technologically,adv.,科技上地,technologically advanced societies。,,,,technologically in context：在語境中使用 technologically；learn technologically：學習「科技上地」,exam passage：考卷文章；context：語境；review：複習,,,The exam uses technologically in context.：考卷在語境中使用 technologically。
W226,26-30,advanced,adj.,先進的；進階的,advanced postmodern societies。,,,,advanced in context：在語境中使用 advanced；learn advanced：學習「先進的；進階的」,exam passage：考卷文章；context：語境；review：複習,,,The exam uses advanced in context.：考卷在語境中使用 advanced。
W227,26-30,society,n.,社會,postmodern societies。,,,,society in context：在語境中使用 society；learn society：學習「社會」,exam passage：考卷文章；context：語境；review：複習,,,The exam uses society in context.：考卷在語境中使用 society。
W228,26-30,condition,n.,狀態；條件,hyperreality is seen as a condition。,,,,condition in context：在語境中使用 condition；learn condition：學習「狀態；條件」,exam passage：考卷文章；context：語境；review：複習,,,The exam uses condition in context.：考卷在語境中使用 condition。
W229,26-30,fiction,n.,虛構；小說,what is real and what is fiction。,,,,fiction in context：在語境中使用 fiction；learn fiction：學習「虛構；小說」,exam passage：考卷文章；context：語境；review：複習,,,The exam uses fiction in context.：考卷在語境中使用 fiction。
W230,26-30,seamlessly,adv.,無縫地；流暢地,real and fiction are seamlessly blended。,,,,seamlessly in context：在語境中使用 seamlessly；learn seamlessly：學習「無縫地；流暢地」,exam passage：考卷文章；context：語境；review：複習,,,The exam uses seamlessly in context.：考卷在語境中使用 seamlessly。
W231,26-30,blend,v.,混合；融合,reality and fiction blended together。,,blend-blended-blended,blending,blend in context：在語境中使用 blend；learn blend：學習「混合；融合」,exam passage：考卷文章；context：語境；review：複習,,,The exam uses blend in context.：考卷在語境中使用 blend。
W232,26-30,distinction,n.,區別；差異,no clear distinction。,,,,distinction in context：在語境中使用 distinction；learn distinction：學習「區別；差異」,exam passage：考卷文章；context：語境；review：複習,,,The exam uses distinction in context.：考卷在語境中使用 distinction。
W233,26-30,co-mingling,n.,混合；交融,co-mingling of physical and virtual reality。,,,,co-mingling in context：在語境中使用 co-mingling；learn co-mingling：學習「混合；交融」,exam passage：考卷文章；context：語境；review：複習,,,The exam uses co-mingling in context.：考卷在語境中使用 co-mingling。
W234,26-30,physical,adj.,實體的；物理的,physical reality。,,,,physical in context：在語境中使用 physical；learn physical：學習「實體的；物理的」,exam passage：考卷文章；context：語境；review：複習,,,The exam uses physical in context.：考卷在語境中使用 physical。
W235,26-30,artificial intelligence,n.,人工智慧,human intelligence with artificial intelligence。,,,,artificial intelligence in context：在語境中使用 artificial intelligence；learn artificial intelligence：學習「人工智慧」,exam passage：考卷文章；context：語境；review：複習,,,The exam uses artificial intelligence in context.：考卷在語境中使用 artificial intelligence。
W236,26-30,concept,n.,概念,concept of hyperreality。,,,,concept in context：在語境中使用 concept；learn concept：學習「概念」,exam passage：考卷文章；context：語境；review：複習,,,The exam uses concept in context.：考卷在語境中使用 concept。
W237,26-30,contentiously,adv.,有爭議地,concept was contentiously coined。,,,,contentiously in context：在語境中使用 contentiously；learn contentiously：學習「有爭議地」,exam passage：考卷文章；context：語境；review：複習,,,The exam uses contentiously in context.：考卷在語境中使用 contentiously。
W238,26-30,uncontentiously,adv.,無爭議地,字首反義詞補充列；加上字首 un-，形成反義詞。,加上字首 un-，形成反義詞。,,,uncontentiously in context：在語境中使用 uncontentiously；learn uncontentiously：學習「無爭議地」,exam passage：考卷文章；context：語境；review：複習,,contentiously,The exam uses uncontentiously in context.：考卷在語境中使用 uncontentiously。
W239,26-30,coin,v.,創造新詞,coined by Jean Baudrillard。,,coin-coined-coined,coining,coin in context：在語境中使用 coin；learn coin：學習「創造新詞」,exam passage：考卷文章；context：語境；review：複習,,,The exam uses coin in context.：考卷在語境中使用 coin。
W240,26-30,sociologist,n.,社會學家,French sociologist Jean Baudrillard。,,,,sociologist in context：在語境中使用 sociologist；learn sociologist：學習「社會學家」,exam passage：考卷文章；context：語境；review：複習,,,The exam uses sociologist in context.：考卷在語境中使用 sociologist。
W241,26-30,define,v.,定義,defined it as...。,,define-defined-defined,defining,define in context：在語境中使用 define；learn define：學習「定義」,exam passage：考卷文章；context：語境；review：複習,,,The exam uses define in context.：考卷在語境中使用 define。
W242,26-30,generation,n.,產生；世代,generation by models。,,,,generation in context：在語境中使用 generation；learn generation：學習「產生；世代」,exam passage：考卷文章；context：語境；review：複習,,,The exam uses generation in context.：考卷在語境中使用 generation。
W243,26-30,model,n.,模型；模範,generation by models。,,,,model in context：在語境中使用 model；learn model：學習「模型；模範」,exam passage：考卷文章；context：語境；review：複習,,,The exam uses model in context.：考卷在語境中使用 model。
W244,26-30,origin,n.,起源,a real without origin。,,,,origin in context：在語境中使用 origin；learn origin：學習「起源」,exam passage：考卷文章；context：語境；review：複習,,,The exam uses origin in context.：考卷在語境中使用 origin。
W245,26-30,representation,n.,再現；代表,Hyperreality is a representation。,,,,representation in context：在語境中使用 representation；learn representation：學習「再現；代表」,exam passage：考卷文章；context：語境；review：複習,,,The exam uses representation in context.：考卷在語境中使用 representation。
W246,26-30,sign,n.,符號；跡象,a sign without an original referent。,,,,sign in context：在語境中使用 sign；learn sign：學習「符號；跡象」,exam passage：考卷文章；context：語境；review：複習,,,The exam uses sign in context.：考卷在語境中使用 sign。
W247,26-30,original,adj./n.,原始的；原作,without an original referent。,,,,original in context：在語境中使用 original；learn original：學習「原始的；原作」,exam passage：考卷文章；context：語境；review：複習,,,The exam uses original in context.：考卷在語境中使用 original。
W248,26-30,unoriginal,adj.,非原創的；缺乏原創性的,字首反義詞補充列；加上字首 un-，形成反義詞。,加上字首 un-，形成反義詞。,,,unoriginal in context：在語境中使用 unoriginal；learn unoriginal：學習「非原創的；缺乏原創性的」,exam passage：考卷文章；context：語境；review：複習,,original,The exam uses unoriginal in context.：考卷在語境中使用 unoriginal。
W249,26-30,referent,n.,所指物；指涉對象,a sign without a referent。,,,,referent in context：在語境中使用 referent；learn referent：學習「所指物；指涉對象」,exam passage：考卷文章；context：語境；review：複習,,,The exam uses referent in context.：考卷在語境中使用 referent。
W250,26-30,symbol,n.,象徵；符號,symbol represents the real。,,,,symbol in context：在語境中使用 symbol；learn symbol：學習「象徵；符號」,exam passage：考卷文章；context：語境；review：複習,,,The exam uses symbol in context.：考卷在語境中使用 symbol。
W251,26-30,represent,v.,代表；象徵,symbol represents something。,,represent-represented-represented,representing,represent in context：在語境中使用 represent；learn represent：學習「代表；象徵」,exam passage：考卷文章；context：語境；review：複習,,,The exam uses represent in context.：考卷在語境中使用 represent。
W252,26-30,actually,adv.,實際上,does not actually exist。,,,,actually in context：在語境中使用 actually；learn actually：學習「實際上」,exam passage：考卷文章；context：語境；review：複習,,,The exam uses actually in context.：考卷在語境中使用 actually。
W253,26-30,exist,v.,存在,something that does not exist。,,exist-existed-existed,existing,exist in context：在語境中使用 exist；learn exist：學習「存在」,exam passage：考卷文章；context：語境；review：複習,,,The exam uses exist in context.：考卷在語境中使用 exist。
W254,26-30,case in point,phr.,恰當例子,Santa Claus is a case in point。,,,,case in point in context：在語境中使用 case in point；learn case in point：學習「恰當例子」,exam passage：考卷文章；context：語境；review：複習,,,The exam uses case in point in context.：考卷在語境中使用 case in point。
W255,26-30,factual,adj.,事實的,第28題干擾選項。,,,,factual in context：在語境中使用 factual；learn factual：學習「事實的」,exam passage：考卷文章；context：語境；review：複習,,,The exam uses factual in context.：考卷在語境中使用 factual。
W256,26-30,intellectual,adj.,智力的；知識的,第28題干擾選項。,,,,intellectual in context：在語境中使用 intellectual；learn intellectual：學習「智力的；知識的」,exam passage：考卷文章；context：語境；review：複習,,,The exam uses intellectual in context.：考卷在語境中使用 intellectual。
W257,26-30,signifier,n.,能指；符號形式,symbols/signifiers represent something。,,,,signifier in context：在語境中使用 signifier；learn signifier：學習「能指；符號形式」,exam passage：考卷文章；context：語境；review：複習,,,The exam uses signifier in context.：考卷在語境中使用 signifier。
W258,26-30,sojourn,n./v.,短暫停留,第30題干擾選項。,,,,sojourn in context：在語境中使用 sojourn；learn sojourn：學習「短暫停留」,exam passage：考卷文章；context：語境；review：複習,,,The exam uses sojourn in context.：考卷在語境中使用 sojourn。
W259,26-30,setback,n.,挫折；阻礙,第30題干擾選項。,,,,setback in context：在語境中使用 setback；learn setback：學習「挫折；阻礙」,exam passage：考卷文章；context：語境；review：複習,,,The exam uses setback in context.：考卷在語境中使用 setback。
W260,26-30,signature,n.,簽名；特徵,第30題干擾選項。,,,,signature in context：在語境中使用 signature；learn signature：學習「簽名；特徵」,exam passage：考卷文章；context：語境；review：複習,,,The exam uses signature in context.：考卷在語境中使用 signature。
W261,31-35,astronomy,n.,天文學,Passage 3 主題。,,,,astronomy in context：在語境中使用 astronomy；learn astronomy：學習「天文學」,exam passage：考卷文章；context：語境；review：複習,,,The exam uses astronomy in context.：考卷在語境中使用 astronomy。
W262,31-35,half-century,n.,半世紀,over the past half-century。,,,,half-century in context：在語境中使用 half-century；learn half-century：學習「半世紀」,exam passage：考卷文章；context：語境；review：複習,,,The exam uses half-century in context.：考卷在語境中使用 half-century。
W263,31-35,chart,n.,圖表；星圖,charts and catalogues。,,,,chart in context：在語境中使用 chart；learn chart：學習「圖表；星圖」,exam passage：考卷文章；context：語境；review：複習,,,The exam uses chart in context.：考卷在語境中使用 chart。
W264,31-35,catalogue,n.,目錄；型錄,astronomy charts and catalogues。,,,,catalogue in context：在語境中使用 catalogue；learn catalogue：學習「目錄；型錄」,exam passage：考卷文章；context：語境；review：複習,,,The exam uses catalogue in context.：考卷在語境中使用 catalogue。
W265,31-35,telescopic,adj.,望遠鏡的,telescopic equipment。,,,,telescopic in context：在語境中使用 telescopic；learn telescopic：學習「望遠鏡的」,exam passage：考卷文章；context：語境；review：複習,,,The exam uses telescopic in context.：考卷在語境中使用 telescopic。
W266,31-35,equipment,n.,設備,telescopic equipment。,,,,equipment in context：在語境中使用 equipment；learn equipment：學習「設備」,exam passage：考卷文章；context：語境；review：複習,,,The exam uses equipment in context.：考卷在語境中使用 equipment。
W267,31-35,limited,adj.,有限的,equipment was limited。,,,,limited in context：在語境中使用 limited；learn limited：學習「有限的」,exam passage：考卷文章；context：語境；review：複習,,,The exam uses limited in context.：考卷在語境中使用 limited。
W268,31-35,practical,adj.,實用的；實際的,practical astronomy。,,,,practical in context：在語境中使用 practical；learn practical：學習「實用的；實際的」,exam passage：考卷文章；context：語境；review：複習,,,The exam uses practical in context.：考卷在語境中使用 practical。
W269,31-35,off-the-shelf,adj.,現成的,off-the-shelf telescopes。,,,,off-the-shelf in context：在語境中使用 off-the-shelf；learn off-the-shelf：學習「現成的」,exam passage：考卷文章；context：語境；review：複習,,,The exam uses off-the-shelf in context.：考卷在語境中使用 off-the-shelf。
W270,31-35,telescope,n.,望遠鏡,range of telescopes。,,,,telescope in context：在語境中使用 telescope；learn telescope：學習「望遠鏡」,exam passage：考卷文章；context：語境；review：複習,,,The exam uses telescope in context.：考卷在語境中使用 telescope。
W271,31-35,electronic,adj.,電子的,electronic calculators。,,,,electronic in context：在語境中使用 electronic；learn electronic：學習「電子的」,exam passage：考卷文章；context：語境；review：複習,,,The exam uses electronic in context.：考卷在語境中使用 electronic。
W272,31-35,calculator,n.,計算機,calculators and computers。,,,,calculator in context：在語境中使用 calculator；learn calculator：學習「計算機」,exam passage：考卷文章；context：語境；review：複習,,,The exam uses calculator in context.：考卷在語境中使用 calculator。
W273,31-35,computer,n.,電腦,computers revolutionized production。,,,,computer in context：在語境中使用 computer；learn computer：學習「電腦」,exam passage：考卷文章；context：語境；review：複習,,,The exam uses computer in context.：考卷在語境中使用 computer。
W274,31-35,revolutionize,v.,徹底改變；革新,computers have revolutionized almanacs。,,revolutionize-revolutionized-revolutionized,revolutionizing,revolutionize in context：在語境中使用 revolutionize；learn revolutionize：學習「徹底改變；革新」,exam passage：考卷文章；context：語境；review：複習,,,The exam uses revolutionize in context.：考卷在語境中使用 revolutionize。
W275,31-35,almanac,n.,曆書；年鑑,astronomy almanacs。,,,,almanac in context：在語境中使用 almanac；learn almanac：學習「曆書；年鑑」,exam passage：考卷文章；context：語境；review：複習,,,The exam uses almanac in context.：考卷在語境中使用 almanac。
W276,31-35,production,n.,生產；製作,chart production。,,,,production in context：在語境中使用 production；learn production：學習「生產；製作」,exam passage：考卷文章；context：語境；review：複習,,,The exam uses production in context.：考卷在語境中使用 production。
W277,31-35,analysis,n.,分析,analysis of observations。,,,,analysis in context：在語境中使用 analysis；learn analysis：學習「分析」,exam passage：考卷文章；context：語境；review：複習,,,The exam uses analysis in context.：考卷在語境中使用 analysis。
W278,31-35,publication,n.,出版；發表,publication of results。,,,,publication in context：在語境中使用 publication；learn publication：學習「出版；發表」,exam passage：考卷文章；context：語境；review：複習,,,The exam uses publication in context.：考卷在語境中使用 publication。
W279,31-35,advance,n./v.,進步；前進,All these advances。,,,,advance in context：在語境中使用 advance；learn advance：學習「進步；前進」,exam passage：考卷文章；context：語境；review：複習,,,The exam uses advance in context.：考卷在語境中使用 advance。
W280,31-35,surely,adv.,必定；無疑,must surely make this...。,,,,surely in context：在語境中使用 surely；learn surely：學習「必定；無疑」,exam passage：考卷文章；context：語境；review：複習,,,The exam uses surely in context.：考卷在語境中使用 surely。
W281,31-35,golden age,n.,黃金時代,golden age of amateur astronomy。,,,,golden age in context：在語境中使用 golden age；learn golden age：學習「黃金時代」,exam passage：考卷文章；context：語境；review：複習,,,The exam uses golden age in context.：考卷在語境中使用 golden age。
W282,31-35,amateur,adj./n.,業餘的；業餘者,amateur astronomy。,,,,amateur in context：在語境中使用 amateur；learn amateur：學習「業餘的；業餘者」,exam passage：考卷文章；context：語境；review：複習,,,The exam uses amateur in context.：考卷在語境中使用 amateur。
W283,31-35,comparable,adj.,可比較的；相當的,sky comparable to that found before。,,,,comparable in context：在語境中使用 comparable；learn comparable：學習「可比較的；相當的」,exam passage：考卷文章；context：語境；review：複習,,,The exam uses comparable in context.：考卷在語境中使用 comparable。
W284,31-35,urban,adj.,都市的,urban areas。,,,,urban in context：在語境中使用 urban；learn urban：學習「都市的」,exam passage：考卷文章；context：語境；review：複習,,,The exam uses urban in context.：考卷在語境中使用 urban。
W285,31-35,daytime,n./adj.,白天；白天的,daytime skies。,,,,daytime in context：在語境中使用 daytime；learn daytime：學習「白天；白天的」,exam passage：考卷文章；context：語境；review：複習,,,The exam uses daytime in context.：考卷在語境中使用 daytime。
W286,31-35,aircraft,n.,航空器；飛機,aircraft condensation trails。,,,,aircraft in context：在語境中使用 aircraft；learn aircraft：學習「航空器；飛機」,exam passage：考卷文章；context：語境；review：複習,,,The exam uses aircraft in context.：考卷在語境中使用 aircraft。
W287,31-35,condensation trail,n.,凝結尾跡；飛機雲,trails from aircraft。,,,,condensation trail in context：在語境中使用 condensation trail；learn condensation trail：學習「凝結尾跡；飛機雲」,exam passage：考卷文章；context：語境；review：複習,,,The exam uses condensation trail in context.：考卷在語境中使用 condensation trail。
W288,31-35,trail,n.,痕跡；小徑,condensation trails。,,,,trail in context：在語境中使用 trail；learn trail：學習「痕跡；小徑」,exam passage：考卷文章；context：語境；review：複習,,,The exam uses trail in context.：考卷在語境中使用 trail。
W289,31-35,spread out,phr. v.,擴散；鋪開,trails spread out to form clouds。,,,,spread out in context：在語境中使用 spread out；learn spread out：學習「擴散；鋪開」,exam passage：考卷文章；context：語境；review：複習,,,The exam uses spread out in context.：考卷在語境中使用 spread out。
W290,31-35,form,v./n.,形成；形式,form amorphous clouds。,,form-formed-formed,forming,form in context：在語境中使用 form；learn form：學習「形成；形式」,exam passage：考卷文章；context：語境；review：複習,,,The exam uses form in context.：考卷在語境中使用 form。
W291,31-35,amorphous,adj.,無定形的,amorphous clouds。,,,,amorphous in context：在語境中使用 amorphous；learn amorphous：學習「無定形的」,exam passage：考卷文章；context：語境；review：複習,,,The exam uses amorphous in context.：考卷在語境中使用 amorphous。
W292,31-35,cloud,n.,雲,amorphous clouds。,,,,cloud in context：在語境中使用 cloud；learn cloud：學習「雲」,exam passage：考卷文章；context：語境；review：複習,,,The exam uses cloud in context.：考卷在語境中使用 cloud。
W293,31-35,solar,adj.,太陽的,solar observations。,,,,solar in context：在語境中使用 solar；learn solar：學習「太陽的」,exam passage：考卷文章；context：語境；review：複習,,,The exam uses solar in context.：考卷在語境中使用 solar。
W294,31-35,impossible,adj.,不可能的,making observations impossible。,,,,impossible in context：在語境中使用 impossible；learn impossible：學習「不可能的」,exam passage：考卷文章；context：語境；review：複習,,,The exam uses impossible in context.：考卷在語境中使用 impossible。
W295,31-35,possible,adj.,可能的,字首反義詞補充列；去除字首 im-，形成反義詞。,去除字首 im-，形成反義詞。,,,possible in context：在語境中使用 possible；learn possible：學習「可能的」,exam passage：考卷文章；context：語境；review：複習,,impossible,The exam uses possible in context.：考卷在語境中使用 possible。
W296,31-35,hamper,v.,妨礙；阻礙,hampering night-time observation。,,hamper-hampered-hampered,hampering,hamper in context：在語境中使用 hamper；learn hamper：學習「妨礙；阻礙」,exam passage：考卷文章；context：語境；review：複習,,,The exam uses hamper in context.：考卷在語境中使用 hamper。
W297,31-35,night-time,adj./n.,夜間的；夜晚,night-time observation。,,,,night-time in context：在語境中使用 night-time；learn night-time：學習「夜間的；夜晚」,exam passage：考卷文章；context：語境；review：複習,,,The exam uses night-time in context.：考卷在語境中使用 night-time。
W298,31-35,shortage,n.,短缺；不足,shortage of charts and catalogues。,,,,shortage in context：在語境中使用 shortage；learn shortage：學習「短缺；不足」,supply：供應；catalogue：目錄；equipment：設備,lack：缺乏,surplus：過剩,The exam uses shortage in context.：考卷在語境中使用 shortage。
W299,31-35,facilitate,v.,促進；使容易,computers facilitated analysis。,,facilitate-facilitated-facilitated,facilitating,facilitate in context：在語境中使用 facilitate；learn facilitate：學習「促進；使容易」,process：流程；analysis：分析,help：幫助,,The exam uses facilitate in context.：考卷在語境中使用 facilitate。
W300,31-35,minimize,v.,使最小；降低,第32題干擾選項。,,minimize-minimized-minimized,minimizing,minimize in context：在語境中使用 minimize；learn minimize：學習「使最小；降低」,reduction：減少；risk：風險,reduce：降低,maximize：最大化,The exam uses minimize in context.：考卷在語境中使用 minimize。
W301,31-35,embellish,v.,裝飾；潤飾,第32題干擾選項。,,embellish-embellished-embellished,embellishing,embellish in context：在語境中使用 embellish；learn embellish：學習「裝飾；潤飾」,exam passage：考卷文章；context：語境；review：複習,,,The exam uses embellish in context.：考卷在語境中使用 embellish。
W302,31-35,uphold,v.,支持；維持,第32題干擾選項。,,uphold-upholded-upholded,upholding,uphold in context：在語境中使用 uphold；learn uphold：學習「支持；維持」,law：法律；principle：原則；decision：決定,support：支持,,The exam uses uphold in context.：考卷在語境中使用 uphold。
W303,31-35,plague,v./n.,困擾；瘟疫,daytime skies are plagued by trails。,,plague-plagued-plagued,plaguing,plague in context：在語境中使用 plague；learn plague：學習「困擾；瘟疫」,problem：問題；disease：疾病,trouble：困擾,,The exam uses plague in context.：考卷在語境中使用 plague。
W304,31-35,confiscate,v.,沒收,第34題干擾選項。,,confiscate-confiscated-confiscated,confiscating,confiscate in context：在語境中使用 confiscate；learn confiscate：學習「沒收」,exam passage：考卷文章；context：語境；review：複習,,,The exam uses confiscate in context.：考卷在語境中使用 confiscate。
W305,31-35,extrapolate,v.,推斷；外推,第34題干擾選項。,,extrapolate-extrapolated-extrapolated,extrapolating,extrapolate in context：在語境中使用 extrapolate；learn extrapolate：學習「推斷；外推」,exam passage：考卷文章；context：語境；review：複習,,,The exam uses extrapolate in context.：考卷在語境中使用 extrapolate。
W306,31-35,persist,v.,持續存在,trails can persist for hours。,,persist-persisted-persisted,persisting,persist in context：在語境中使用 persist；learn persist：學習「持續存在」,duration：期間；trail：尾跡；cloud：雲,continue：持續,disappear：消失,The exam uses persist in context.：考卷在語境中使用 persist。
W307,31-35,peculate,v.,挪用；盜用公款,第35題干擾選項。,,peculate-peculated-peculated,peculating,peculate in context：在語境中使用 peculate；learn peculate：學習「挪用；盜用公款」,exam passage：考卷文章；context：語境；review：複習,,,The exam uses peculate in context.：考卷在語境中使用 peculate。
W308,36-40,bureaucracy,n.,官僚制度；官僚機構,Passage 4 主題。,,,,bureaucracy in context：在語境中使用 bureaucracy；learn bureaucracy：學習「官僚制度；官僚機構」,exam passage：考卷文章；context：語境；review：複習,,,The exam uses bureaucracy in context.：考卷在語境中使用 bureaucracy。
W309,36-40,ill repute,n.,壞名聲,bureaucracy is held in ill repute。,,,,ill repute in context：在語境中使用 ill repute；learn ill repute：學習「壞名聲」,exam passage：考卷文章；context：語境；review：複習,,,The exam uses ill repute in context.：考卷在語境中使用 ill repute。
W310,36-40,consider,v.,認為；考慮,was once considered innovation。,,consider-considered-considered,considering,consider in context：在語境中使用 consider；learn consider：學習「認為；考慮」,exam passage：考卷文章；context：語境；review：複習,,,The exam uses consider in context.：考卷在語境中使用 consider。
W311,36-40,organizational,adj.,組織的,organizational innovation。,,,,organizational in context：在語境中使用 organizational；learn organizational：學習「組織的」,exam passage：考卷文章；context：語境；review：複習,,,The exam uses organizational in context.：考卷在語境中使用 organizational。
W312,36-40,innovation,n.,創新,bureaucracy was once an innovation。,,,,innovation in context：在語境中使用 innovation；learn innovation：學習「創新」,exam passage：考卷文章；context：語境；review：複習,,,The exam uses innovation in context.：考卷在語境中使用 innovation。
W313,36-40,division of labor,n.,分工,organizing the division of labor。,,,,division of labor in context：在語境中使用 division of labor；learn division of labor：學習「分工」,exam passage：考卷文章；context：語境；review：複習,,,The exam uses division of labor in context.：考卷在語境中使用 division of labor。
W314,36-40,management,n.,管理,making management a profession。,,,,management in context：在語境中使用 management；learn management：學習「管理」,exam passage：考卷文章；context：語境；review：複習,,,The exam uses management in context.：考卷在語境中使用 management。
W315,36-40,decision-making,n.,決策,making decision-making a profession。,,,,decision-making in context：在語境中使用 decision-making；learn decision-making：學習「決策」,exam passage：考卷文章；context：語境；review：複習,,,The exam uses decision-making in context.：考卷在語境中使用 decision-making。
W316,36-40,profession,n.,職業；專業,management as a profession。,,,,profession in context：在語境中使用 profession；learn profession：學習「職業；專業」,exam passage：考卷文章；context：語境；review：複習,,,The exam uses profession in context.：考卷在語境中使用 profession。
W317,36-40,provide,v.,提供,providing an order and rules。,,provide-provided-provided,providing,provide in context：在語境中使用 provide；learn provide：學習「提供」,exam passage：考卷文章；context：語境；review：複習,,,The exam uses provide in context.：考卷在語境中使用 provide。
W318,36-40,order,n.,秩序；命令,an order and a set of rules。,,,,order in context：在語境中使用 order；learn order：學習「秩序；命令」,exam passage：考卷文章；context：語境；review：複習,,,The exam uses order in context.：考卷在語境中使用 order。
W319,36-40,rule,n.,規則,a set of rules。,,,,rule in context：在語境中使用 rule；learn rule：學習「規則」,exam passage：考卷文章；context：語境；review：複習,,,The exam uses rule in context.：考卷在語境中使用 rule。
W320,36-40,specialist,n.,專家；專業人員,different kinds of specialists。,,,,specialist in context：在語境中使用 specialist；learn specialist：學習「專家；專業人員」,exam passage：考卷文章；context：語境；review：複習,,,The exam uses specialist in context.：考卷在語境中使用 specialist。
W321,36-40,coordination,n.,協調；合作,work in coordination。,,,,coordination in context：在語境中使用 coordination；learn coordination：學習「協調；合作」,exam passage：考卷文章；context：語境；review：複習,,,The exam uses coordination in context.：考卷在語境中使用 coordination。
W322,36-40,common end,n.,共同目標,toward a common end。,,,,common end in context：在語境中使用 common end；learn common end：學習「共同目標」,exam passage：考卷文章；context：語境；review：複習,,,The exam uses common end in context.：考卷在語境中使用 common end。
W323,36-40,extend,v.,擴大；延伸,bureaucracy extended intelligence。,,extend-extended-extended,extending,extend in context：在語境中使用 extend；learn extend：學習「擴大；延伸」,exam passage：考卷文章；context：語境；review：複習,,,The exam uses extend in context.：考卷在語境中使用 extend。
W324,36-40,breadth,n.,廣度,breadth and depth。,,,,breadth in context：在語境中使用 breadth；learn breadth：學習「廣度」,exam passage：考卷文章；context：語境；review：複習,,,The exam uses breadth in context.：考卷在語境中使用 breadth。
W325,36-40,depth,n.,深度,breadth and depth of intelligence。,,,,depth in context：在語境中使用 depth；learn depth：學習「深度」,exam passage：考卷文章；context：語境；review：複習,,,The exam uses depth in context.：考卷在語境中使用 depth。
W326,36-40,intelligence,n.,智慧；情報,organization could achieve intelligence。,,,,intelligence in context：在語境中使用 intelligence；learn intelligence：學習「智慧；情報」,exam passage：考卷文章；context：語境；review：複習,,,The exam uses intelligence in context.：考卷在語境中使用 intelligence。
W327,36-40,achieve,v.,達成,could achieve。,,achieve-achieved-achieved,achieving,achieve in context：在語境中使用 achieve；learn achieve：學習「達成」,exam passage：考卷文章；context：語境；review：複習,,,The exam uses achieve in context.：考卷在語境中使用 achieve。
W328,36-40,government,n.,政府,government activities。,,,,government in context：在語境中使用 government；learn government：學習「政府」,exam passage：考卷文章；context：語境；review：複習,,,The exam uses government in context.：考卷在語境中使用 government。
W329,36-40,activity,n.,活動,organizing government activities。,,,,activity in context：在語境中使用 activity；learn activity：學習「活動」,exam passage：考卷文章；context：語境；review：複習,,,The exam uses activity in context.：考卷在語境中使用 activity。
W330,36-40,spread to,phr. v.,擴散到；傳到,bureaucracy spread to big business。,,,,spread to in context：在語境中使用 spread to；learn spread to：學習「擴散到；傳到」,exam passage：考卷文章；context：語境；review：複習,,,The exam uses spread to in context.：考卷在語境中使用 spread to。
W331,36-40,large organization,n.,大型組織,large organizations of all kinds。,,,,large organization in context：在語境中使用 large organization；learn large organization：學習「大型組織」,exam passage：考卷文章；context：語境；review：複習,,,The exam uses large organization in context.：考卷在語境中使用 large organization。
W332,36-40,systematic,adj.,系統性的,systematic study。,,,,systematic in context：在語境中使用 systematic；learn systematic：學習「系統性的」,exam passage：考卷文章；context：語境；review：複習,,,The exam uses systematic in context.：考卷在語境中使用 systematic。
W333,36-40,explode,v.,爆炸；快速成長,role began to explode。,,explode-exploded-exploded,exploding,explode in context：在語境中使用 explode；learn explode：學習「爆炸；快速成長」,exam passage：考卷文章；context：語境；review：複習,,,The exam uses explode in context.：考卷在語境中使用 explode。
W334,36-40,nineteenth century,n.,十九世紀,late nineteenth century。,,,,nineteenth century in context：在語境中使用 nineteenth century；learn nineteenth century：學習「十九世紀」,exam passage：考卷文章；context：語境；review：複習,,,The exam uses nineteenth century in context.：考卷在語境中使用 nineteenth century。
W335,36-40,efficient,adj.,有效率的,most efficient possible system。,,,,efficient in context：在語境中使用 efficient；learn efficient：學習「有效率的」,exam passage：考卷文章；context：語境；review：複習,,,The exam uses efficient in context.：考卷在語境中使用 efficient。
W336,36-40,threat,n.,威脅,a threat to liberties。,,,,threat in context：在語境中使用 threat；learn threat：學習「威脅」,exam passage：考卷文章；context：語境；review：複習,,,The exam uses threat in context.：考卷在語境中使用 threat。
W337,36-40,basic liberty,n.,基本自由,basic liberties he held dear。,,,,basic liberty in context：在語境中使用 basic liberty；learn basic liberty：學習「基本自由」,exam passage：考卷文章；context：語境；review：複習,,,The exam uses basic liberty in context.：考卷在語境中使用 basic liberty。
W338,36-40,hold dear,phr.,珍視；重視,liberties he held dear。,,,,hold dear in context：在語境中使用 hold dear；learn hold dear：學習「珍視；重視」,exam passage：考卷文章；context：語境；review：複習,,,The exam uses hold dear in context.：考卷在語境中使用 hold dear。
W339,36-40,foreshadow,v.,預示；預兆,foreshadowing later sentiments。,,foreshadow-foreshadowed-foreshadowed,foreshadowing,foreshadow in context：在語境中使用 foreshadow；learn foreshadow：學習「預示；預兆」,exam passage：考卷文章；context：語境；review：複習,,,The exam uses foreshadow in context.：考卷在語境中使用 foreshadow。
W340,36-40,sentiment,n.,情緒；看法,sentiments evoked today。,,,,sentiment in context：在語境中使用 sentiment；learn sentiment：學習「情緒；看法」,exam passage：考卷文章；context：語境；review：複習,,,The exam uses sentiment in context.：考卷在語境中使用 sentiment。
W341,36-40,frequently,adv.,經常地,frequently evoked。,,,,frequently in context：在語境中使用 frequently；learn frequently：學習「經常地」,exam passage：考卷文章；context：語境；review：複習,,,The exam uses frequently in context.：考卷在語境中使用 frequently。
W342,36-40,evoke,v.,喚起；引發,bureaucracy evoked sentiments。,,evoke-evoked-evoked,evoking,evoke in context：在語境中使用 evoke；learn evoke：學習「喚起；引發」,exam passage：考卷文章；context：語境；review：複習,,,The exam uses evoke in context.：考卷在語境中使用 evoke。
W343,36-40,divergence,n.,分歧；偏離,第36題干擾選項。,,,,divergence in context：在語境中使用 divergence；learn divergence：學習「分歧；偏離」,exam passage：考卷文章；context：語境；review：複習,,,The exam uses divergence in context.：考卷在語境中使用 divergence。
W344,36-40,detachment,n.,超然；分離,第36題干擾選項。,,,,detachment in context：在語境中使用 detachment；learn detachment：學習「超然；分離」,exam passage：考卷文章；context：語境；review：複習,,,The exam uses detachment in context.：考卷在語境中使用 detachment。
W345,36-40,culmination,n.,頂點；高潮,第37題干擾選項。,,,,culmination in context：在語境中使用 culmination；learn culmination：學習「頂點；高潮」,exam passage：考卷文章；context：語境；review：複習,,,The exam uses culmination in context.：考卷在語境中使用 culmination。
W346,36-40,termination,n.,終止；結束,第37題干擾選項。,,,,termination in context：在語境中使用 termination；learn termination：學習「終止；結束」,exam passage：考卷文章；context：語境；review：複習,,,The exam uses termination in context.：考卷在語境中使用 termination。
W347,36-40,pulverize,v.,粉碎,第38題干擾選項。,,pulverize-pulverized-pulverized,pulverizing,pulverize in context：在語境中使用 pulverize；learn pulverize：學習「粉碎」,exam passage：考卷文章；context：語境；review：複習,,,The exam uses pulverize in context.：考卷在語境中使用 pulverize。
W348,41-45,goblin mode,n.,放飛自我模式；懶散任性模式,閱讀文章主題，Oxford 2022 年年度詞。,,,,goblin mode in context：在語境中使用 goblin mode；learn goblin mode：學習「放飛自我模式；懶散任性模式」,exam passage：考卷文章；context：語境；review：複習,,,The exam uses goblin mode in context.：考卷在語境中使用 goblin mode。
W349,41-45,guardrail,n.,護欄；限制,guardrails came off 表示限制被放開。,,,,guardrail in context：在語境中使用 guardrail；learn guardrail：學習「護欄；限制」,exam passage：考卷文章；context：語境；review：複習,,,The exam uses guardrail in context.：考卷在語境中使用 guardrail。
W350,41-45,raw,adj.,原始的；未修飾的,People went raw and real。,,,,raw in context：在語境中使用 raw；learn raw：學習「原始的；未修飾的」,exam passage：考卷文章；context：語境；review：複習,,,The exam uses raw in context.：考卷在語境中使用 raw。
W351,41-45,unfiltered,adj.,未過濾的；不加修飾的,unfiltered and real。,,,,unfiltered in context：在語境中使用 unfiltered；learn unfiltered：學習「未過濾的；不加修飾的」,exam passage：考卷文章；context：語境；review：複習,,,The exam uses unfiltered in context.：考卷在語境中使用 unfiltered。
W352,41-45,curated,adj.,精心策劃的；挑選過的,highly curated aesthetics。,,,,curated in context：在語境中使用 curated；learn curated：學習「精心策劃的；挑選過的」,exam passage：考卷文章；context：語境；review：複習,,,The exam uses curated in context.：考卷在語境中使用 curated。
W353,41-45,aesthetic,n./adj.,美學；審美的,curated aesthetics。,,,,aesthetic in context：在語境中使用 aesthetic；learn aesthetic：學習「美學；審美的」,exam passage：考卷文章；context：語境；review：複習,,,The exam uses aesthetic in context.：考卷在語境中使用 aesthetic。
W354,41-45,messy,adj.,凌亂的；混亂的,something more messy。,,,,messy in context：在語境中使用 messy；learn messy：學習「凌亂的；混亂的」,exam passage：考卷文章；context：語境；review：複習,,,The exam uses messy in context.：考卷在語境中使用 messy。
W355,41-45,primal,adj.,原始的；本能的,something more primal。,,,,primal in context：在語境中使用 primal；learn primal：學習「原始的；本能的」,exam passage：考卷文章；context：語境；review：複習,,,The exam uses primal in context.：考卷在語境中使用 primal。
W356,41-45,slang,n.,俚語,slang term describes behavior。,,,,slang in context：在語境中使用 slang；learn slang：學習「俚語」,exam passage：考卷文章；context：語境；review：複習,,,The exam uses slang in context.：考卷在語境中使用 slang。
W357,41-45,term,n.,術語；字詞,slang term。,,,,term in context：在語境中使用 term；learn term：學習「術語；字詞」,exam passage：考卷文章；context：語境；review：複習,,,The exam uses term in context.：考卷在語境中使用 term。
W358,41-45,describe,v.,描述,term describes behavior。,,describe-described-described,describing,describe in context：在語境中使用 describe；learn describe：學習「描述」,exam passage：考卷文章；context：語境；review：複習,,,The exam uses describe in context.：考卷在語境中使用 describe。
W359,41-45,unapologetically,adv.,毫不歉疚地；理直氣壯地,unapologetically self-indulgent。,,,,unapologetically in context：在語境中使用 unapologetically；learn unapologetically：學習「毫不歉疚地；理直氣壯地」,exam passage：考卷文章；context：語境；review：複習,,,The exam uses unapologetically in context.：考卷在語境中使用 unapologetically。
W360,41-45,self-indulgent,adj.,自我放縱的,goblin mode behavior。,,,,self-indulgent in context：在語境中使用 self-indulgent；learn self-indulgent：學習「自我放縱的」,exam passage：考卷文章；context：語境；review：複習,,,The exam uses self-indulgent in context.：考卷在語境中使用 self-indulgent。
W361,41-45,lazy,adj.,懶惰的,lazy behavior。,,,,lazy in context：在語境中使用 lazy；learn lazy：學習「懶惰的」,exam passage：考卷文章；context：語境；review：複習,,,The exam uses lazy in context.：考卷在語境中使用 lazy。
W362,41-45,slovenly,adj.,邋遢的；不修邊幅的,slovenly behavior。,,,,slovenly in context：在語境中使用 slovenly；learn slovenly：學習「邋遢的；不修邊幅的」,exam passage：考卷文章；context：語境；review：複習,,,The exam uses slovenly in context.：考卷在語境中使用 slovenly。
W363,41-45,greedy,adj.,貪婪的,greedy behavior。,,,,greedy in context：在語境中使用 greedy；learn greedy：學習「貪婪的」,exam passage：考卷文章；context：語境；review：複習,,,The exam uses greedy in context.：考卷在語境中使用 greedy。
W364,41-45,reject,v.,拒絕；排斥,rejects social norms。,,reject-rejected-rejected,rejecting,reject in context：在語境中使用 reject；learn reject：學習「拒絕；排斥」,exam passage：考卷文章；context：語境；review：複習,,,The exam uses reject in context.：考卷在語境中使用 reject。
W365,41-45,social norm,n.,社會規範,reject social norms。,,,,social norm in context：在語境中使用 social norm；learn social norm：學習「社會規範」,exam passage：考卷文章；context：語境；review：複習,,,The exam uses social norm in context.：考卷在語境中使用 social norm。
W366,41-45,expectation,n.,期待；期望,social expectations。,,,,expectation in context：在語境中使用 expectation；learn expectation：學習「期待；期望」,exam passage：考卷文章；context：語境；review：複習,,,The exam uses expectation in context.：考卷在語境中使用 expectation。
W367,41-45,linguist,n.,語言學家,Linguist Ben Zimmer。,,,,linguist in context：在語境中使用 linguist；learn linguist：學習「語言學家」,exam passage：考卷文章；context：語境；review：複習,,,The exam uses linguist in context.：考卷在語境中使用 linguist。
W368,41-45,frivolous,adj.,輕浮的；不重要的,may seem frivolous。,,,,frivolous in context：在語境中使用 frivolous；learn frivolous：學習「輕浮的；不重要的」,exam passage：考卷文章；context：語境；review：複習,,,The exam uses frivolous in context.：考卷在語境中使用 frivolous。
W369,41-45,speak to,phr. v.,反映；呼應,speaks to the times。,,,,speak to in context：在語境中使用 speak to；learn speak to：學習「反映；呼應」,exam passage：考卷文章；context：語境；review：複習,,,The exam uses speak to in context.：考卷在語境中使用 speak to。
W370,41-45,zeitgeist,n.,時代精神,word reflects the zeitgeist。,,,,zeitgeist in context：在語境中使用 zeitgeist；learn zeitgeist：學習「時代精神」,culture：文化；era：時代,spirit of the age：時代精神,,The exam uses zeitgeist in context.：考卷在語境中使用 zeitgeist。
W371,41-45,expression,n.,表達；詞語,a 2022 expression。,,,,expression in context：在語境中使用 expression；learn expression：學習「表達；詞語」,exam passage：考卷文章；context：語境；review：複習,,,The exam uses expression in context.：考卷在語境中使用 expression。
W372,41-45,drawn from,phr.,來自；取自,word is drawn from data analysis。,,,,drawn from in context：在語境中使用 drawn from；learn drawn from：學習「來自；取自」,exam passage：考卷文章；context：語境；review：複習,,,The exam uses drawn from in context.：考卷在語境中使用 drawn from。
W373,41-45,data analysis,n.,資料分析,Oxford word chosen from data analysis。,,,,data analysis in context：在語境中使用 data analysis；learn data analysis：學習「資料分析」,exam passage：考卷文章；context：語境；review：複習,,,The exam uses data analysis in context.：考卷在語境中使用 data analysis。
W374,41-45,vast,adj.,廣大的；大量的,vast language corpus。,,,,vast in context：在語境中使用 vast；learn vast：學習「廣大的；大量的」,exam passage：考卷文章；context：語境；review：複習,,,The exam uses vast in context.：考卷在語境中使用 vast。
W375,41-45,corpus,n.,語料庫,language corpus。,,,,corpus in context：在語境中使用 corpus；learn corpus：學習「語料庫」,exam passage：考卷文章；context：語境；review：複習,,,The exam uses corpus in context.：考卷在語境中使用 corpus。
W376,41-45,tagged,adj.,已標記的,tagged electronic text。,,,,tagged in context：在語境中使用 tagged；learn tagged：學習「已標記的」,exam passage：考卷文章；context：語境；review：複習,,,The exam uses tagged in context.：考卷在語境中使用 tagged。
W377,41-45,regularly,adv.,定期地；經常地,regularly updated。,,,,regularly in context：在語境中使用 regularly；learn regularly：學習「定期地；經常地」,exam passage：考卷文章；context：語境；review：複習,,,The exam uses regularly in context.：考卷在語境中使用 regularly。
W378,41-45,lexicologist,n.,詞彙學家,Oxford's lexicologists。,,,,lexicologist in context：在語境中使用 lexicologist；learn lexicologist：學習「詞彙學家」,exam passage：考卷文章；context：語境；review：複習,,,The exam uses lexicologist in context.：考卷在語境中使用 lexicologist。
W379,41-45,compilation,n.,彙編；編纂物,study the compilation。,,,,compilation in context：在語境中使用 compilation；learn compilation：學習「彙編；編纂物」,exam passage：考卷文章；context：語境；review：複習,,,The exam uses compilation in context.：考卷在語境中使用 compilation。
W380,41-45,trend,n.,趨勢,analyze trends。,,,,trend in context：在語境中使用 trend；learn trend：學習「趨勢」,exam passage：考卷文章；context：語境；review：複習,,,The exam uses trend in context.：考卷在語境中使用 trend。
W381,41-45,candidate,n.,候選者,candidates for the word。,,,,candidate in context：在語境中使用 candidate；learn candidate：學習「候選者」,exam passage：考卷文章；context：語境；review：複習,,,The exam uses candidate in context.：考卷在語境中使用 candidate。
W382,41-45,data-driven,adj.,資料驅動的,data-driven candidates。,,,,data-driven in context：在語境中使用 data-driven；learn data-driven：學習「資料驅動的」,exam passage：考卷文章；context：語境；review：複習,,,The exam uses data-driven in context.：考卷在語境中使用 data-driven。
W383,41-45,runner-up,n.,第二名；入圍者,runners-up metaverse and hashtag。,,,,runner-up in context：在語境中使用 runner-up；learn runner-up：學習「第二名；入圍者」,exam passage：考卷文章；context：語境；review：複習,,,The exam uses runner-up in context.：考卷在語境中使用 runner-up。
W384,41-45,metaverse,n.,元宇宙,runner-up word。,,,,metaverse in context：在語境中使用 metaverse；learn metaverse：學習「元宇宙」,exam passage：考卷文章；context：語境；review：複習,,,The exam uses metaverse in context.：考卷在語境中使用 metaverse。
W385,41-45,hashtag,n.,主題標籤,hashtag #IStandWith。,,,,hashtag in context：在語境中使用 hashtag；learn hashtag：學習「主題標籤」,exam passage：考卷文章；context：語境；review：複習,,,The exam uses hashtag in context.：考卷在語境中使用 hashtag。
W386,41-45,run away with,phr. v.,輕易贏得,ran away with 93 percent of votes。,,,,run away with in context：在語境中使用 run away with；learn run away with：學習「輕易贏得」,exam passage：考卷文章；context：語境；review：複習,,,The exam uses run away with in context.：考卷在語境中使用 run away with。
W387,41-45,vote,n./v.,投票；票,"340,000 votes。",,,,vote in context：在語境中使用 vote；learn vote：學習「投票；票」,exam passage：考卷文章；context：語境；review：複習,,,The exam uses vote in context.：考卷在語境中使用 vote。
W388,41-45,unstoppable,adj.,無法阻擋的,proved unstoppable。,,,,unstoppable in context：在語境中使用 unstoppable；learn unstoppable：學習「無法阻擋的」,exam passage：考卷文章；context：語境；review：複習,,,The exam uses unstoppable in context.：考卷在語境中使用 unstoppable。
W389,41-45,nudge,n./v.,推動；輕推,helpful nudge from communities。,,,,nudge in context：在語境中使用 nudge；learn nudge：學習「推動；輕推」,exam passage：考卷文章；context：語境；review：複習,,,The exam uses nudge in context.：考卷在語境中使用 nudge。
W390,41-45,community,n.,社群；社區,online communities。,,,,community in context：在語境中使用 community；learn community：學習「社群；社區」,exam passage：考卷文章；context：語境；review：複習,,,The exam uses community in context.：考卷在語境中使用 community。
W391,41-45,implore,v.,懇求；哀求,implored readers to vote。,,implore-implored-implored,imploring,implore in context：在語境中使用 implore；learn implore：學習「懇求；哀求」,exam passage：考卷文章；context：語境；review：複習,,,The exam uses implore in context.：考卷在語境中使用 implore。
W392,41-45,put aside,phr. v.,擱置；放下,put aside petty differences。,,,,put aside in context：在語境中使用 put aside；learn put aside：學習「擱置；放下」,exam passage：考卷文章；context：語境；review：複習,,,The exam uses put aside in context.：考卷在語境中使用 put aside。
W393,41-45,petty,adj.,瑣碎的；小器的,petty differences。,,,,petty in context：在語境中使用 petty；learn petty：學習「瑣碎的；小器的」,exam passage：考卷文章；context：語境；review：複習,,,The exam uses petty in context.：考卷在語境中使用 petty。
W394,41-45,difference,n.,差異,petty differences。,,,,difference in context：在語境中使用 difference；learn difference：學習「差異」,exam passage：考卷文章；context：語境；review：複習,,,The exam uses difference in context.：考卷在語境中使用 difference。
W395,41-45,resonate with,phr. v.,引起共鳴,resonated with overwhelmed people。,,,,resonate with in context：在語境中使用 resonate with；learn resonate with：學習「引起共鳴」,exam passage：考卷文章；context：語境；review：複習,,,The exam uses resonate with in context.：考卷在語境中使用 resonate with。
W396,41-45,overwhelmed,adj.,不知所措的；被壓垮的,people feeling overwhelmed。,,,,overwhelmed in context：在語境中使用 overwhelmed；learn overwhelmed：學習「不知所措的；被壓垮的」,exam passage：考卷文章；context：語境；review：複習,,,The exam uses overwhelmed in context.：考卷在語境中使用 overwhelmed。
W397,41-45,statement,n.,聲明；陳述,said in a statement。,,,,statement in context：在語境中使用 statement；learn statement：學習「聲明；陳述」,exam passage：考卷文章；context：語境；review：複習,,,The exam uses statement in context.：考卷在語境中使用 statement。
W398,41-45,announce,v.,宣布,announcing word of the year。,,announce-announced-announced,announcing,announce in context：在語境中使用 announce；learn announce：學習「宣布」,exam passage：考卷文章；context：語境；review：複習,,,The exam uses announce in context.：考卷在語境中使用 announce。
W399,41-45,embrace,v.,擁抱；接受,embracing their inner goblin。,,embrace-embraced-embraced,embracing,embrace in context：在語境中使用 embrace；learn embrace：學習「擁抱；接受」,exam passage：考卷文章；context：語境；review：複習,,,The exam uses embrace in context.：考卷在語境中使用 embrace。
W400,41-45,inner,adj.,內在的,inner goblin。,,,,inner in context：在語境中使用 inner；learn inner：學習「內在的」,exam passage：考卷文章；context：語境；review：複習,,,The exam uses inner in context.：考卷在語境中使用 inner。
W401,41-45,capture,v.,捕捉；表達,word captures the trend。,,capture-captured-captured,capturing,capture in context：在語境中使用 capture；learn capture：學習「捕捉；表達」,exam passage：考卷文章；context：語境；review：複習,,,The exam uses capture in context.：考卷在語境中使用 capture。
W402,41-45,performative,adj.,表演性的；做給人看的,performative style。,,,,performative in context：在語境中使用 performative；learn performative：學習「表演性的；做給人看的」,exam passage：考卷文章；context：語境；review：複習,,,The exam uses performative in context.：考卷在語境中使用 performative。
W403,41-45,pertinent,adj.,相關的；切題的,especially pertinent in a year of change。,,,,pertinent in context：在語境中使用 pertinent；learn pertinent：學習「相關的；切題的」,exam passage：考卷文章；context：語境；review：複習,,,The exam uses pertinent in context.：考卷在語境中使用 pertinent。
W404,41-45,global climate,n.,全球氣候,change in global climate。,,,,global climate in context：在語境中使用 global climate；learn global climate：學習「全球氣候」,exam passage：考卷文章；context：語境；review：複習,,,The exam uses global climate in context.：考卷在語境中使用 global climate。
W405,41-45,international politics,n.,國際政治,change in international politics。,,,,international politics in context：在語境中使用 international politics；learn international politics：學習「國際政治」,exam passage：考卷文章；context：語境；review：複習,,,The exam uses international politics in context.：考卷在語境中使用 international politics。
W406,41-45,bodily rights,n.,身體自主權,change in bodily rights。,,,,bodily rights in context：在語境中使用 bodily rights；learn bodily rights：學習「身體自主權」,exam passage：考卷文章；context：語境；review：複習,,,The exam uses bodily rights in context.：考卷在語境中使用 bodily rights。
W407,41-45,reflect,v.,反映,word of the year reflects mood。,,reflect-reflected-reflected,reflecting,reflect in context：在語境中使用 reflect；learn reflect：學習「反映」,exam passage：考卷文章；context：語境；review：複習,,,The exam uses reflect in context.：考卷在語境中使用 reflect。
W408,41-45,ethos,n.,精神特質；風氣,"reflect ethos, mood, preoccupations。",,,,ethos in context：在語境中使用 ethos；learn ethos：學習「精神特質；風氣」,exam passage：考卷文章；context：語境；review：複習,,,The exam uses ethos in context.：考卷在語境中使用 ethos。
W409,41-45,mood,n.,情緒；氣氛,reflect mood。,,,,mood in context：在語境中使用 mood；learn mood：學習「情緒；氣氛」,exam passage：考卷文章；context：語境；review：複習,,,The exam uses mood in context.：考卷在語境中使用 mood。
W410,41-45,preoccupation,n.,關注；牽掛,preoccupations of past months。,,,,preoccupation in context：在語境中使用 preoccupation；learn preoccupation：學習「關注；牽掛」,exam passage：考卷文章；context：語境；review：複習,,,The exam uses preoccupation in context.：考卷在語境中使用 preoccupation。
W411,41-45,emerge,v.,出現；浮現,changes emerged。,,emerge-emerged-emerged,emerging,emerge in context：在語境中使用 emerge；learn emerge：學習「出現；浮現」,exam passage：考卷文章；context：語境；review：複習,,,The exam uses emerge in context.：考卷在語境中使用 emerge。
W412,41-45,resume,v.,恢復；重新開始,resumed pre-pandemic routines。,,resume-resumed-resumed,resuming,resume in context：在語境中使用 resume；learn resume：學習「恢復；重新開始」,exam passage：考卷文章；context：語境；review：複習,,,The exam uses resume in context.：考卷在語境中使用 resume。
W413,41-45,pre-pandemic,adj.,疫情前的,pre-pandemic routines。,,,,pre-pandemic in context：在語境中使用 pre-pandemic；learn pre-pandemic：學習「疫情前的」,exam passage：考卷文章；context：語境；review：複習,,,The exam uses pre-pandemic in context.：考卷在語境中使用 pre-pandemic。
W414,41-45,routine,n.,例行事項；常規,returning to routines。,,,,routine in context：在語境中使用 routine；learn routine：學習「例行事項；常規」,exam passage：考卷文章；context：語境；review：複習,,,The exam uses routine in context.：考卷在語境中使用 routine。
W415,41-45,product director,n.,產品總監,Oxford product director。,,,,product director in context：在語境中使用 product director；learn product director：學習「產品總監」,exam passage：考卷文章；context：語境；review：複習,,,The exam uses product director in context.：考卷在語境中使用 product director。
W416,41-45,inspire,v.,啟發；激發,team was inspired to rethink。,,inspire-inspired-inspired,inspiring,inspire in context：在語境中使用 inspire；learn inspire：學習「啟發；激發」,exam passage：考卷文章；context：語境；review：複習,,,The exam uses inspire in context.：考卷在語境中使用 inspire。
W417,41-45,rethink,v.,重新思考,rethink word selection。,,rethink-rethinked-rethinked,rethinking,rethink in context：在語境中使用 rethink；learn rethink：學習「重新思考」,exam passage：考卷文章；context：語境；review：複習,,,The exam uses rethink in context.：考卷在語境中使用 rethink。
W418,41-45,selection,n.,選擇；挑選,word of the year selection。,,,,selection in context：在語境中使用 selection；learn selection：學習「選擇；挑選」,exam passage：考卷文章；context：語境；review：複習,,,The exam uses selection in context.：考卷在語境中使用 selection。
W419,41-45,public vote,n.,公眾投票,put it up to public vote。,,,,public vote in context：在語境中使用 public vote；learn public vote：學習「公眾投票」,exam passage：考卷文章；context：語境；review：複習,,,The exam uses public vote in context.：考卷在語境中使用 public vote。
W420,41-45,approach,n.,方法；途徑,same old approach。,,,,approach in context：在語境中使用 approach；learn approach：學習「方法；途徑」,exam passage：考卷文章；context：語境；review：複習,,,The exam uses approach in context.：考卷在語境中使用 approach。
W421,41-45,come out of nowhere,phr.,突然冒出；毫無來由出現,term didn't come out of nowhere。,,,,come out of nowhere in context：在語境中使用 come out of nowhere；learn come out of nowhere：學習「突然冒出；毫無來由出現」,exam passage：考卷文章；context：語境；review：複習,,,The exam uses come out of nowhere in context.：考卷在語境中使用 come out of nowhere。
W422,41-45,appear,v.,出現,appeared on Twitter。,,appear-appeared-appeared,appearing,appear in context：在語境中使用 appear；learn appear：學習「出現」,exam passage：考卷文章；context：語境；review：複習,,,The exam uses appear in context.：考卷在語境中使用 appear。
W423,41-45,precursor,n.,先驅；前身,precursor in beast mode。,,,,precursor in context：在語境中使用 precursor；learn precursor：學習「先驅；前身」,exam passage：考卷文章；context：語境；review：複習,,,The exam uses precursor in context.：考卷在語境中使用 precursor。
W424,41-45,reference,n./v.,提及；參照,a reference to a cartoon。,,,,reference in context：在語境中使用 reference；learn reference：學習「提及；參照」,exam passage：考卷文章；context：語境；review：複習,,,The exam uses reference in context.：考卷在語境中使用 reference。
W425,41-45,shift into,phr. v.,轉變成,robots shift into beast mode。,,,,shift into in context：在語境中使用 shift into；learn shift into：學習「轉變成」,exam passage：考卷文章；context：語境；review：複習,,,The exam uses shift into in context.：考卷在語境中使用 shift into。
W426,41-45,spike,v./n.,暴增；尖峰,interest spiked in February。,,spike-spiked-spiked,spiking,spike in context：在語境中使用 spike；learn spike：學習「暴增；尖峰」,exam passage：考卷文章；context：語境；review：複習,,,The exam uses spike in context.：考卷在語境中使用 spike。
W427,41-45,viral,adj.,爆紅的；病毒式傳播的,viral tweet。,,,,viral in context：在語境中使用 viral；learn viral：學習「爆紅的；病毒式傳播的」,exam passage：考卷文章；context：語境；review：複習,,,The exam uses viral in context.：考卷在語境中使用 viral。
W428,41-45,feature,v./n.,以……為特色；特徵,tweet featured the word。,,feature-featured-featured,featuring,feature in context：在語境中使用 feature；learn feature：學習「以……為特色；特徵」,exam passage：考卷文章；context：語境；review：複習,,,The exam uses feature in context.：考卷在語境中使用 feature。
W429,41-45,fake headline,n.,假標題,viral tweet used a fake headline。,,,,fake headline in context：在語境中使用 fake headline；learn fake headline：學習「假標題」,exam passage：考卷文章；context：語境；review：複習,,,The exam uses fake headline in context.：考卷在語境中使用 fake headline。
W430,41-45,purportedly,adv.,據稱；表面上,purportedly written to show fake news。,,,,purportedly in context：在語境中使用 purportedly；learn purportedly：學習「據稱；表面上」,exam passage：考卷文章；context：語境；review：複習,,,The exam uses purportedly in context.：考卷在語境中使用 purportedly。
W431,41-45,short-lived,adj.,短暫的,short-lived romance。,,,,short-lived in context：在語境中使用 short-lived；learn short-lived：學習「短暫的」,exam passage：考卷文章；context：語境；review：複習,,,The exam uses short-lived in context.：考卷在語境中使用 short-lived。
W432,41-45,romance,n.,戀情；浪漫,romance between Julia Fox and Ye。,,,,romance in context：在語境中使用 romance；learn romance：學習「戀情；浪漫」,exam passage：考卷文章；context：語境；review：複習,,,The exam uses romance in context.：考卷在語境中使用 romance。
W433,41-45,formerly,adv.,以前；從前,formerly known as Kanye West。,,,,formerly in context：在語境中使用 formerly；learn formerly：學習「以前；從前」,exam passage：考卷文章；context：語境；review：複習,,,The exam uses formerly in context.：考卷在語境中使用 formerly。
W434,41-45,doctored,adj.,被竄改的,doctored headline。,,,,doctored in context：在語境中使用 doctored；learn doctored：學習「被竄改的」,exam passage：考卷文章；context：語境；review：複習,,,The exam uses doctored in context.：考卷在語境中使用 doctored。
W435,41-45,clarify,v.,澄清,Fox clarified on Instagram。,,clarify-clarifyed-clarifyed,clarifying,clarify in context：在語境中使用 clarify；learn clarify：學習「澄清」,exam passage：考卷文章；context：語境；review：複習,,,The exam uses clarify in context.：考卷在語境中使用 clarify。
W436,41-45,for the record,phr.,鄭重說明；供記錄,Just for the record。,,,,for the record in context：在語境中使用 for the record；learn for the record：學習「鄭重說明；供記錄」,exam passage：考卷文章；context：語境；review：複習,,,The exam uses for the record in context.：考卷在語境中使用 for the record。
W437,41-45,latch onto,phr. v.,抓住；開始熱衷於,people latched onto the word。,,,,latch onto in context：在語境中使用 latch onto；learn latch onto：學習「抓住；開始熱衷於」,exam passage：考卷文章；context：語境；review：複習,,,The exam uses latch onto in context.：考卷在語境中使用 latch onto。
W438,41-45,reflection,n.,反映；倒影,not always a reflection of usage elsewhere。,,,,reflection in context：在語境中使用 reflection；learn reflection：學習「反映；倒影」,exam passage：考卷文章；context：語境；review：複習,,,The exam uses reflection in context.：考卷在語境中使用 reflection。
W439,41-45,elsewhere,adv.,在別處,used elsewhere。,,,,elsewhere in context：在語境中使用 elsewhere；learn elsewhere：學習「在別處」,exam passage：考卷文章；context：語境；review：複習,,,The exam uses elsewhere in context.：考卷在語境中使用 elsewhere。
W440,41-45,barometer,n.,晴雨表；指標,social media is a barometer。,,,,barometer in context：在語境中使用 barometer；learn barometer：學習「晴雨表；指標」,exam passage：考卷文章；context：語境；review：複習,,,The exam uses barometer in context.：考卷在語境中使用 barometer。
W441,41-45,dictionary,n.,字典,Words selected by dictionaries。,,,,dictionary in context：在語境中使用 dictionary；learn dictionary：學習「字典」,exam passage：考卷文章；context：語境；review：複習,,,The exam uses dictionary in context.：考卷在語境中使用 dictionary。
W442,41-45,crown,v.,加冕；選為,Merriam-Webster crowned gaslighting。,,crown-crowned-crowned,crowning,crown in context：在語境中使用 crown；learn crown：學習「加冕；選為」,exam passage：考卷文章；context：語境；review：複習,,,The exam uses crown in context.：考卷在語境中使用 crown。
W443,41-45,gaslighting,n.,煤氣燈操控；心理操控,word of the year chosen by Merriam-Webster。,,,,gaslighting in context：在語境中使用 gaslighting；learn gaslighting：學習「煤氣燈操控；心理操控」,exam passage：考卷文章；context：語境；review：複習,,,The exam uses gaslighting in context.：考卷在語境中使用 gaslighting。
W444,41-45,grossly,adv.,嚴重地；明顯地,grossly misleading someone。,,,,grossly in context：在語境中使用 grossly；learn grossly：學習「嚴重地；明顯地」,exam passage：考卷文章；context：語境；review：複習,,,The exam uses grossly in context.：考卷在語境中使用 grossly。
W445,41-45,mislead,v.,誤導,gaslighting means misleading someone。,,mislead-misleaded-misleaded,misleading,mislead in context：在語境中使用 mislead；learn mislead：學習「誤導」,exam passage：考卷文章；context：語境；review：複習,,,The exam uses mislead in context.：考卷在語境中使用 mislead。
W446,41-45,advantage,n.,優勢；好處,for one's own advantage。,,,,advantage in context：在語境中使用 advantage；learn advantage：學習「優勢；好處」,exam passage：考卷文章；context：語境；review：複習,,,The exam uses advantage in context.：考卷在語境中使用 advantage。
W447,41-45,permacrisis,n.,長期危機,Collins word of the year。,,,,permacrisis in context：在語境中使用 permacrisis；learn permacrisis：學習「長期危機」,exam passage：考卷文章；context：語境；review：複習,,,The exam uses permacrisis in context.：考卷在語境中使用 permacrisis。
W448,41-45,extended,adj.,延長的；長期的,extended period。,,,,extended in context：在語境中使用 extended；learn extended：學習「延長的；長期的」,exam passage：考卷文章；context：語境；review：複習,,,The exam uses extended in context.：考卷在語境中使用 extended。
W449,41-45,instability,n.,不穩定,period of instability。,,,,instability in context：在語境中使用 instability；learn instability：學習「不穩定」,exam passage：考卷文章；context：語境；review：複習,,,The exam uses instability in context.：考卷在語境中使用 instability。
W450,41-45,insecurity,n.,不安全；不安,period of insecurity。,,,,insecurity in context：在語境中使用 insecurity；learn insecurity：學習「不安全；不安」,exam passage：考卷文章；context：語境；review：複習,,,The exam uses insecurity in context.：考卷在語境中使用 insecurity。
W451,41-45,sum up,phr. v.,總結,word sums up 2022。,,,,sum up in context：在語境中使用 sum up；learn sum up：學習「總結」,exam passage：考卷文章；context：語境；review：複習,,,The exam uses sum up in context.：考卷在語境中使用 sum up。
W452,41-45,succinctly,adv.,簡潔地,sums up succinctly。,,,,succinctly in context：在語境中使用 succinctly；learn succinctly：學習「簡潔地」,exam passage：考卷文章；context：語境；review：複習,,,The exam uses succinctly in context.：考卷在語境中使用 succinctly。
W453,41-45,premise,n.,前提,第41題選項。,,,,premise in context：在語境中使用 premise；learn premise：學習「前提」,exam passage：考卷文章；context：語境；review：複習,,,The exam uses premise in context.：考卷在語境中使用 premise。
W454,41-45,temperance,n.,節制；克制,第41題選項。,,,,temperance in context：在語境中使用 temperance；learn temperance：學習「節制；克制」,exam passage：考卷文章；context：語境；review：複習,,,The exam uses temperance in context.：考卷在語境中使用 temperance。
W455,41-45,sequel,n.,續集；後續,第41題選項。,,,,sequel in context：在語境中使用 sequel；learn sequel：學習「續集；後續」,exam passage：考卷文章；context：語境；review：複習,,,The exam uses sequel in context.：考卷在語境中使用 sequel。
W456,41-45,spirit,n.,精神；靈魂,zeitgeist 的近義選項。,,,,spirit in context：在語境中使用 spirit；learn spirit：學習「精神；靈魂」,exam passage：考卷文章；context：語境；review：複習,,,The exam uses spirit in context.：考卷在語境中使用 spirit。
W457,41-45,depict,v.,描繪；描述,question option: term depicts behavior。,,depict-depicted-depicted,depicting,depict in context：在語境中使用 depict；learn depict：學習「描繪；描述」,exam passage：考卷文章；context：語境；review：複習,,,The exam uses depict in context.：考卷在語境中使用 depict。
W458,41-45,fiancé,n.,未婚夫,第44題選項用字。,,,,fiancé in context：在語境中使用 fiancé；learn fiancé：學習「未婚夫」,exam passage：考卷文章；context：語境；review：複習,,,The exam uses fiancé in context.：考卷在語境中使用 fiancé。
W459,46-50,Hollywood,n./adj.,好萊塢；影視圈的,Hollywood superstar。,,,,Hollywood in context：在語境中使用 Hollywood；learn Hollywood：學習「好萊塢；影視圈的」,exam passage：考卷文章；context：語境；review：複習,,,The exam uses Hollywood in context.：考卷在語境中使用 Hollywood。
W460,46-50,superstar,n.,超級巨星,Hollywood superstar diagnosed with aphasia。,,,,superstar in context：在語境中使用 superstar；learn superstar：學習「超級巨星」,exam passage：考卷文章；context：語境；review：複習,,,The exam uses superstar in context.：考卷在語境中使用 superstar。
W461,46-50,aphasia,n.,失語症,Passage 2 主題。,,,,aphasia in context：在語境中使用 aphasia；learn aphasia：學習「失語症」,exam passage：考卷文章；context：語境；review：複習,,,The exam uses aphasia in context.：考卷在語境中使用 aphasia。
W462,46-50,draw attention,phr.,引起注意,drew everyone's attention。,,,,draw attention in context：在語境中使用 draw attention；learn draw attention：學習「引起注意」,exam passage：考卷文章；context：語境；review：複習,,,The exam uses draw attention in context.：考卷在語境中使用 draw attention。
W463,46-50,effect,n.,影響；效果,causes and effects。,,,,effect in context：在語境中使用 effect；learn effect：學習「影響；效果」,exam passage：考卷文章；context：語境；review：複習,,,The exam uses effect in context.：考卷在語境中使用 effect。
W464,46-50,medical statistic,n.,醫學統計,according to medical statistics。,,,,medical statistic in context：在語境中使用 medical statistic；learn medical statistic：學習「醫學統計」,exam passage：考卷文章；context：語境；review：複習,,,The exam uses medical statistic in context.：考卷在語境中使用 medical statistic。
W465,46-50,approximately,adv.,大約,approximately one-third。,,,,approximately in context：在語境中使用 approximately；learn approximately：學習「大約」,exam passage：考卷文章；context：語境；review：複習,,,The exam uses approximately in context.：考卷在語境中使用 approximately。
W466,46-50,stroke,n.,中風,stroke survivors。,,,,stroke in context：在語境中使用 stroke；learn stroke：學習「中風」,exam passage：考卷文章；context：語境；review：複習,,,The exam uses stroke in context.：考卷在語境中使用 stroke。
W467,46-50,survivor,n.,倖存者；存活者,stroke survivors。,,,,survivor in context：在語境中使用 survivor；learn survivor：學習「倖存者；存活者」,exam passage：考卷文章；context：語境；review：複習,,,The exam uses survivor in context.：考卷在語境中使用 survivor。
W468,46-50,suffer from,phr. v.,罹患；受……之苦,suffer from impaired abilities。,,,,suffer from in context：在語境中使用 suffer from；learn suffer from：學習「罹患；受……之苦」,exam passage：考卷文章；context：語境；review：複習,,,The exam uses suffer from in context.：考卷在語境中使用 suffer from。
W469,46-50,impaired,adj.,受損的,impaired communication abilities。,,,,impaired in context：在語境中使用 impaired；learn impaired：學習「受損的」,exam passage：考卷文章；context：語境；review：複習,,,The exam uses impaired in context.：考卷在語境中使用 impaired。
W470,46-50,communication ability,n.,溝通能力,impaired communication abilities。,,,,communication ability in context：在語境中使用 communication ability；learn communication ability：學習「溝通能力」,exam passage：考卷文章；context：語境；review：複習,,,The exam uses communication ability in context.：考卷在語境中使用 communication ability。
W471,46-50,longstanding,adj.,長期存在的,longstanding symptoms。,,,,longstanding in context：在語境中使用 longstanding；learn longstanding：學習「長期存在的」,exam passage：考卷文章；context：語境；review：複習,,,The exam uses longstanding in context.：考卷在語境中使用 longstanding。
W472,46-50,symptom,n.,症狀,symptoms of aphasia。,,,,symptom in context：在語境中使用 symptom；learn symptom：學習「症狀」,exam passage：考卷文章；context：語境；review：複習,,,The exam uses symptom in context.：考卷在語境中使用 symptom。
W473,46-50,lesion,n.,病灶；損傷,lesions on anterior brain regions。,,,,lesion in context：在語境中使用 lesion；learn lesion：學習「病灶；損傷」,exam passage：考卷文章；context：語境；review：複習,,,The exam uses lesion in context.：考卷在語境中使用 lesion。
W474,46-50,anterior,adj.,前部的,anterior brain regions。,,,,anterior in context：在語境中使用 anterior；learn anterior：學習「前部的」,exam passage：考卷文章；context：語境；review：複習,,,The exam uses anterior in context.：考卷在語境中使用 anterior。
W475,46-50,brain region,n.,腦區,anterior brain regions。,,,,brain region in context：在語境中使用 brain region；learn brain region：學習「腦區」,exam passage：考卷文章；context：語境；review：複習,,,The exam uses brain region in context.：考卷在語境中使用 brain region。
W476,46-50,long-term care,n.,長期照護,often require long-term care。,,,,long-term care in context：在語境中使用 long-term care；learn long-term care：學習「長期照護」,exam passage：考卷文章；context：語境；review：複習,,,The exam uses long-term care in context.：考卷在語境中使用 long-term care。
W477,46-50,substantial,adj.,大量的；重大的,substantial burdens。,,,,substantial in context：在語境中使用 substantial；learn substantial：學習「大量的；重大的」,exam passage：考卷文章；context：語境；review：複習,,,The exam uses substantial in context.：考卷在語境中使用 substantial。
W478,46-50,economic,adj.,經濟的,economic burdens。,,,,economic in context：在語境中使用 economic；learn economic：學習「經濟的」,exam passage：考卷文章；context：語境；review：複習,,,The exam uses economic in context.：考卷在語境中使用 economic。
W479,46-50,mental health,n.,心理健康,mental health burdens。,,,,mental health in context：在語境中使用 mental health；learn mental health：學習「心理健康」,exam passage：考卷文章；context：語境；review：複習,,,The exam uses mental health in context.：考卷在語境中使用 mental health。
W480,46-50,burden,n.,負擔,burdens on family and society。,,,,burden in context：在語境中使用 burden；learn burden：學習「負擔」,exam passage：考卷文章；context：語境；review：複習,,,The exam uses burden in context.：考卷在語境中使用 burden。
W481,46-50,medical resource,n.,醫療資源,community medical resources。,,,,medical resource in context：在語境中使用 medical resource；learn medical resource：學習「醫療資源」,exam passage：考卷文章；context：語境；review：複習,,,The exam uses medical resource in context.：考卷在語境中使用 medical resource。
W482,46-50,confirm,v.,確認,resources have confirmed。,,confirm-confirmed-confirmed,confirming,confirm in context：在語境中使用 confirm；learn confirm：學習「確認」,exam passage：考卷文章；context：語境；review：複習,,,The exam uses confirm in context.：考卷在語境中使用 confirm。
W483,46-50,promote,v.,促進；推廣,promoting engagement with rehabilitation。,,promote-promoted-promoted,promoting,promote in context：在語境中使用 promote；learn promote：學習「促進；推廣」,exam passage：考卷文章；context：語境；review：複習,,,The exam uses promote in context.：考卷在語境中使用 promote。
W484,46-50,engagement,n.,參與；投入,full engagement with treatment。,,,,engagement in context：在語境中使用 engagement；learn engagement：學習「參與；投入」,exam passage：考卷文章；context：語境；review：複習,,,The exam uses engagement in context.：考卷在語境中使用 engagement。
W485,46-50,rehabilitation,n.,復健,rehabilitation treatment。,,,,rehabilitation in context：在語境中使用 rehabilitation；learn rehabilitation：學習「復健」,exam passage：考卷文章；context：語境；review：複習,,,The exam uses rehabilitation in context.：考卷在語境中使用 rehabilitation。
W486,46-50,post-stroke,adj.,中風後的,post-stroke patients。,,,,post-stroke in context：在語境中使用 post-stroke；learn post-stroke：學習「中風後的」,exam passage：考卷文章；context：語境；review：複習,,,The exam uses post-stroke in context.：考卷在語境中使用 post-stroke。
W487,46-50,disability rate,n.,失能率,reduced disability rate。,,,,disability rate in context：在語境中使用 disability rate；learn disability rate：學習「失能率」,exam passage：考卷文章；context：語境；review：複習,,,The exam uses disability rate in context.：考卷在語境中使用 disability rate。
W488,46-50,activity of daily living,n.,日常生活活動能力,increased activities of daily living。,,,,activity of daily living in context：在語境中使用 activity of daily living；learn activity of daily living：學習「日常生活活動能力」,exam passage：考卷文章；context：語境；review：複習,,,The exam uses activity of daily living in context.：考卷在語境中使用 activity of daily living。
W489,46-50,intensive,adj.,密集的；強化的,intensive speech therapy。,,,,intensive in context：在語境中使用 intensive；learn intensive：學習「密集的；強化的」,exam passage：考卷文章；context：語境；review：複習,,,The exam uses intensive in context.：考卷在語境中使用 intensive。
W490,46-50,speech and language therapy,n.,語言治療,SLT improves function。,,,,speech and language therapy in context：在語境中使用 speech and language therapy；learn speech and language therapy：學習「語言治療」,exam passage：考卷文章；context：語境；review：複習,,,The exam uses speech and language therapy in context.：考卷在語境中使用 speech and language therapy。
W491,46-50,functional,adj.,功能的,functional reorganization。,,,,functional in context：在語境中使用 functional；learn functional：學習「功能的」,exam passage：考卷文章；context：語境；review：複習,,,The exam uses functional in context.：考卷在語境中使用 functional。
W492,46-50,reorganization,n.,重組,functional reorganization of nervous system。,,,,reorganization in context：在語境中使用 reorganization；learn reorganization：學習「重組」,exam passage：考卷文章；context：語境；review：複習,,,The exam uses reorganization in context.：考卷在語境中使用 reorganization。
W493,46-50,central nervous system,n.,中樞神經系統,central nervous system。,,,,central nervous system in context：在語境中使用 central nervous system；learn central nervous system：學習「中樞神經系統」,exam passage：考卷文章；context：語境；review：複習,,,The exam uses central nervous system in context.：考卷在語境中使用 central nervous system。
W494,46-50,high-intensity,adj.,高強度的,high-intensity interventions。,,,,high-intensity in context：在語境中使用 high-intensity；learn high-intensity：學習「高強度的」,exam passage：考卷文章；context：語境；review：複習,,,The exam uses high-intensity in context.：考卷在語境中使用 high-intensity。
W495,46-50,high-dose,adj.,高劑量的,high-dose interventions。,,,,high-dose in context：在語境中使用 high-dose；learn high-dose：學習「高劑量的」,exam passage：考卷文章；context：語境；review：複習,,,The exam uses high-dose in context.：考卷在語境中使用 high-dose。
W496,46-50,intervention,n.,介入；治療措施,treatment interventions。,,,,intervention in context：在語境中使用 intervention；learn intervention：學習「介入；治療措施」,exam passage：考卷文章；context：語境；review：複習,,,The exam uses intervention in context.：考卷在語境中使用 intervention。
W497,46-50,acceptable,adj.,可接受的,may not be acceptable to all patients。,,,,acceptable in context：在語境中使用 acceptable；learn acceptable：學習「可接受的」,exam passage：考卷文章；context：語境；review：複習,,,The exam uses acceptable in context.：考卷在語境中使用 acceptable。
W498,46-50,adjunct,n./adj.,輔助；附加的,treatments adjunct to SLT。,,,,adjunct in context：在語境中使用 adjunct；learn adjunct：學習「輔助；附加的」,exam passage：考卷文章；context：語境；review：複習,,,The exam uses adjunct in context.：考卷在語境中使用 adjunct。
W499,46-50,specifically,adv.,具體而言,More specifically。,,,,specifically in context：在語境中使用 specifically；learn specifically：學習「具體而言」,exam passage：考卷文章；context：語境；review：複習,,,The exam uses specifically in context.：考卷在語境中使用 specifically。
W500,46-50,evidence,n.,證據,recent evidence suggests。,,,,evidence in context：在語境中使用 evidence；learn evidence：學習「證據」,exam passage：考卷文章；context：語境；review：複習,,,The exam uses evidence in context.：考卷在語境中使用 evidence。
W501,46-50,suggest,v.,指出；建議,evidence suggests。,,suggest-suggested-suggested,suggesting,suggest in context：在語境中使用 suggest；learn suggest：學習「指出；建議」,exam passage：考卷文章；context：語境；review：複習,,,The exam uses suggest in context.：考卷在語境中使用 suggest。
W502,46-50,scalp acupuncture therapy,n.,頭皮針灸療法,SAT may have effects。,,,,scalp acupuncture therapy in context：在語境中使用 scalp acupuncture therapy；learn scalp acupuncture therapy：學習「頭皮針灸療法」,exam passage：考卷文章；context：語境；review：複習,,,The exam uses scalp acupuncture therapy in context.：考卷在語境中使用 scalp acupuncture therapy。
W503,46-50,beneficial,adj.,有益的,beneficial effects。,,,,beneficial in context：在語境中使用 beneficial；learn beneficial：學習「有益的」,exam passage：考卷文章；context：語境；review：複習,,,The exam uses beneficial in context.：考卷在語境中使用 beneficial。
W504,46-50,comprehension,n.,理解力,effects on comprehension。,,,,comprehension in context：在語境中使用 comprehension；learn comprehension：學習「理解力」,exam passage：考卷文章；context：語境；review：複習,,,The exam uses comprehension in context.：考卷在語境中使用 comprehension。
W505,46-50,oral expression,n.,口語表達,effects on oral expression。,,,,oral expression in context：在語境中使用 oral expression；learn oral expression：學習「口語表達」,exam passage：考卷文章；context：語境；review：複習,,,The exam uses oral expression in context.：考卷在語境中使用 oral expression。
W506,46-50,repetition,n.,重複；複誦,effects on repetition。,,,,repetition in context：在語境中使用 repetition；learn repetition：學習「重複；複誦」,exam passage：考卷文章；context：語境；review：複習,,,The exam uses repetition in context.：考卷在語境中使用 repetition。
W507,46-50,denomination,n.,命名；名稱；宗派,medical assessment item in aphasia context。,,,,denomination in context：在語境中使用 denomination；learn denomination：學習「命名；名稱；宗派」,exam passage：考卷文章；context：語境；review：複習,,,The exam uses denomination in context.：考卷在語境中使用 denomination。
W508,46-50,postapoplectic,adj.,中風後的,postapoplectic aphasia。,,,,postapoplectic in context：在語境中使用 postapoplectic；learn postapoplectic：學習「中風後的」,exam passage：考卷文章；context：語境；review：複習,,,The exam uses postapoplectic in context.：考卷在語境中使用 postapoplectic。
W509,46-50,appraise,v.,評估；估價,appraise cost-effectiveness。,,appraise-appraised-appraised,appraising,appraise in context：在語境中使用 appraise；learn appraise：學習「評估；估價」,exam passage：考卷文章；context：語境；review：複習,,,The exam uses appraise in context.：考卷在語境中使用 appraise。
W510,46-50,cost-effectiveness,n.,成本效益,appraise cost-effectiveness。,,,,cost-effectiveness in context：在語境中使用 cost-effectiveness；learn cost-effectiveness：學習「成本效益」,exam passage：考卷文章；context：語境；review：複習,,,The exam uses cost-effectiveness in context.：考卷在語境中使用 cost-effectiveness。
W511,46-50,combine,v.,結合,combining SAT with SLT。,,combine-combined-combined,combining,combine in context：在語境中使用 combine；learn combine：學習「結合」,exam passage：考卷文章；context：語境；review：複習,,,The exam uses combine in context.：考卷在語境中使用 combine。
W512,46-50,compared to,phr.,與……相比,compared to SLT alone。,,,,compared to in context：在語境中使用 compared to；learn compared to：學習「與……相比」,exam passage：考卷文章；context：語境；review：複習,,,The exam uses compared to in context.：考卷在語境中使用 compared to。
W513,46-50,combination therapy,n.,合併療法,combination therapy was cost-effective。,,,,combination therapy in context：在語境中使用 combination therapy；learn combination therapy：學習「合併療法」,exam passage：考卷文章；context：語境；review：複習,,,The exam uses combination therapy in context.：考卷在語境中使用 combination therapy。
W514,46-50,non-standard,adj.,非標準的,non-standard treatments。,,,,non-standard in context：在語境中使用 non-standard；learn non-standard：學習「非標準的」,exam passage：考卷文章；context：語境；review：複習,,,The exam uses non-standard in context.：考卷在語境中使用 non-standard。
W515,46-50,medication,n.,藥物,reduced medications。,,,,medication in context：在語境中使用 medication；learn medication：學習「藥物」,exam passage：考卷文章；context：語境；review：複習,,,The exam uses medication in context.：考卷在語境中使用 medication。
W516,46-50,direct non-medical cost,n.,直接非醫療成本,lower direct non-medical costs。,,,,direct non-medical cost in context：在語境中使用 direct non-medical cost；learn direct non-medical cost：學習「直接非醫療成本」,exam passage：考卷文章；context：語境；review：複習,,,The exam uses direct non-medical cost in context.：考卷在語境中使用 direct non-medical cost。
W517,46-50,self-paid expense,n.,自費支出,lower self-paid expenses。,,,,self-paid expense in context：在語境中使用 self-paid expense；learn self-paid expense：學習「自費支出」,exam passage：考卷文章；context：語境；review：複習,,,The exam uses self-paid expense in context.：考卷在語境中使用 self-paid expense。
W518,46-50,within-trial,adj.,試驗內的,within-trial cost-effectiveness analysis。,,,,within-trial in context：在語境中使用 within-trial；learn within-trial：學習「試驗內的」,exam passage：考卷文章；context：語境；review：複習,,,The exam uses within-trial in context.：考卷在語境中使用 within-trial。
W519,46-50,participant,n.,參與者,203 participants。,,,,participant in context：在語境中使用 participant；learn participant：學習「參與者」,exam passage：考卷文章；context：語境；review：複習,,,The exam uses participant in context.：考卷在語境中使用 participant。
W520,46-50,randomly,adv.,隨機地,randomly assigned。,,,,randomly in context：在語境中使用 randomly；learn randomly：學習「隨機地」,exam passage：考卷文章；context：語境；review：複習,,,The exam uses randomly in context.：考卷在語境中使用 randomly。
W521,46-50,assign,v.,分配；指派,assigned to intervention or control。,,assign-assigned-assigned,assigning,assign in context：在語境中使用 assign；learn assign：學習「分配；指派」,exam passage：考卷文章；context：語境；review：複習,,,The exam uses assign in context.：考卷在語境中使用 assign。
W522,46-50,receive,v.,接受；收到,receive scalp acupuncture。,,receive-received-received,receiving,receive in context：在語境中使用 receive；learn receive：學習「接受；收到」,exam passage：考卷文章；context：語境；review：複習,,,The exam uses receive in context.：考卷在語境中使用 receive。
W523,46-50,control,n./v.,控制組；控制,SLT alone control group。,,,,control in context：在語境中使用 control；learn control：學習「控制組；控制」,exam passage：考卷文章；context：語境；review：複習,,,The exam uses control in context.：考卷在語境中使用 control。
W524,46-50,undergo,v.,接受；經歷,groups underwent SLT。,,undergo-undergoed-undergoed,undergoing,undergo in context：在語境中使用 undergo；learn undergo：學習「接受；經歷」,exam passage：考卷文章；context：語境；review：複習,,,The exam uses undergo in context.：考卷在語境中使用 undergo。
W525,46-50,roughly,adv.,大約,roughly last 30 minutes。,,,,roughly in context：在語境中使用 roughly；learn roughly：學習「大約」,exam passage：考卷文章；context：語境；review：複習,,,The exam uses roughly in context.：考卷在語境中使用 roughly。
W526,46-50,simultaneously,adv.,同時地,simultaneously received acupuncture。,,,,simultaneously in context：在語境中使用 simultaneously；learn simultaneously：學習「同時地」,exam passage：考卷文章；context：語境；review：複習,,,The exam uses simultaneously in context.：考卷在語境中使用 simultaneously。
W527,46-50,outcome,n.,結果,outcomes were measured。,,,,outcome in context：在語境中使用 outcome；learn outcome：學習「結果」,exam passage：考卷文章；context：語境；review：複習,,,The exam uses outcome in context.：考卷在語境中使用 outcome。
W528,46-50,measure,v./n.,測量；措施,outcomes were measured。,,measure-measured-measured,measuring,measure in context：在語境中使用 measure；learn measure：學習「測量；措施」,exam passage：考卷文章；context：語境；review：複習,,,The exam uses measure in context.：考卷在語境中使用 measure。
W529,46-50,informal assessment,n.,非正式評估,using informal assessments。,,,,informal assessment in context：在語境中使用 informal assessment；learn informal assessment：學習「非正式評估」,exam passage：考卷文章；context：語境；review：複習,,,The exam uses informal assessment in context.：考卷在語境中使用 informal assessment。
W530,46-50,self-report questionnaire,n.,自陳問卷,self-report questionnaires。,,,,self-report questionnaire in context：在語境中使用 self-report questionnaire；learn self-report questionnaire：學習「自陳問卷」,exam passage：考卷文章；context：語境；review：複習,,,The exam uses self-report questionnaire in context.：考卷在語境中使用 self-report questionnaire。
W531,46-50,incremental,adj.,遞增的；增量的,incremental cost-effectiveness ratios。,,,,incremental in context：在語境中使用 incremental；learn incremental：學習「遞增的；增量的」,exam passage：考卷文章；context：語境；review：複習,,,The exam uses incremental in context.：考卷在語境中使用 incremental。
W532,46-50,ratio,n.,比率,cost-effectiveness ratios。,,,,ratio in context：在語境中使用 ratio；learn ratio：學習「比率」,exam passage：考卷文章；context：語境；review：複習,,,The exam uses ratio in context.：考卷在語境中使用 ratio。
W533,46-50,calculate,v.,計算,ratios were calculated。,,calculate-calculated-calculated,calculating,calculate in context：在語境中使用 calculate；learn calculate：學習「計算」,exam passage：考卷文章；context：語境；review：複習,,,The exam uses calculate in context.：考卷在語境中使用 calculate。
W534,46-50,additional,adj.,額外的,additional costs。,,,,additional in context：在語境中使用 additional；learn additional：學習「額外的」,exam passage：考卷文章；context：語境；review：複習,,,The exam uses additional in context.：考卷在語境中使用 additional。
W535,46-50,necessary,adj.,必要的,costs necessary to achieve outcomes。,,,,necessary in context：在語境中使用 necessary；learn necessary：學習「必要的」,exam passage：考卷文章；context：語境；review：複習,,,The exam uses necessary in context.：考卷在語境中使用 necessary。
W536,46-50,reveal,v.,揭露；顯示,analysis revealed results。,,reveal-revealed-revealed,revealing,reveal in context：在語境中使用 reveal；learn reveal：學習「揭露；顯示」,exam passage：考卷文章；context：語境；review：複習,,,The exam uses reveal in context.：考卷在語境中使用 reveal。
W537,46-50,costly,adj.,昂貴的,less costly than SLT alone。,,,,costly in context：在語境中使用 costly；learn costly：學習「昂貴的」,exam passage：考卷文章；context：語境；review：複習,,,The exam uses costly in context.：考卷在語境中使用 costly。
W538,46-50,modified,adj.,修改過的,modified intention-to-treat principle。,,,,modified in context：在語境中使用 modified；learn modified：學習「修改過的」,exam passage：考卷文章；context：語境；review：複習,,,The exam uses modified in context.：考卷在語境中使用 modified。
W539,46-50,intention-to-treat,n.,意向治療分析,analysis principle in trials。,,,,intention-to-treat in context：在語境中使用 intention-to-treat；learn intention-to-treat：學習「意向治療分析」,exam passage：考卷文章；context：語境；review：複習,,,The exam uses intention-to-treat in context.：考卷在語境中使用 intention-to-treat。
W540,46-50,principle,n.,原則,intention-to-treat principle。,,,,principle in context：在語境中使用 principle；learn principle：學習「原則」,exam passage：考卷文章；context：語境；review：複習,,,The exam uses principle in context.：考卷在語境中使用 principle。
W541,46-50,in short,phr.,簡而言之,summary transition。,,,,in short in context：在語境中使用 in short；learn in short：學習「簡而言之」,exam passage：考卷文章；context：語境；review：複習,,,The exam uses in short in context.：考卷在語境中使用 in short。
W542,46-50,economic evaluation,n.,經濟評估,first economic evaluation。,,,,economic evaluation in context：在語境中使用 economic evaluation；learn economic evaluation：學習「經濟評估」,exam passage：考卷文章；context：語境；review：複習,,,The exam uses economic evaluation in context.：考卷在語境中使用 economic evaluation。
W543,46-50,valuable,adj.,有價值的,valuable findings。,,,,valuable in context：在語境中使用 valuable；learn valuable：學習「有價值的」,exam passage：考卷文章；context：語境；review：複習,,,The exam uses valuable in context.：考卷在語境中使用 valuable。
W544,46-50,finding,n.,發現；研究結果,valuable findings。,,,,finding in context：在語境中使用 finding；learn finding：學習「發現；研究結果」,exam passage：考卷文章；context：語境；review：複習,,,The exam uses finding in context.：考卷在語境中使用 finding。
W545,46-50,methodological,adj.,方法學的,methodological limitations。,,,,methodological in context：在語境中使用 methodological；learn methodological：學習「方法學的」,exam passage：考卷文章；context：語境；review：複習,,,The exam uses methodological in context.：考卷在語境中使用 methodological。
W546,46-50,limitation,n.,限制；侷限,methodological limitations。,,,,limitation in context：在語境中使用 limitation；learn limitation：學習「限制；侷限」,exam passage：考卷文章；context：語境；review：複習,,,The exam uses limitation in context.：考卷在語境中使用 limitation。
W547,46-50,conclude,v.,結論是,Liu et al. concluded。,,conclude-concluded-concluded,concluding,conclude in context：在語境中使用 conclude；learn conclude：學習「結論是」,exam passage：考卷文章；context：語境；review：複習,,,The exam uses conclude in context.：考卷在語境中使用 conclude。
W548,46-50,effective,adj.,有效的,acupuncture seems effective。,,,,effective in context：在語境中使用 effective；learn effective：學習「有效的」,exam passage：考卷文章；context：語境；review：複習,,,The exam uses effective in context.：考卷在語境中使用 effective。
W549,46-50,improve,v.,改善；提升,improving post-stroke aphasia。,,improve-improved-improved,improving,improve in context：在語境中使用 improve；learn improve：學習「改善；提升」,exam passage：考卷文章；context：語境；review：複習,,,The exam uses improve in context.：考卷在語境中使用 improve。
W550,46-50,language function,n.,語言功能,improving language function。,,,,language function in context：在語境中使用 language function；learn language function：學習「語言功能」,exam passage：考卷文章；context：語境；review：複習,,,The exam uses language function in context.：考卷在語境中使用 language function。
W551,46-50,curative,adj.,治療的；療效的,best curative effect。,,,,curative in context：在語境中使用 curative；learn curative：學習「治療的；療效的」,exam passage：考卷文章；context：語境；review：複習,,,The exam uses curative in context.：考卷在語境中使用 curative。
W552,46-50,potential,adj./n.,潛在的；潛力,Potential limitations。,,,,potential in context：在語境中使用 potential；learn potential：學習「潛在的；潛力」,exam passage：考卷文章；context：語境；review：複習,,,The exam uses potential in context.：考卷在語境中使用 potential。
W553,46-50,blinding,n.,盲法,lack of blinding。,,,,blinding in context：在語境中使用 blinding；learn blinding：學習「盲法」,exam passage：考卷文章；context：語境；review：複習,,,The exam uses blinding in context.：考卷在語境中使用 blinding。
W554,46-50,variability,n.,變異性；差異,variability of treatment regimens。,,,,variability in context：在語境中使用 variability；learn variability：學習「變異性；差異」,exam passage：考卷文章；context：語境；review：複習,,,The exam uses variability in context.：考卷在語境中使用 variability。
W555,46-50,regimen,n.,療程；治療方案,treatment regimens。,,,,regimen in context：在語境中使用 regimen；learn regimen：學習「療程；治療方案」,exam passage：考卷文章；context：語境；review：複習,,,The exam uses regimen in context.：考卷在語境中使用 regimen。
W556,46-50,sample,n.,樣本,patient sample。,,,,sample in context：在語境中使用 sample；learn sample：學習「樣本」,exam passage：考卷文章；context：語境；review：複習,,,The exam uses sample in context.：考卷在語境中使用 sample。
W557,46-50,implementation,n.,實施；導入,real-world implementation。,,,,implementation in context：在語境中使用 implementation；learn implementation：學習「實施；導入」,exam passage：考卷文章；context：語境；review：複習,,,The exam uses implementation in context.：考卷在語境中使用 implementation。
W558,46-50,low-income,adj.,低收入的,low-income countries。,,,,low-income in context：在語境中使用 low-income；learn low-income：學習「低收入的」,exam passage：考卷文章；context：語境；review：複習,,,The exam uses low-income in context.：考卷在語境中使用 low-income。
W559,46-50,middle-income,adj.,中等收入的,middle-income countries。,,,,middle-income in context：在語境中使用 middle-income；learn middle-income：學習「中等收入的」,exam passage：考卷文章；context：語境；review：複習,,,The exam uses middle-income in context.：考卷在語境中使用 middle-income。
W560,46-50,region,n.,地區,countries and regions。,,,,region in context：在語境中使用 region；learn region：學習「地區」,exam passage：考卷文章；context：語境；review：複習,,,The exam uses region in context.：考卷在語境中使用 region。
W561,46-50,restrict,v.,限制,may be restricted by poor services。,,restrict-restricted-restricted,restricting,restrict in context：在語境中使用 restrict；learn restrict：學習「限制」,exam passage：考卷文章；context：語境；review：複習,,,The exam uses restrict in context.：考卷在語境中使用 restrict。
W562,46-50,inefficient,adj.,效率低的,inefficient systems。,,,,inefficient in context：在語境中使用 inefficient；learn inefficient：學習「效率低的」,system：系統；service：服務,ineffective：無效率的,efficient：有效率的,The exam uses inefficient in context.：考卷在語境中使用 inefficient。
W563,46-50,deficiency,n.,不足；缺乏,deficiency of therapists。,,,,deficiency in context：在語境中使用 deficiency；learn deficiency：學習「不足；缺乏」,shortage：短缺；therapist：治療師,lack：缺乏,sufficiency：足夠,The exam uses deficiency in context.：考卷在語境中使用 deficiency。
W564,46-50,therapist,n.,治療師,deficiency of therapists。,,,,therapist in context：在語境中使用 therapist；learn therapist：學習「治療師」,exam passage：考卷文章；context：語境；review：複習,,,The exam uses therapist in context.：考卷在語境中使用 therapist。
W565,46-50,standardized,adj.,標準化的,standardized education and training。,,,,standardized in context：在語境中使用 standardized；learn standardized：學習「標準化的」,exam passage：考卷文章；context：語境；review：複習,,,The exam uses standardized in context.：考卷在語境中使用 standardized。
W566,46-50,education,n.,教育,education and training。,,,,education in context：在語境中使用 education；learn education：學習「教育」,exam passage：考卷文章；context：語境；review：複習,,,The exam uses education in context.：考卷在語境中使用 education。
W567,46-50,training,n.,訓練,standardized training。,,,,training in context：在語境中使用 training；learn training：學習「訓練」,exam passage：考卷文章；context：語境；review：複習,,,The exam uses training in context.：考卷在語境中使用 training。
W568,46-50,physician,n.,醫師,community physicians。,,,,physician in context：在語境中使用 physician；learn physician：學習「醫師」,exam passage：考卷文章；context：語境；review：複習,,,The exam uses physician in context.：考卷在語境中使用 physician。
W569,46-50,government agency,n.,政府機關,government agencies。,,,,government agency in context：在語境中使用 government agency；learn government agency：學習「政府機關」,exam passage：考卷文章；context：語境；review：複習,,,The exam uses government agency in context.：考卷在語境中使用 government agency。
W570,46-50,awareness,n.,意識；認知,improve awareness。,,,,awareness in context：在語境中使用 awareness；learn awareness：學習「意識；認知」,exam passage：考卷文章；context：語境；review：複習,,,The exam uses awareness in context.：考卷在語境中使用 awareness。
W571,46-50,persistent,adj.,持續的,effects appear to be persistent。,,,,persistent in context：在語境中使用 persistent；learn persistent：學習「持續的」,duration：持續時間；effect：效果,lasting：持續的,temporary：暫時的,The exam uses persistent in context.：考卷在語境中使用 persistent。
W572,46-50,slightly,adv.,稍微地,slightly larger after follow-up。,,,,slightly in context：在語境中使用 slightly；learn slightly：學習「稍微地」,exam passage：考卷文章；context：語境；review：複習,,,The exam uses slightly in context.：考卷在語境中使用 slightly。
W573,46-50,follow-up,n./adj.,追蹤；後續的,12 weeks follow-up investigation。,,,,follow-up in context：在語境中使用 follow-up；learn follow-up：學習「追蹤；後續的」,exam passage：考卷文章；context：語境；review：複習,,,The exam uses follow-up in context.：考卷在語境中使用 follow-up。
W574,46-50,investigation,n.,調查；研究,follow-up investigation。,,,,investigation in context：在語境中使用 investigation；learn investigation：學習「調查；研究」,exam passage：考卷文章；context：語境；review：複習,,,The exam uses investigation in context.：考卷在語境中使用 investigation。
W575,46-50,immediately,adv.,立即地,immediately post-treatment。,,,,immediately in context：在語境中使用 immediately；learn immediately：學習「立即地」,exam passage：考卷文章；context：語境；review：複習,,,The exam uses immediately in context.：考卷在語境中使用 immediately。
W576,46-50,post-treatment,adj.,治療後的,post-treatment results。,,,,post-treatment in context：在語境中使用 post-treatment；learn post-treatment：學習「治療後的」,exam passage：考卷文章；context：語境；review：複習,,,The exam uses post-treatment in context.：考卷在語境中使用 post-treatment。
W577,46-50,long-lasting,adj.,長期持續的,long-lasting health economic effects。,,,,long-lasting in context：在語境中使用 long-lasting；learn long-lasting：學習「長期持續的」,exam passage：考卷文章；context：語境；review：複習,,,The exam uses long-lasting in context.：考卷在語境中使用 long-lasting。
W578,46-50,require,v.,需要；要求,effects require further study。,,require-required-required,requiring,require in context：在語境中使用 require；learn require：學習「需要；要求」,exam passage：考卷文章；context：語境；review：複習,,,The exam uses require in context.：考卷在語境中使用 require。
W579,46-50,robust,adj.,強健的；有力的,more robust economic analyses。,,,,robust in context：在語境中使用 robust；learn robust：學習「強健的；有力的」,exam passage：考卷文章；context：語境；review：複習,,,The exam uses robust in context.：考卷在語境中使用 robust。
W580,46-50,accessible,adj.,可取得的；可接近的,SAT is more accessible in option wording。,,,,accessible in context：在語境中使用 accessible；learn accessible：學習「可取得的；可接近的」,availability：可取得性；service：服務,available：可取得的,inaccessible：難以取得的,The exam uses accessible in context.：考卷在語境中使用 accessible。
W581,46-50,inaccessible,adj.,難以取得的；難以接近的,字首反義詞補充列；加上字首 in-，形成反義詞。,加上字首 in-，形成反義詞。,,,inaccessible in context：在語境中使用 inaccessible；learn inaccessible：學習「難以取得的；難以接近的」,available：可取得的,,accessible,The exam uses inaccessible in context.：考卷在語境中使用 inaccessible。
