word_id,source_range,單字,詞性,定義,用法,詞性變化,三態（現在式-過去式-過去分詞）,現在分詞（V-ing）,常見搭配,相關字,同義字,反義字,範例
W001,1,inundate,v.,淹沒；使充滿、大量湧入,試題句型為 be inundated by + 災害，表示村莊被海嘯淹沒；也可用於資訊或要求大量湧入。,試卷擷取形為 inundated；名詞 inundation。,inundate-inundated-inundated,inundating,be inundated by：被……淹沒；be inundated with requests：被請求淹沒；inundate an area：淹沒某地,tsunami：海嘯；disaster：災害；coastal village：沿海村莊,flood：淹沒；overwhelm：使不堪負荷,drain：排乾,The coastal village was inundated by the tsunami.：沿海村莊被海嘯淹沒。
W002,2,implacable,adj.,難以平息的；無法和解的；不饒人的,形容敵意、仇敵或反對力量持續且無法安撫；試題為 implacable enemies。,名詞 implacability；副詞 implacably。,,,implacable enemy：不共戴天的敵人；implacable hostility：難以化解的敵意；implacable opposition：強硬反對,enemy：敵人；hostility：敵意；persecution：迫害,relentless：不鬆懈的；unrelenting：不讓步的,placable：可安撫的；forgiving：寬容的,He faced implacable enemies throughout his career.：他在職涯中面對難以和解的敵人。
W469,2,placable,adj.,可安撫的；可和解的,字首反義詞補充列；去除字首 im-，形成反義詞。,去除字首 im-，形成反義詞。,,,placable opponent：可安撫的對手；placable mood：可平息的情緒；become placable：變得可和解,peace：和平；reconciliation：和解；calm：平靜,forgiving：寬容的；appeasable：可安撫的,implacable：難以平息的,placable is the prefix antonym form recorded for review.：placable 是本列補充的字首反義詞，供複習使用。
W003,3,desist,v.,停止；中止某行為,正式用語，常用 desist from + V-ing/名詞；試題為 desist from threatening his wife。,名詞 desistance。,desist-desisted-desisted,desisting,desist from threatening：停止威脅；desist from action：停止行動；order someone to desist：命令某人停止,threaten：威脅；restraining order：禁制令；judge：法官,cease：停止；refrain：克制不做,continue：繼續；persist：持續,The judge ordered him to desist from threatening his wife.：法官命令他停止威脅妻子。
W004,4,keep one's eyes peeled,phr.,密切注意；留心觀察,口語片語，keep + 所有格 + eyes peeled，表示持續注意某人事物；試題選 peeled。,peeled 是片語固定形，不作一般形容詞解讀。,,,keep your eyes peeled：留心看著；keep an eye out for：注意尋找；watch closely：仔細觀察,lookout：留意；alert：警覺；mall：商場,stay alert：保持警覺；be on the lookout：留心,ignore：忽視,Keep your eyes peeled for John at the mall.：在商場留意 John 的身影。
W005,5,en masse,adv./phr.,全體一起；成群地,法語借詞作副詞片語，表示一群人同時或集體移動；試題為 moved en masse。,固定片語，不拆成單字。,,,move en masse：集體移動；resign en masse：集體辭職；vote en masse：集體投票,crowd：人群；corps：隊伍；cafeteria：自助餐廳,collectively：集體地；all together：一起,individually：個別地,The students moved en masse toward the cafeteria.：學生們成群走向自助餐廳。
W006,6,didactic,adj.,教誨性的；說教的；教學用的,形容文字、談話或作品目的在教導；試題指 Socrates 的 conversations 具有教誨性。,名詞 didacticism；副詞 didactically。,,,didactic conversation：教誨性的對話；didactic literature：教誨文學；didactic tone：說教口吻,Socrates：蘇格拉底；teaching：教導；wisdom：智慧,instructive：有教育意義的；educational：教育性的,uninstructive：無教育意義的,Plato recorded Socrates's didactic conversations.：柏拉圖記錄了蘇格拉底具教誨性的對話。
W007,7,divergent,adj.,分歧的；相異的,常修飾 opinions、views、paths，表示彼此朝不同方向發展；試題為 divergent opinions。,動詞 diverge；名詞 divergence。,,,divergent opinions：分歧意見；divergent views：不同觀點；diverge from：偏離……,opinion：意見；identical：相同的；topic：主題,different：不同的；varying：各異的,convergent：匯合的；similar：相似的,The twins have divergent opinions on politics.：這對雙胞胎在政治上意見分歧。
W008,8,prowess,n.,高超能力；專長；本領,正式名詞，常指在某領域展現的卓越能力；試題與 maladroit teaching strategies 對比。,形容詞可用 skillful 或 proficient 表達近義。,,,teaching prowess：教學本領；intellectual prowess：智識能力；military prowess：軍事才能,teacher：教師；strategy：策略；maladroit：笨拙的,skill：技巧；expertise：專業能力,incompetence：無能,Her teaching prowess impressed the students.：她的教學能力令學生印象深刻。
W009,9,affinity,n.,親近感；共鳴；密切關係,常用 feel an affinity with/for + 人或事物，表示因相似經驗而產生共鳴。,形容詞 affiliated 在組織關係上相關，但不等同本義。,,,feel an affinity with：對……有共鳴；natural affinity for：天生喜愛；close affinity：密切關係,writer：作家；description：描述；common ground：共同點,rapport：融洽；kinship：親近感,aversion：厭惡,I felt an affinity with the writer's world.：我對作家描寫的世界產生共鳴。
W010,10,soporific,adj./n.,催眠的；使人昏昏欲睡的；安眠藥,形容 tranquilizers 的作用時，表示使人想睡或誘發睡眠；可作名詞指催眠物。,名詞用法 a soporific。,,,soporific effect：催眠效果；soporific drug：安眠藥；induce sleep：誘發睡眠,tranquilizer：鎮靜劑；sleep：睡眠；drug abuse：藥物濫用,sleep-inducing：催眠的；sedative：鎮靜的,stimulating：刺激性的,The medicine had a soporific effect.：這種藥有催眠效果。
W011,21-25,dub,v.,把……稱為；給予稱號,試題為 practice dubbed 'AI washing'，過去分詞作後位修飾，表示被稱為 AI washing 的做法。,試卷擷取形為 dubbed。,dub-dubbed-dubbed,dubbing,dub something AI washing：稱某事為 AI washing；be dubbed：被稱為；dub someone a hero：稱某人為英雄,AI washing：AI 洗白；greenwashing：漂綠；claim：宣稱,call：稱為；label：標示為,,The practice was dubbed AI washing.：這種做法被稱為 AI 洗白。
W012,21-25,extensive,adj.,廣泛的；大量的,修飾 training，表示 AI 經過大量訓練後能學習與解題。,名詞 extent；副詞 extensively。,,,extensive training：大量訓練；extensive research：廣泛研究；extensive experience：豐富經驗,training：訓練；AI：人工智慧；data：資料,broad：廣泛的；comprehensive：全面的,limited：有限的,AI systems require extensive training.：AI 系統需要大量訓練。
W013,21-25,pitch,n./v.,提案；推銷說詞；推銷,商業脈絡中 pitch 指向投資人或客戶提出的簡報/說詞；試題為 startups mentioned AI in their pitches。,試卷擷取形為 pitches；動詞 pitch。,pitch-pitched-pitched,pitching,investment pitch：投資提案；sales pitch：銷售說詞；pitch an idea：推銷想法,startup：新創公司；funding：資金；investor：投資人,proposal：提案；presentation：簡報,,Many startups mention AI in their pitches.：許多新創在提案中提到 AI。
W014,21-25,ambiguity,n.,模糊；歧義；不明確,指 AI 定義不統一造成可誇大宣稱的空間；常用 ambiguity allows/leads to。,形容詞 ambiguous；副詞 ambiguously。,,,legal ambiguity：法律模糊；semantic ambiguity：語意歧義；ambiguity allows claims：模糊造成宣稱空間,definition：定義；claim：宣稱；AI washing：AI 洗白,vagueness：模糊；uncertainty：不確定,clarity：清楚；precision：精確,This ambiguity allows inflated AI claims.：這種模糊使誇大的 AI 宣稱有機可乘。
W015,26-30,progressive,adj.,逐步前進的；漸進的；進步的,試題描述 intellectual inquiry 從 opinion 到 truth 的逐步推進，故選 progressive movement。,動詞 progress；名詞 progression。,,,progressive movement：逐步推進；progressive change：漸進變化；progressive education：進步教育,inquiry：探究；truth：真理；reason：理性,gradual：漸進的；advancing：前進的,regressive：倒退的,Inquiry is a progressive movement from opinion to truth.：探究是從意見走向真理的逐步推進。
W016,26-30,well up,phr. v.,湧出；湧上心頭,常指眼淚、情緒或液體逐漸湧現；試題為 well up as tears in the eyes。,片語動詞；第三人稱 wells up；過去式 welled up。,well up-welled up-welled up,welling up,tears well up：眼淚湧出；emotions well up：情緒湧上；well up in one's eyes：在眼中湧現,tears：眼淚；emotion：情緒；body：身體,surge：湧起；rise：上升,subside：消退,Tears welled up in her eyes.：她眼中湧出淚水。
W017,26-30,overturn,v.,推翻；顛覆；翻倒,試題中 threaten to overturn the strictures of thought and conscience，表示影像威脅顛覆思想與良知的約束。,名詞 overturn 可指推翻；形容詞 overturned。,overturn-overturned-overturned,overturning,overturn a decision：推翻決定；overturn strictures：顛覆約束；overturn a vehicle：翻覆車輛,stricture：約束；conscience：良知；authority：權威,reverse：推翻；upend：顛覆,uphold：維持；maintain：維持,The court overturned the decision.：法院推翻了該決定。
W018,31-35,hitch,v./n.,搭便車；附著移動；暫時障礙,試題片語 hitch a ride on + 物，指剛毛蟲附著在珊瑚上進入水族箱。,試卷擷取形為 hitching。,hitch-hitched-hitched,hitching,hitch a ride：搭便車；hitch a ride on coral：附著珊瑚移動；without a hitch：順利無阻,coral：珊瑚；aquarium：水族箱；bristleworm：剛毛蟲,catch a ride：搭便車；attach：附著,detach：分離,The worm hitched a ride on a piece of coral.：這隻蟲附著在一塊珊瑚上進入。
W019,31-35,retract,v.,縮回；撤回,生物或物體脈絡可指身體縮回；試題為 bodies are often retracted。,試卷擷取形為 retracted；名詞 retraction。,retract-retracted-retracted,retracting,retract a statement：撤回說法；retract into hiding：縮回躲藏；retracted body：縮回的身體,segment：節；body：身體；extent：伸展程度,withdraw：縮回；pull back：拉回,extend：伸展,The worm's body retracted when disturbed.：受到干擾時，蟲的身體縮回。
W020,31-35,contend,v.,主張；聲稱；競爭,正式用語，常用 contend that + 子句；試題為 literature has contended that bristleworms are harmful。,試卷擷取形為 contended；名詞 contention。,contend-contended-contended,contending,contend that：主張……；contend with：應付；contend for：競爭,literature：文獻；bristleworm：剛毛蟲；harmful：有害的,argue：主張；assert：斷言,concede：承認；withdraw：撤回,Earlier literature contended that bristleworms were harmful.：早期文獻主張剛毛蟲有害。
W021,31-35,pose,v./n.,造成；提出；擺姿勢,試題片語 pose no threat，表示不構成威脅；常用 pose a risk/problem/threat。,第三人稱 poses；名詞 pose 另有姿勢。,pose-posed-posed,posing,pose no threat：不構成威脅；pose a risk：造成風險；pose a question：提出問題,threat：威脅；risk：風險；scavenger：食腐動物,present：造成/提出；constitute：構成,remove：移除,Small bristleworms pose no threat.：小型剛毛蟲不構成威脅。
W022,31-35,voracious,adj.,貪吃的；求知慾強烈的；大量消耗的,形容 eaters，表示大型 fireworms 食量大且具破壞性。,名詞 voracity；副詞 voraciously。,,,voracious eater：貪吃者；voracious appetite：旺盛食慾；voracious reader：如飢似渴的讀者,fireworm：火蟲；damage：損害；nocturnal：夜行性的,ravenous：飢餓貪食的；insatiable：不知足的,sated：滿足的,Fireworms can be voracious eaters.：火蟲可能非常貪食。
W023,36-40,elitism,n.,菁英主義；精英取向,教育制度脈絡中指機會是否受菁英取向影響；試題與 equality of opportunity 對比。,名詞 elite；形容詞 elitist。,,,educational elitism：教育菁英主義；elitist system：菁英制度；oppose elitism：反對菁英主義,equality：平等；opportunity：機會；selective schooling：選擇性入學,exclusivism：排他主義,egalitarianism：平等主義,The policy was criticized for promoting elitism.：該政策因促進菁英主義而受批評。
W024,36-40,inherent in,adj. phr.,內在於……的；固有於……的,固定搭配 be inherent in + 名詞，表示某特質原本存在於系統中；試題為 inherent in the system。,形容詞 inherent；副詞 inherently。,,,be inherent in the system：制度內在存在；inherent risk：固有風險；inherent limitation：固有限制,system：制度；inequality：不平等；opportunity：機會,intrinsic：內在的；built-in：內建的,extrinsic：外在的,Some inequalities are inherent in the system.：某些不平等是制度內在的。
W025,36-40,perpetuate,v.,使持續；使長存,常接 inequality、myth、cycle 等負面名詞，表示讓問題延續；試題為 perpetuate inequalities。,名詞 perpetuation；形容詞 perpetual。,perpetuate-perpetuated-perpetuated,perpetuating,perpetuate inequality：延續不平等；perpetuate a myth：延續迷思；perpetuate a cycle：使循環持續,inequality：不平等；league table：排行榜；standard：標準,maintain：維持；sustain：持續,eliminate：消除,League tables may perpetuate inequalities.：排行榜可能延續不平等。
W026,36-40,perceive,v.,察覺；看待；認為,試題為 the public perceives it，指公眾如何看待兩級化教育制度。,試卷擷取形為 perceives；名詞 perception。,perceive-perceived-perceived,perceiving,perceive something as：把……視為；public perception：公眾觀感；perceive a difference：察覺差異,public：大眾；two-tier system：兩級制度；opinion：看法,regard：認為；view：看待,overlook：忽略,The public perceives it as a two-tier system.：大眾將其視為兩級制度。
W027,36-40,privileged,adj.,有特權的；富裕優勢的,教育與社會階層脈絡中，less privileged youngsters 指較弱勢、資源較少的年輕人。,名詞 privilege；反義 disadvantaged。,,,less privileged youngsters：較弱勢的年輕人；privileged background：優勢背景；privileged access：特權存取,scholarship：獎學金；bursary：助學金；tertiary education：高等教育,advantaged：有優勢的；favored：受優待的,disadvantaged：弱勢的；underprivileged：貧困弱勢的,Scholarships help less privileged students attend college.：獎學金幫助較弱勢學生上大學。
W476,36-40,underprivileged,adj.,弱勢的；貧困的；資源不足的,字首反義詞補充列；加上字首 under-，形成反義詞。,加上字首 under-，形成反義詞。,,,underprivileged children：弱勢兒童；underprivileged community：弱勢社群；help the underprivileged：幫助弱勢者,poverty：貧困；scholarship：獎學金；opportunity：機會,disadvantaged：弱勢的,privileged：有特權的,underprivileged is the prefix antonym form recorded for review.：underprivileged 是本列補充的字首反義詞，供複習使用。
W028,46-50,mandate,v./n.,命令；授權；強制要求；授權令,閱讀詞義題中 President Biden issued an executive order mandating federal agencies...，此處 mandate 近於 commission/authorize/order。,名詞 mandate；形容詞 mandatory。,mandate-mandated-mandated,mandating,mandate agencies to：要求機關去……；legal mandate：法律授權；mandatory reporting：強制通報,executive order：行政命令；federal agency：聯邦機關；standard：標準,order：命令；authorize：授權；commission：委任,forbid：禁止；prohibit：禁止,The order mandates agencies to develop AI standards.：該命令要求機關制定 AI 標準。
W029,11,commute,v./n.,通勤；上下班路程,文法題中 rides a bicycle to commute daily to work，表示每天通勤上班。,名詞 commuter：通勤者。,commute-commuted-commuted,commuting,commute to work：通勤上班；daily commute：每日通勤；commute by bicycle：騎腳踏車通勤,bicycle：腳踏車；workplace：工作場所；transportation：交通,travel：往返；make one's way：前往,,Thomas rides a bicycle to commute to work.：Thomas 騎腳踏車通勤上班。
W030,13,germinate,v.,發芽；萌發,生物脈絡中指孢子或種子在適合條件下開始生長；試題為 bacterial spores germinate and sprout。,名詞 germination。,germinate-germinated-germinated,germinating,spores germinate：孢子萌發；germinate under favorable conditions：在有利條件下發芽；seed germination：種子發芽,spore：孢子；bacteria：細菌；temperature：溫度,sprout：發芽；grow：生長,wither：枯萎,Bacterial spores germinate under favorable conditions.：細菌孢子會在有利條件下萌發。
W031,13,favorable,adj.,有利的；適合的；贊同的,修飾 conditions，表示溫度和食物供應適合孢子生長。,名詞 favor；副詞 favorably。,,,favorable conditions：有利條件；favorable outcome：有利結果；favorable response：正面回應,condition：條件；temperature：溫度；food supply：食物供應,advantageous：有利的；suitable：適合的,unfavorable：不利的,Spores sprout under favorable conditions.：孢子在有利條件下萌發。
W032,15,retard,v.,延緩；阻滯,工程與安全脈絡中表示使損害或燃燒速度變慢；試題為 retard damage to the passenger cabin。,形容詞 fire-retardant：阻燃的。,retard-retarded-retarded,retarding,retard damage：延緩損害；retard the spread of fire：延緩火勢蔓延；fire-retardant material：阻燃材料,fire-resistant：防火的；damage：損害；aircraft：飛機,delay：延遲；slow：減緩,accelerate：加速,Fire-resistant materials help retard damage.：防火材料有助於延緩損害。
W033,16,practicing,adj.,執業中的；從業的,修飾 lawyers，表示實際執業的律師，而非只具理論背景。,動詞 practice；名詞 practice：執業/實務。,,,practicing lawyer：執業律師；practicing physician：執業醫師；legal practice：法律實務,lawyer：律師；academic：學者；contract law：契約法,active：現職的；working：從業中的,retired：退休的,Many academics are also practicing lawyers.：許多學者同時也是執業律師。
W034,18,down payment,n.,頭期款；首付款,購屋貸款脈絡中指借大筆錢前需先支付的部分款項；試題為 make a down payment。,固定名詞片語。,,,make a down payment：付頭期款；down payment on a house：房屋頭期款；save for a down payment：存頭期款,mortgage：房貸；home buyer：購屋者；loan：貸款,deposit：訂金/押金；initial payment：初始付款,,First-time home buyers need a down payment.：首次購屋者需要頭期款。
W035,21-25,intuitive,adj.,直覺的；易懂的,形容 Amazon Fresh / Go 的系統讓顧客直覺地拿了就走。,名詞 intuition；副詞 intuitively。,,,intuitive system：直覺式系統；intuitive interface：直覺介面；intuitive understanding：直覺理解,customer：顧客；checkout：結帳；sensor：感測器,user-friendly：易用的；instinctive：本能的,counterintuitive：反直覺的,The store uses an intuitive checkout system.：這家店使用直覺式結帳系統。
W036,21-25,checkout,n.,結帳；收銀處,零售脈絡中 traditional checkout 指傳統排隊結帳流程。,動詞片語 check out：結帳離開。,,,traditional checkout：傳統結帳；checkout counter：結帳櫃台；self-checkout：自助結帳,retail：零售；purchase：購買；bill：帳單,payment process：付款流程,,Customers can leave without traditional checkout.：顧客可以不用傳統結帳就離開。
W037,21-25,verify,v.,核實；驗證,AI 系統脈絡中 manually verify transactions 表示人工核對交易是否正確。,名詞 verification；形容詞 verified。,verify-verified-verified,verifying,verify transactions：核對交易；verify accuracy：驗證準確性；manual verification：人工驗證,transaction：交易；reviewer：審查者；accuracy：準確性,confirm：確認；validate：驗證,falsify：偽造/證偽,Reviewers manually verify some transactions.：審查人員人工核對部分交易。
W038,21-25,assert,v.,斷言；堅稱；主張,正式動詞，指 Amazon quickly denied reports and asserted a different explanation。,名詞 assertion；形容詞 assertive。,assert-asserted-asserted,asserting,assert that：堅稱……；assert a claim：提出主張；assert one's rights：主張權利,report：報導；claim：宣稱；denial：否認,state：陳述；declare：宣稱,deny：否認,The company asserted that reviewers only evaluated the system.：公司堅稱審查員只是評估系統。
W039,21-25,exaggerate,v.,誇大；言過其實,AI washing 脈絡中指公司誇大 AI 能力。,名詞 exaggeration；形容詞 exaggerated。,exaggerate-exaggerated-exaggerated,exaggerating,exaggerate capabilities：誇大能力；exaggerate claims：誇大宣稱；greatly exaggerate：大幅誇大,capability：能力；startup：新創；funding：資金,overstate：誇大；inflate：抬高/誇大,understate：輕描淡寫,Some companies exaggerate their AI capabilities.：有些公司誇大其 AI 能力。
W040,21-25,erode,v.,侵蝕；逐漸削弱,抽象用法 eroding trust 表示逐步削弱人們對真正 AI 創新的信任。,名詞 erosion。,erode-eroded-eroded,eroding,erode trust：削弱信任；erode confidence：侵蝕信心；soil erosion：土壤侵蝕,trust：信任；innovation：創新；expectation：期待,undermine：削弱；weaken：使變弱,strengthen：強化,Inflated claims can erode trust in AI.：誇大宣稱會削弱人們對 AI 的信任。
W041,26-30,embattled,adj.,受圍攻的；處境艱難的；充滿爭議的,文章說 images 的歷史地位 mostly an embattled one，指長期受到質疑與批判。,動詞 battle；片語 be embattled。,,,embattled status：受爭議的地位；embattled leader：處境艱難的領導者；embattled institution：陷入困境的機構,image：影像；critique：批判；distrust：不信任,besieged：被圍攻的；beleaguered：陷入困境的,secure：穩固的,Images have an embattled status in many traditions.：影像在許多傳統中地位充滿爭議。
W042,26-30,tenacious,adj.,頑強的；固執持久的,形容 distrust of images 長期牢固、不易消失。,名詞 tenacity；副詞 tenaciously。,,,tenacious distrust：頑強的不信任；tenacious grip：牢牢抓住；tenacious effort：堅持不懈的努力,suspicion：懷疑；critique：批判；belief：信念,persistent：持續的；stubborn：固執的,weak：薄弱的,A tenacious distrust of images shaped the debate.：對影像的頑強不信任形塑了這場辯論。
W043,26-30,pliant,adj.,易受影響的；柔順的；可彎曲的,文中 pliant viewers 指容易被操控或說服的觀眾。,名詞 pliancy。,,,pliant viewers：易受影響的觀眾；pliant material：柔韌材料；pliant attitude：順從態度,viewer：觀眾；merchant：商人；tyrant：暴君,malleable：易受影響的；flexible：柔韌的,rigid：僵硬的；unyielding：不屈服的,Images can influence pliant viewers.：影像能影響易受影響的觀眾。
W044,26-30,dupe,v./n.,欺騙；受騙者,文章說 images dupe the unsuspecting，表示影像欺騙毫無戒心的人。,試卷用作動詞。,dupe-duped-duped,duping,dupe the unsuspecting：欺騙無戒心者；be duped into：被騙去……；fall for a dupe：上當,unsuspecting：無戒心的；viewer：觀眾；opinion：意見,deceive：欺騙；trick：欺騙,enlighten：啟發,Misleading images can dupe the unsuspecting.：誤導性影像可能欺騙毫無戒心者。
W045,26-30,lull,v./n.,使放鬆警惕；哄睡；暫時平靜,文中 lulling them into views 表示使人不知不覺接受不真的觀點。,名詞 lull：平靜期。,lull-lulled-lulled,lulling,lull someone into：使某人陷入；lull into a false sense of security：使誤以為安全；temporary lull：暫時平靜,opinion：看法；deception：欺騙；belief：信念,soothe：安撫；pacify：使平靜,alarm：警告/驚動,The image lulled viewers into false beliefs.：影像使觀眾不知不覺接受錯誤信念。
W046,26-30,ascertain,v.,查明；確定,正式用語，ascertaining the truth of a matter 指確認事情真相。,名詞 ascertainment。,ascertain-ascertained-ascertained,ascertaining,ascertain the truth：查明真相；ascertain whether：確認是否；ascertain the cause：查明原因,truth：真相；reason：理性；inquiry：探究,determine：確定；establish：查明,guess：猜測,Reason helps ascertain the truth.：理性有助於查明真相。
W047,26-30,inculcate,v.,反覆灌輸；諄諄教誨,教育與道德脈絡中指權威努力培養並灌輸思想與良知的約束。,名詞 inculcation。,inculcate-inculcated-inculcated,inculcating,inculcate values：灌輸價值觀；inculcate discipline：培養紀律；inculcate a sense of duty：灌輸責任感,moral authority：道德權威；conscience：良知；stricture：約束,instill：逐步灌輸；implant：植入,eradicate：根除,Teachers try to inculcate a sense of responsibility.：教師試圖培養責任感。
W048,31-35,aficionado,n.,愛好者；熱衷者,文中 saltwater aquarium aficionados 指海水水族箱愛好者。,西班牙語來源名詞。,,,aquarium aficionado：水族箱愛好者；music aficionado：音樂愛好者；sports aficionado：運動迷,hobbyist：業餘愛好者；aquarium：水族箱；saltwater tank：海水缸,enthusiast：熱衷者；devotee：愛好者,,Saltwater aquarium aficionados once disliked bristleworms.：海水水族箱愛好者曾不喜歡剛毛蟲。
W049,31-35,ecosystem,n.,生態系；生態系統,水族箱脈絡中指生物和環境形成的互動系統。,eco- 為生態相關字首。,,,tank ecosystem：水族箱生態系；marine ecosystem：海洋生態系；healthy ecosystem：健康生態系,marine：海洋的；species：物種；scavenger：食腐生物,ecological system：生態系統,,Bristleworms become part of the tank's ecosystem.：剛毛蟲成為水族箱生態系的一部分。
W050,31-35,segmented,adj.,分節的；分段的,生物描述中指剛毛蟲身體由多節構成。,動詞 segment；名詞 segment。,,,segmented body：分節身體；segmented worm：分節蟲；market segment：市場區隔,body：身體；worm：蟲；extent：伸展程度,divided：分開的；sectioned：分段的,unsegmented：未分節的,The worm has a segmented body.：這種蟲有分節身體。
W051,31-35,detritus,n.,碎屑；殘渣；有機廢屑,水族箱生態脈絡中指死亡生物或碎屑等食腐生物會清理的物質。,不可數名詞常見。,,,clear detritus：清理碎屑；organic detritus：有機殘渣；detritus in a tank：水族箱中的碎屑,carcass：屍體；scavenger：食腐動物；ecosystem：生態系,debris：碎片；waste：廢物,,Small bristleworms clear detritus from the tank.：小型剛毛蟲清理水族箱中的碎屑。
W052,31-35,irreparable,adj.,無法修復的；不可彌補的,形容 larger worms can do irreparable damage，指損害可能無法復原。,反義 repairable；副詞 irreparably。,,,irreparable damage：無法修復的損害；irreparable harm：不可彌補的傷害；irreparable loss：無法彌補的損失,damage：損害；fireworm：火蟲；remove：移除,permanent：永久的；unrecoverable：無法恢復的,repairable：可修復的,Large fireworms can do irreparable damage.：大型火蟲可能造成無法修復的損害。
W475,31-35,repairable,adj.,可修復的；可補救的,字首反義詞補充列；去除字首 ir-，形成反義詞。,去除字首 ir-，形成反義詞。,,,repairable damage：可修復損害；repairable device：可修理裝置；easily repairable：容易修復,repair：修理；damage：損害；maintenance：維修,fixable：可修復的,irreparable：不可修復的,repairable is the prefix antonym form recorded for review.：repairable 是本列補充的字首反義詞，供複習使用。
W053,31-35,nocturnal,adj.,夜行性的；夜間的,描述較大的蟲夜間活動且遇光會躲藏。,名詞 nocturne 與夜間音樂相關。,,,nocturnal animal：夜行動物；nocturnal behavior：夜行行為；nocturnal activity：夜間活動,light：光；hiding：躲藏；disturbance：干擾,night-active：夜間活動的,diurnal：日行性的,The worms are nocturnal and sensitive to light.：這些蟲夜行且對光敏感。
W054,36-40,comprehensive,adj.,全面的；綜合性的,教育脈絡中 comprehensive schooling 指非選拔式、面向全體學生的綜合教育。,名詞 comprehension 另指理解力。,,,comprehensive schooling：綜合教育；comprehensive plan：全面計畫；comprehensive review：全面審查,selective schooling：選擇性入學；education system：教育制度；opportunity：機會,inclusive：包容全面的；thorough：徹底的,selective：選擇性的,The debate compares selective and comprehensive schooling.：這場辯論比較選拔式與綜合教育。
W055,36-40,league table,n.,排名表；排行榜,英式用語，文中指學校或學院的排名表可能延續不平等。,固定名詞片語。,,,school league table：學校排行榜；top of the league table：排行榜頂端；publish league tables：公布排名表,institution：機構；standard：標準；two-tier system：兩級制度,ranking：排名；standings：排名表,,League tables may divide schools into good and bad.：排行榜可能把學校分成好與壞。
W056,36-40,bursary,n.,助學金；補助金,教育財務脈絡中指幫助學生負擔高等教育費用的補助。,常見於英式教育用語。,,,scholarships or bursaries：獎學金或助學金；receive a bursary：獲得助學金；bursary fund：助學金基金,scholarship：獎學金；tuition fee：學費；undergraduate：大學生,grant：補助金；financial aid：助學援助,,Bursaries can help students afford tertiary education.：助學金能幫助學生負擔高等教育。
W057,41-45,cohesiveness,n.,凝聚性；連貫性,閱讀首句指出 Roman world 有一種 Greece 沒有的凝聚性。,形容詞 cohesive；名詞 cohesion。,,,social cohesiveness：社會凝聚性；group cohesiveness：團體凝聚力；a sense of cohesiveness：凝聚感,bond：連結；entity：實體；Roman world：羅馬世界,cohesion：凝聚；unity：統一,fragmentation：分裂,Rome had a quality of cohesiveness.：羅馬世界具有凝聚性。
W058,41-45,monolithic,adj.,龐大而一體化的；單一巨石般的,"形容 Roman realm 被整合成 massive, monolithic entity。",名詞 monolith。,,,monolithic entity：一體化實體；monolithic structure：單一龐大結構；monolithic state：高度一體化國家,realm：領域/王國；cement：水泥；bond：連結,unified：統一的；solid：堅固的,fragmented：分裂的,The realm became a monolithic entity.：這個領域成為一體化的實體。
W059,41-45,garrison,n./v.,駐軍；駐守,羅馬控制省份的 physical bonds 包含各省駐軍網絡。,作動詞指派兵駐守。,garrison-garrisoned-garrisoned,garrisoning,military garrison：軍事駐軍；garrison a city：駐守城市；network of garrisons：駐軍網絡,province：省份；army：軍隊；road network：道路網,troops：軍隊；military post：軍事據點,,Military garrisons were stationed in every province.：每個省都有駐軍。
W060,41-45,realm,n.,領域；王國；範圍,文中 Roman realm 指羅馬統治的廣大領域。,可指抽象領域如 realm of science。,,,Roman realm：羅馬領域；political realm：政治領域；realm of possibility：可能範圍,empire：帝國；province：省份；territory：領土,domain：領域；kingdom：王國,,The Roman realm was bonded by law and roads.：羅馬領域由法律與道路連結。
W061,41-45,conquest,n.,征服；攻取,羅馬世界由 territorial conquest 集結而成，與希臘的海上擴張形成對比。,動詞 conquer；名詞 conqueror。,,,territorial conquest：領土征服；military conquest：軍事征服；conquest of land：土地征服,territory：領土；legion：軍團；sea lane：海路,subjugation：征服；victory：勝利,defeat：失敗,Rome was assembled by territorial conquest.：羅馬是透過領土征服組成的。
W062,41-45,stark,adj.,鮮明的；嚴峻的；赤裸的,作者說 contrast is not quite so stark，表示羅馬與希臘差異沒有那麼絕對鮮明。,副詞 starkly。,,,stark contrast：鮮明對比；stark difference：明顯差異；stark reality：嚴峻現實,contrast：對比；difference：差異；comparison：比較,sharp：鮮明的；striking：顯著的,subtle：微妙的,The contrast is not quite so stark.：這個對比並非那麼絕對鮮明。
W063,41-45,legion,n.,軍團；大量,羅馬力量的關鍵在 marching legions，指羅馬步兵軍團。,形容詞 legion 也可表示眾多的。,,,Roman legion：羅馬軍團；marching legions：行軍軍團；legions of fans：大量粉絲,army：軍隊；soldier：士兵；land power：陸權,troop：部隊；military unit：軍事單位,,The key to Roman power lay in its marching legions.：羅馬力量的關鍵在其行軍軍團。
W064,41-45,territorial imperative,n.,領土本能；領域性驅力,文章用 almost animal instinct for the territorial imperative 解釋羅馬重視土地的特質。,固定學術片語。,,,territorial imperative：領域性本能；territorial defense：領土防衛；territorial expansion：領土擴張,land：土地；territory：領土；settlement：定居,territorial instinct：領域本能,,Roman priorities reflected a territorial imperative.：羅馬優先事項反映了領土本能。
W065,41-45,exploitation,n.,開發利用；剝削,"羅馬優先事項包含 territory 的 organization, exploitation, and defense。",動詞 exploit；形容詞 exploitative。,,,exploitation of territory：領土開發利用；resource exploitation：資源開發；labor exploitation：勞動剝削,organization：組織；defense：防衛；territory：領土,use：利用；development：開發,protection：保護,Rome focused on the exploitation and defense of territory.：羅馬重視領土的開發與防衛。
W066,41-45,foster,v.,培養；促進；扶植,文章說對土地和鄉村穩定生活的依附 fostered Roman virtues。,也可作形容詞 foster child：寄養兒童。,foster-fostered-fostered,fostering,foster virtues：培養美德；foster growth：促進成長；foster cooperation：促進合作,virtue：美德；stability：穩定；rural life：鄉村生活,cultivate：培養；promote：促進,hinder：阻礙,Rural life fostered Roman virtues.：鄉村生活培養了羅馬美德。
W067,41-45,predisposed,adj.,傾向於……的；易受……影響的,文中 power worshippers are predisposed to admire whatever is strong。,動詞 predispose；名詞 predisposition。,,,be predisposed to admire：傾向於欣賞；genetic predisposition：遺傳傾向；predisposed toward：傾向於,attitude：態度；historian：歷史學家；power：權力,inclined：傾向的；prone：易於……的,disinclined：不願的,Some historians are predisposed to admire power.：有些歷史學家傾向崇拜權力。
W068,41-45,derivative,adj./n.,衍生的；缺乏原創性的；衍生物,批評者認為 Rome was derivative，意指羅馬文明多承襲希臘而非原創。,動詞 derive；名詞 derivation。,,,derivative work：衍生作品；derivative civilization：衍生文明；derive from：源自,originality：原創性；imitation：模仿；influence：影響,imitative：模仿的；secondary：次級的,original：原創的,Some critics considered Rome derivative.：有些批評者認為羅馬缺乏原創性。
W069,41-45,disdain,n./v.,輕視；鄙視,Horace 句中 hold novelty in disdain 表示輕視新穎事物。,可作名詞或動詞。,disdain-disdained-disdained,disdaining,hold in disdain：輕視；show disdain for：表現輕蔑；treat with disdain：以輕蔑態度對待,novelty：新穎；tradition：傳統；intellectual：知識分子,contempt：輕蔑；scorn：鄙視,respect：尊重,They held novelty in disdain.：他們輕視新穎事物。
W070,41-45,speculative,adj.,思辨的；推測性的；投機的,文章說 Romans 在 speculative philosophy and sciences 幾乎未超越早期成就。,名詞 speculation；動詞 speculate。,,,speculative philosophy：思辨哲學；speculative idea：推測性想法；speculative investment：投機投資,philosophy：哲學；science：科學；achievement：成就,theoretical：理論的；conjectural：推測的,practical：實務的,Rome made little advance in speculative philosophy.：羅馬在思辨哲學上進展有限。
W071,41-45,sensibility,n.,感受力；審美能力；敏感性,文章說羅馬國家內部張力產生高水準的 literary and artistic sensibilities。,複數 sensibilities 常指審美/感受特質。,,,artistic sensibility：藝術感受力；literary sensibility：文學感受力；modern sensibility：現代感性,literature：文學；art：藝術；tension：張力,sensitivity：敏感性；awareness：覺察,insensitivity：遲鈍,Roman tensions produced artistic sensibilities.：羅馬內部張力產生了藝術感受力。
W072,46-50,embedded,adj.,嵌入式的；內建的,AI-embedded clinical decision support 指嵌入 AI 的臨床決策支援。,動詞 embed；名詞 embedding。,,,AI-embedded CDS：嵌入 AI 的臨床決策支援；embedded system：嵌入式系統；be embedded in：嵌入於,algorithm：演算法；clinical decision support：臨床決策支援；healthcare：醫療照護,integrated：整合的；built-in：內建的,standalone：獨立的,AI-embedded CDS can improve diagnosis.：嵌入 AI 的臨床決策支援可改善診斷。
W073,46-50,demographic,adj./n.,人口統計的；人口族群,AI 表現可能因 demographic groups 不同而改變，造成診斷或治療不正確。,名詞 demographics：人口統計資料。,,,demographic group：人口族群；demographic data：人口統計資料；demographic change：人口結構變化,population：族群；diagnosis：診斷；treatment：治療,population-based：以族群為基礎的,,AI may perform differently across demographic groups.：AI 在不同人口族群中表現可能不同。
W074,46-50,clinician,n.,臨床醫師；臨床工作者,醫療 AI 脈絡中指實際照護病人的醫療專業人員。,形容詞 clinical；名詞 clinic。,,,train clinicians：訓練臨床人員；clinician workflow：臨床工作流程；experienced clinician：有經驗的臨床醫師,patient：病人；diagnosis：診斷；medical decision：醫療決策,practitioner：臨床工作者；physician：醫師,,Improper training can lead clinicians to misuse AI.：訓練不當可能使臨床人員誤用 AI。
W075,46-50,mitigate,v.,減輕；緩解；降低,文章說需要用計畫和模擬來 mitigate potential harms。,名詞 mitigation。,mitigate-mitigated-mitigated,mitigating,mitigate harm：降低傷害；mitigate risk：降低風險；mitigation strategy：緩解策略,harm：傷害；risk：風險；simulation：模擬,reduce：降低；alleviate：減輕,aggravate：加劇,Simulation can mitigate potential harms.：模擬可以降低潛在傷害。
W076,46-50,deployment,n.,部署；配置；實施,HHS task force 要確保 AI deployment 減少病人傷害。,動詞 deploy。,,,AI deployment：AI 部署；safe deployment：安全部署；deployment plan：部署計畫,task force：專案小組；hospital：醫院；healthcare technology：醫療科技,implementation：實施；rollout：推出,withdrawal：撤回,The task force oversees AI deployment in healthcare.：專案小組監督醫療 AI 部署。
W077,46-50,noncompliance,n.,不遵守；違規,監管脈絡中指未遵守健康與安全標準的情形。,動詞 comply；名詞 compliance；形容詞 compliant。,,,regulatory noncompliance：法規不遵守；noncompliance with standards：未遵守標準；investigate noncompliance：調查違規,standard：標準；inspection：檢查；agency：機關,violation：違規；failure to comply：未遵守,compliance：遵守,Agencies investigate noncompliance with safety standards.：機關調查未遵守安全標準的情形。
W478,46-50,compliance,n.,遵守；合規,字首反義詞補充列；去除字首 non-，形成反義詞。,去除字首 non-，形成反義詞。,,,regulatory compliance：法規遵循；compliance with standards：遵守標準；ensure compliance：確保合規,standard：標準；policy：政策；inspection：檢查,obedience：遵守；conformity：符合,noncompliance：不遵守,compliance is the prefix antonym form recorded for review.：compliance 是本列補充的字首反義詞，供複習使用。
W078,46-50,accountability,n.,問責；責任歸屬,可信任 AI 原則之一，要求系統使用者與治理者能被追責。,形容詞 accountable。,,,ensure accountability：確保問責；accountability mechanism：問責機制；public accountability：公共問責,transparency：透明；equity：公平；governance：治理,responsibility：責任；answerability：可問責性,impunity：不受懲罰,AI governance should ensure accountability.：AI 治理應確保問責。
W079,46-50,equity,n.,公平；平等；權益,可信任 AI 原則之一，強調不同族群在醫療 AI 使用上不應受不公平對待。,形容詞 equitable。,,,health equity：健康公平；equity and fairness：公平與公正；promote equity：促進公平,bias：偏誤；demographic group：人口族群；civil rights：公民權,fairness：公正；justice：正義,inequity：不公平,AI systems should promote equity in patient care.：AI 系統應促進病人照護公平。
W477,46-50,inequity,n.,不公平；不平等,字首反義詞補充列；加上字首 in-，形成反義詞。,加上字首 in-，形成反義詞。,,,health inequity：健康不平等；social inequity：社會不公平；reduce inequity：減少不平等,bias：偏誤；fairness：公正；civil rights：公民權,unfairness：不公平；injustice：不正義,equity：公平,inequity is the prefix antonym form recorded for review.：inequity 是本列補充的字首反義詞，供複習使用。
W080,46-50,corrective action plan,n.,矯正行動計畫；改善計畫,CMS 可要求醫院在流程無法保護病人安全時提出 corrective action plans。,固定管理與監管片語。,,,require a corrective action plan：要求改善計畫；implement corrective action：執行矯正措施；corrective action process：矯正流程,CMS：美國醫療保險與醫療補助服務中心；patient safety：病人安全；procedure：程序,remediation plan：補救計畫；improvement plan：改善計畫,,CMS can require corrective action plans.：CMS 可要求提出矯正行動計畫。
W081,1,tsunami,n.,海嘯,自然災害名詞，題句中表示造成村莊被淹沒的原因。,,,,tsunami warning：海嘯警報；tsunami damage：海嘯災害；be hit by a tsunami：遭海嘯襲擊,village：村莊；coast：海岸；disaster：災害,,,This exam uses a tsunami in context.：這份考卷在語境中使用 tsunami。
W082,1,village,n.,村莊,基礎地點名詞，表示較小的聚落。,,,,fishing village：漁村；remote village：偏遠村莊；village residents：村民,town：城鎮；resident：居民；community：社區,,,This exam uses a village in context.：這份考卷在語境中使用 village。
W083,1,infatuated,adj.,迷戀的；一時著迷的,第1題干擾選項，常用 be infatuated with + 人/事物。,,,,be infatuated with：迷戀……；infatuated teenager：迷戀中的青少年；temporary infatuation：一時迷戀,love：愛；obsession：迷戀；admiration：欣賞,,,This exam uses an infatuated in context.：這份考卷在語境中使用 infatuated。
W084,1,indulge,v.,沉溺；縱容；享用,第1題干擾選項 indulged 的原形，常用 indulge in + 活動。,,,,indulge in sweets：沉迷甜食；indulge a child：縱容孩子；self-indulgence：自我放縱,habit：習慣；pleasure：愉悅；desire：慾望,,,This exam uses an indulge in context.：這份考卷在語境中使用 indulge。
W085,1,indisposed,adj.,身體不適的；不願意的,第1題干擾選項，可表示輕微生病或不願做某事。,,,,feel indisposed：覺得不舒服；be indisposed to help：不願幫忙；temporarily indisposed：暫時不適,illness：疾病；reluctance：不情願；condition：狀態,,,This exam uses an indisposed in context.：這份考卷在語境中使用 indisposed。
W086,2,constantly,adv.,不斷地；經常地,題句中表示他一直受到敵人迫害。,,,,constantly changing：不斷改變；constantly persecuted：不斷被迫害；constantly worried：經常擔心,frequency：頻率；habit：習慣；pressure：壓力,,,This exam uses a constantly in context.：這份考卷在語境中使用 constantly。
W087,2,persecute,v.,迫害；虐待,題句中 was persecuted by 表示被敵人迫害。,,,,persecute minorities：迫害少數族群；religious persecution：宗教迫害；be persecuted by：被……迫害,enemy：敵人；oppression：壓迫；victim：受害者,,,This exam uses a persecute in context.：這份考卷在語境中使用 persecute。
W088,2,enemy,n.,敵人；敵方,基礎名詞，題句中指 persecuted by his enemies。,,,,defeat an enemy：擊敗敵人；political enemy：政治敵人；enemy forces：敵軍,conflict：衝突；war：戰爭；opponent：對手,,,This exam uses an enemy in context.：這份考卷在語境中使用 enemy。
W089,2,impermeable,adj.,不可滲透的,第2題干擾選項，常用於材料或膜。,,,,impermeable membrane：不可滲透膜；impermeable rock：不透水岩層；impermeable barrier：不透屏障,waterproof：防水的；membrane：薄膜；barrier：屏障,,,This exam uses an impermeable in context.：這份考卷在語境中使用 impermeable。
W470,2,permeable,adj.,可滲透的；能透過的,字首反義詞補充列；去除字首 im-，形成反義詞。,去除字首 im-，形成反義詞。,,,permeable membrane：可滲透膜；permeable rock：透水岩層；permeable surface：可滲透表面,membrane：薄膜；water：水；material：材料,penetrable：可穿透的,impermeable：不可滲透的,permeable is the prefix antonym form recorded for review.：permeable 是本列補充的字首反義詞，供複習使用。
W090,2,impaired,adj.,受損的；功能減弱的,第2題干擾選項，常見於聽力、視力或功能受損。,,,,impaired vision：視力受損；impaired function：功能受損；hearing-impaired：聽障的,disability：障礙；function：功能；damage：損害,,,This exam uses an impaired in context.：這份考卷在語境中使用 impaired。
W471,2,unimpaired,adj.,未受損的；完好的,字首反義詞補充列；加上字首 un-，形成反義詞。,加上字首 un-，形成反義詞。,,,unimpaired vision：未受損的視力；remain unimpaired：保持完好；unimpaired function：功能未受損,function：功能；vision：視力；health：健康,intact：完好的,impaired：受損的,unimpaired is the prefix antonym form recorded for review.：unimpaired 是本列補充的字首反義詞，供複習使用。
W091,3,judge,n./v.,法官；判斷,題句中 judge 是法官，命令男子停止威脅妻子。,,,,judge a case：審理案件；court judge：法院法官；judge by appearance：以外表判斷,court：法院；law：法律；decision：決定,,,This exam uses a judge in context.：這份考卷在語境中使用 judge。
W092,3,threaten,v.,威脅；恐嚇；危及,題句中 threatening his wife 表示威脅妻子。,,,,threaten someone：威脅某人；threaten to resign：威脅要辭職；threaten safety：危及安全,danger：危險；fear：恐懼；violence：暴力,,,This exam uses a threaten in context.：這份考卷在語境中使用 threaten。
W093,3,swindle,v./n.,詐騙；騙取,第3題干擾選項，表示用欺騙方式取得金錢。,,,,swindle money：詐騙金錢；be swindled out of：被騙走……；a financial swindle：金融詐騙,fraud：詐欺；deception：欺騙；scam：詐騙,,,This exam uses a swindle in context.：這份考卷在語境中使用 swindle。
W094,3,canonize,v.,封為聖人；正式推崇,第3題干擾選項，宗教語境中指封聖。,,,,canonize a saint：封聖；be canonized as：被封為……；canonized writer：被奉為經典的作家,saint：聖人；church：教會；honor：榮耀,,,This exam uses a canonize in context.：這份考卷在語境中使用 canonize。
W095,3,grudge,n./v.,怨恨；勉強給予,第3題干擾選項，常用 hold a grudge against + 人。,,,,hold a grudge：懷恨；bear no grudge：不記仇；grudge someone success：嫉妒某人成功,resentment：怨恨；anger：憤怒；forgiveness：原諒,,,This exam uses a grudge in context.：這份考卷在語境中使用 grudge。
W096,4,roommate,n.,室友,題句中 John told his roommates he would meet them。,,,,college roommate：大學室友；share with a roommate：和室友同住；roommate agreement：室友協議,dormitory：宿舍；friend：朋友；apartment：公寓,,,This exam uses a roommate in context.：這份考卷在語境中使用 roommate。
W097,4,mall,n.,購物中心；商場,題句中 meet them in the mall 表示在商場碰面。,,,,shopping mall：購物中心；mall entrance：商場入口；meet at the mall：在商場碰面,store：商店；shop：店鋪；customer：顧客,,,This exam uses a mall in context.：這份考卷在語境中使用 mall。
W098,4,peeved,adj.,惱怒的；不高興的,第4題干擾選項，表示 irritated。,,,,feel peeved：覺得惱怒；look peeved：看起來不高興；peeved about：對……惱怒,anger：生氣；annoyance：煩惱；mood：心情,,,This exam uses a peeved in context.：這份考卷在語境中使用 peeved。
W099,4,perched,adj./v.,棲息的；坐落於高處的,第4題干擾選項，常指鳥或人停在高處。,,,,perched on a branch：棲在樹枝上；perched high：位於高處；a perched village：坐落高處的村莊,bird：鳥；branch：樹枝；height：高度,,,This exam uses a perched in context.：這份考卷在語境中使用 perched。
W100,5,corps,n.,隊伍；兵團；團體,題句中 the corps 指一群人或隊伍。,,,,medical corps：醫療隊；press corps：記者團；corps of volunteers：志工隊,group：團體；team：團隊；unit：單位,,,This exam uses a corps in context.：這份考卷在語境中使用 corps。
W101,5,cafeteria,n.,自助餐廳；學校餐廳,題句中隊伍朝 cafeteria doors 移動。,,,,school cafeteria：學校餐廳；cafeteria food：餐廳食物；cafeteria doors：餐廳門口,meal：餐；lunch：午餐；dining hall：餐廳,,,This exam uses a cafeteria in context.：這份考卷在語境中使用 cafeteria。
W102,5,building,n.,建築物,基礎名詞，表示試題中的建築物。,,,,office building：辦公大樓；school building：校舍；building entrance：建築入口,door：門；room：房間；structure：結構,,,This exam uses a building in context.：這份考卷在語境中使用 building。
W103,6,philosopher,n.,哲學家,題句中 Plato 是重要哲學家。,,,,Greek philosopher：希臘哲學家；moral philosopher：道德哲學家；philosopher's ideas：哲學家的思想,philosophy：哲學；Socrates：蘇格拉底；wisdom：智慧,,,This exam uses a philosopher in context.：這份考卷在語境中使用 philosopher。
W104,6,conversation,n.,談話；對話,題句中指 Socrates 的 conversations。,,,,have a conversation：談話；record a conversation：記錄對話；daily conversation：日常對話,dialogue：對話；discussion：討論；speech：言談,,,This exam uses a conversation in context.：這份考卷在語境中使用 conversation。
W105,6,survive,v.,存活；流傳下來,題句中 teachings have survived 指教導流傳至今。,,,,survive a disaster：災後存活；survive for centuries：流傳數世紀；survival rate：存活率,continue：持續；remain：保留；life：生命,,,This exam uses a survive in context.：這份考卷在語境中使用 survive。
W106,6,enlighten,v.,啟發；使了解,題句中 teachings continue to enlighten seekers of wisdom。,,,,enlighten students：啟發學生；be enlightened by：受……啟發；enlightening discussion：有啟發性的討論,wisdom：智慧；teaching：教導；knowledge：知識,,,This exam uses an enlighten in context.：這份考卷在語境中使用 enlighten。
W107,7,identical,adj.,相同的；一模一樣的,題句中 twins look identical，但意見不同。,,,,identical twins：同卵雙胞胎；identical copy：完全相同的副本；almost identical：幾乎相同,same：相同；twin：雙胞胎；similarity：相似,,,This exam uses an identical in context.：這份考卷在語境中使用 identical。
W108,7,topic,n.,主題；話題,題句中 every topic under the sun 表示幾乎所有話題。,,,,research topic：研究主題；discussion topic：討論話題；topic sentence：主題句,issue：議題；subject：主題；question：問題,,,This exam uses a topic in context.：這份考卷在語境中使用 topic。
W109,7,disconsolate,adj.,悲傷沮喪的；無法安慰的,第7題干擾選項，表示非常難過。,,,,feel disconsolate：感到悲傷；disconsolate child：傷心的孩子；disconsolate mood：沮喪情緒,sadness：悲傷；grief：哀傷；comfort：安慰,,,This exam uses a disconsolate in context.：這份考卷在語境中使用 disconsolate。
W110,7,distinguished,adj.,卓越的；著名的；高貴的,第7題干擾選項，常形容人有成就。,,,,distinguished professor：傑出教授；distinguished career：卓越職涯；distinguished guest：貴賓,honor：榮譽；achievement：成就；reputation：名聲,,,This exam uses a distinguished in context.：這份考卷在語境中使用 distinguished。
W111,8,noteworthy,adj.,值得注意的；顯著的,題句中 professor is a noteworthy intellect。,,,,noteworthy achievement：值得注意的成就；noteworthy feature：顯著特色；particularly noteworthy：特別值得注意,importance：重要性；feature：特色；attention：注意,,,This exam uses a noteworthy in context.：這份考卷在語境中使用 noteworthy。
W112,8,intellect,n.,智力；有才智的人,題句中 noteworthy intellect 指傑出的知識分子。,,,,human intellect：人類智力；public intellect：公共知識分子；intellectual ability：智力能力,mind：心智；intelligence：智力；thinker：思想家,,,This exam uses an intellect in context.：這份考卷在語境中使用 intellect。
W113,8,colleague,n.,同事；同僚,題句中 her colleagues 指她的同事。,,,,work colleague：工作同事；academic colleague：學術同僚；former colleague：前同事,coworker：同事；team：團隊；workplace：職場,,,This exam uses a colleague in context.：這份考卷在語境中使用 colleague。
W114,8,maladroit,adj.,笨拙的；不靈巧的,題句中 maladroit teaching strategies 指笨拙的教學策略。,,,,maladroit handling：笨拙處理；maladroit strategy：拙劣策略；socially maladroit：社交笨拙,awkwardness：笨拙；strategy：策略；skill：技巧,,,This exam uses a maladroit in context.：這份考卷在語境中使用 maladroit。
W474,8,adroit,adj.,熟練的；靈巧的,字首反義詞補充列；去除字首 mal-，形成反義詞。,去除字首 mal-，形成反義詞。,,,adroit handling：熟練處理；adroit strategy：巧妙策略；politically adroit：政治上精明的,skill：技巧；strategy：策略；dexterity：靈巧,skillful：熟練的；deft：靈巧的,maladroit：笨拙的,adroit is the prefix antonym form recorded for review.：adroit 是本列補充的字首反義詞，供複習使用。
W115,9,description,n.,描述；說明,題句中 from his descriptions of a world。,,,,detailed description：詳細描述；job description：職務說明；description of a place：地點描述,writer：作家；detail：細節；account：敘述,,,This exam uses a description in context.：這份考卷在語境中使用 description。
W116,9,apathy,n.,冷漠；無興趣,第9題干擾選項，表示缺乏情感或關心。,,,,political apathy：政治冷漠；public apathy：大眾冷漠；show apathy toward：對……冷漠,indifference：漠不關心；interest：興趣；emotion：情緒,,,This exam uses an apathy in context.：這份考卷在語境中使用 apathy。
W117,9,adherence,n.,遵守；堅持；附著,第9題干擾選項，常用 adherence to rules。,,,,adherence to rules：遵守規則；strict adherence：嚴格遵守；adherence to treatment：遵從治療,rule：規則；discipline：紀律；compliance：遵守,,,This exam uses an adherence in context.：這份考卷在語境中使用 adherence。
W118,10,tranquilizer,n.,鎮靜劑,題句中 tranquilizers usually have a soporific effect。,,,,take tranquilizers：服用鎮靜劑；tranquilizer abuse：鎮靜劑濫用；prescribe a tranquilizer：開鎮靜劑,drug：藥物；sleep：睡眠；sedation：鎮靜,,,This exam uses a tranquilizer in context.：這份考卷在語境中使用 tranquilizer。
W119,10,abuse,n./v.,濫用；虐待,題句中 abuse of these drugs 指藥物濫用。,,,,drug abuse：藥物濫用；abuse power：濫用權力；child abuse：兒童虐待,misuse：誤用；harm：傷害；addiction：成癮,,,This exam uses an abuse in context.：這份考卷在語境中使用 abuse。
W120,10,induce,v.,引起；誘發,題句中 induce sleep 表示誘發睡眠。,,,,induce sleep：誘發睡眠；induce labor：引產；induce a response：引起反應,cause：造成；trigger：觸發；effect：效果,,,This exam uses an induce in context.：這份考卷在語境中使用 induce。
W121,10,debilitating,adj.,使衰弱的；削弱體力的,第10題干擾選項，常形容疾病或疼痛。,,,,debilitating disease：使人衰弱的疾病；debilitating pain：使人虛弱的疼痛；debilitating effect：削弱作用,weakness：虛弱；illness：疾病；fatigue：疲勞,,,This exam uses a debilitating in context.：這份考卷在語境中使用 debilitating。
W122,10,sedulous,adj.,勤勉的；孜孜不倦的,第10題干擾選項，形容人努力勤奮。,,,,sedulous student：勤勉學生；sedulous effort：勤奮努力；sedulous care：細心照料,diligence：勤勉；effort：努力；work：工作,,,This exam uses a sedulous in context.：這份考卷在語境中使用 sedulous。
W123,11,afford,v.,負擔得起；提供,題句中 cannot afford a car 表示買不起車。,,,,afford a car：買得起車；cannot afford to：負擔不起做……；afford an opportunity：提供機會,money：金錢；cost：成本；opportunity：機會,,,This exam uses an afford in context.：這份考卷在語境中使用 afford。
W124,11,bicycle,n.,腳踏車；自行車,題句中 rides a bicycle to commute。,,,,ride a bicycle：騎腳踏車；bicycle lane：自行車道；commute by bicycle：騎車通勤,transportation：交通；road：道路；commute：通勤,,,This exam uses a bicycle in context.：這份考卷在語境中使用 bicycle。
W125,12,as soon as,conj. phr.,一……就……,文法片語，引導時間副詞子句。,,,,as soon as possible：盡快；as soon as I arrive：我一到就……；call as soon as：一……就打電話,time clause：時間子句；leave：離開；call：電話,,,This exam uses an as soon as in context.：這份考卷在語境中使用 as soon as。
W126,12,at times,adv. phr.,有時；偶爾,第12題干擾選項，表示 sometimes。,,,,at times difficult：有時很困難；at times confusing：有時令人困惑；feel lonely at times：有時感到孤單,sometimes：有時；occasionally：偶爾；frequency：頻率,,,This exam uses an at times in context.：這份考卷在語境中使用 at times。
W127,12,as though,conj. phr.,好像；彷彿,第12題干擾選項，引導方式或假設語氣。,,,,act as though：表現得好像；look as though：看起來好像；as though nothing happened：彷彿沒事發生,comparison：比較；manner：方式；appearance：外觀,,,This exam uses an as though in context.：這份考卷在語境中使用 as though。
W128,13,spore,n.,孢子,生物題句中 bacterial spores 指細菌孢子。,,,,bacterial spores：細菌孢子；spore formation：孢子形成；spore germination：孢子萌發,bacteria：細菌；germination：萌發；microorganism：微生物,,,This exam uses a spore in context.：這份考卷在語境中使用 spore。
W129,13,sprout,v./n.,發芽；芽,題句中 germinate and sprout 指萌發生長。,,,,seeds sprout：種子發芽；sprout leaves：長出葉子；bean sprouts：豆芽,plant：植物；growth：生長；seed：種子,,,This exam uses a sprout in context.：這份考卷在語境中使用 sprout。
W130,14,settlement,n.,定居地；和解；解決,題句 Cherokee Indian Settlements 指切羅基印第安人聚落。,,,,Indian settlement：印第安聚落；legal settlement：法律和解；settlement agreement：和解協議,community：社群；village：村莊；territory：領土,,,This exam uses a settlement in context.：這份考卷在語境中使用 settlement。
W131,14,in addition,adv. phr.,此外；另外,第14題干擾選項，用於補充資訊。,,,,"in addition to：除了……之外；in addition,：此外；additional information：補充資訊",moreover：此外；also：也；extra：額外,,,This exam uses an in addition in context.：這份考卷在語境中使用 in addition。
W132,15,fire-resistant,adj.,防火的；耐火的,題句中 fire-resistant materials 用於飛機安全。,,,,fire-resistant material：防火材料；fire-resistant door：防火門；fire-resistant design：防火設計,safety：安全；aircraft：飛機；accident：事故,,,This exam uses a fire-resistant in context.：這份考卷在語境中使用 fire-resistant。
W133,15,material,n.,材料；資料；素材,題句中 materials 指製造或保護用材料。,,,,building material：建材；study material：學習資料；raw material：原料,substance：物質；resource：資源；fabric：布料,,,This exam uses a material in context.：這份考卷在語境中使用 material。
W134,15,aircraft,n.,飛機；航空器,題句中 modern aircraft 指現代飛機。,,,,modern aircraft：現代航空器；aircraft cabin：飛機客艙；aircraft accident：飛機事故,plane：飛機；flight：飛行；aviation：航空,,,This exam uses an aircraft in context.：這份考卷在語境中使用 aircraft。
W135,15,passenger cabin,n.,客艙,題句中 passenger cabin 指飛機乘客艙。,,,,damage to the passenger cabin：客艙損害；aircraft passenger cabin：飛機客艙；cabin safety：客艙安全,passenger：乘客；aircraft：飛機；seat：座位,,,This exam uses a passenger cabin in context.：這份考卷在語境中使用 passenger cabin。
W136,17,exhibition,n.,展覽；展示,題句中 attend exhibitions 表示參加展覽。,,,,attend an exhibition：參觀展覽；art exhibition：藝術展；trade exhibition：商展,museum：博物館；display：展示；visitor：參觀者,,,This exam uses an exhibition in context.：這份考卷在語境中使用 exhibition。
W137,17,vendor,n.,攤販；賣方；供應商,第17題選項，常見於商業脈絡。,,,,street vendor：路邊攤販；software vendor：軟體供應商；vendor contract：供應商合約,seller：賣方；customer：顧客；market：市場,,,This exam uses a vendor in context.：這份考卷在語境中使用 vendor。
W138,19,embarrassing,adj.,令人尷尬的,題句中 This is most embarrassing 表示很尷尬。,,,,embarrassing moment：尷尬時刻；embarrassing mistake：令人尷尬的錯誤；feel embarrassed：覺得尷尬,shame：羞愧；mistake：錯誤；social situation：社交場合,,,This exam uses an embarrassing in context.：這份考卷在語境中使用 embarrassing。
W139,19,wallet,n.,錢包,題句中 left my wallet at home。,,,,leave one's wallet at home：把錢包忘在家；lost wallet：遺失的錢包；wallet app：錢包 App,money：錢；bill：帳單；payment：付款,,,This exam uses a wallet in context.：這份考卷在語境中使用 wallet。
W140,20,concern,n./v.,關心的事；擔憂；涉及,題句中 not my concern 表示不關我的事。,,,,my concern：我關心的事；public concern：公共關切；concern about safety：對安全的擔憂,issue：議題；worry：擔心；responsibility：責任,,,This exam uses a concern in context.：這份考卷在語境中使用 concern。
W141,7,disconnected,adj.,分離的；不連貫的；斷線的,第7題干擾選項，可形容意見、系統或敘述彼此不連貫。,,,,disconnected ideas：不連貫的想法；disconnected from：與……脫節；feel disconnected：感到疏離,connection：連結；network：網路；idea：想法,,,This exam uses a disconnected in context.：這份考卷在語境中使用 disconnected。
W472,7,connected,adj.,連接的；有關聯的；連貫的,字首反義詞補充列；去除字首 dis-，形成反義詞。,去除字首 dis-，形成反義詞。,,,connected ideas：連貫的想法；be connected to：連接到……；closely connected：密切相關,connection：連結；network：網路；relationship：關係,linked：連接的；related：相關的,disconnected：分離的,connected is the prefix antonym form recorded for review.：connected 是本列補充的字首反義詞，供複習使用。
W142,23,intransitive,adj.,不及物的,第23題干擾選項，文法上指動詞不直接接受受詞。,,,,intransitive verb：不及物動詞；intransitive use：不及物用法；be intransitive：是不及物的,grammar：文法；verb：動詞；object：受詞,,,This exam uses an intransitive in context.：這份考卷在語境中使用 intransitive。
W473,23,transitive,adj.,及物的,字首反義詞補充列；去除字首 in-，形成反義詞。,去除字首 in-，形成反義詞。,,,transitive verb：及物動詞；transitive use：及物用法；transitive construction：及物結構,grammar：文法；verb：動詞；object：受詞,object-taking：可接受受詞的,intransitive：不及物的,transitive is the prefix antonym form recorded for review.：transitive 是本列補充的字首反義詞，供複習使用。
W143,46-50,improper,adj.,不適當的；不正確的,閱讀文章中 improper training 指訓練不當，可能造成臨床人員誤用 AI。,,,,improper training：不當訓練；improper use：不當使用；improper conduct：不當行為,training：訓練；misuse：誤用；safety：安全,,,This exam uses an improper in context.：這份考卷在語境中使用 improper。
W479,46-50,proper,adj.,適當的；正確的,字首反義詞補充列；去除字首 im-，形成反義詞。,去除字首 im-，形成反義詞。,,,proper training：適當訓練；proper use：正確使用；proper procedure：正確程序,training：訓練；procedure：程序；safety：安全,appropriate：適當的; correct：正確的,improper：不適當的,proper is the prefix antonym form recorded for review.：proper 是本列補充的字首反義詞，供複習使用。
W144,21-25,customer,n.,顧客,Amazon Fresh / Go 文章中指商店顧客。,,,,customer in context：在語境中使用 customer；learn customer：學習 顧客,exam passage：考卷文章；context：語境；review：複習,,,This exam uses a customer in context.：這份考卷在語境中使用 customer。
W145,21-25,purchase,n./v.,購買；購買物,AI 系統計算顧客購買的商品。,,,,purchase in context：在語境中使用 purchase；learn purchase：學習 購買；購買物,exam passage：考卷文章；context：語境；review：複習,,,This exam uses a purchase in context.：這份考卷在語境中使用 purchase。
W146,21-25,automatically,adv.,自動地,顧客會被系統自動收費。,,,,automatically in context：在語境中使用 automatically；learn automatically：學習 自動地,exam passage：考卷文章；context：語境；review：複習,,,This exam uses an automatically in context.：這份考卷在語境中使用 automatically。
W147,21-25,bill,v./n.,收費；帳單,customers are automatically billed 指顧客被自動收費。,,,,bill in context：在語境中使用 bill；learn bill：學習 收費；帳單,exam passage：考卷文章；context：語境；review：複習,,,This exam uses a bill in context.：這份考卷在語境中使用 bill。
W148,21-25,report,n./v.,報導；報告；回報,文章提到 reports claimed that...。,,,,report in context：在語境中使用 report；learn report：學習 報導；報告；回報,exam passage：考卷文章；context：語境；review：複習,,,This exam uses a report in context.：這份考卷在語境中使用 report。
W149,21-25,claim,v./n.,聲稱；宣稱,公司或報導對 AI 使用提出宣稱。,,,,claim in context：在語境中使用 claim；learn claim：學習 聲稱；宣稱,exam passage：考卷文章；context：語境；review：複習,,,This exam uses a claim in context.：這份考卷在語境中使用 claim。
W150,21-25,rely on,phr. v.,依賴；仰賴,系統被報導依賴印度員工人工核對。,,,,rely on in context：在語境中使用 rely on；learn rely on：學習 依賴；仰賴,exam passage：考卷文章；context：語境；review：複習,,,This exam uses a rely on in context.：這份考卷在語境中使用 rely on。
W151,21-25,employee,n.,員工,文章提到 employees in India。,,,,employee in context：在語境中使用 employee；learn employee：學習 員工,exam passage：考卷文章；context：語境；review：複習,,,This exam uses an employee in context.：這份考卷在語境中使用 employee。
W152,21-25,manually,adv.,人工地；手動地,manual verification 的副詞形式。,,,,manually in context：在語境中使用 manually；learn manually：學習 人工地；手動地,exam passage：考卷文章；context：語境；review：複習,,,This exam uses a manually in context.：這份考卷在語境中使用 manually。
W153,21-25,transaction,n.,交易,AI 系統核對顧客交易。,,,,transaction in context：在語境中使用 transaction；learn transaction：學習 交易,exam passage：考卷文章；context：語境；review：複習,,,This exam uses a transaction in context.：這份考卷在語境中使用 transaction。
W154,21-25,deny,v.,否認,Amazon quickly denied these reports。,,,,deny in context：在語境中使用 deny；learn deny：學習 否認,exam passage：考卷文章；context：語境；review：複習,,,This exam uses a deny in context.：這份考卷在語境中使用 deny。
W155,21-25,evaluate,v.,評估,Indian employees evaluated the system。,,,,evaluate in context：在語境中使用 evaluate；learn evaluate：學習 評估,exam passage：考卷文章；context：語境；review：複習,,,This exam uses an evaluate in context.：這份考卷在語境中使用 evaluate。
W156,21-25,accuracy,n.,準確性,human reviewers ensured accuracy。,,,,accuracy in context：在語境中使用 accuracy；learn accuracy：學習 準確性,exam passage：考卷文章；context：語境；review：複習,,,This exam uses an accuracy in context.：這份考卷在語境中使用 accuracy。
W157,21-25,highlight,v.,凸顯；強調,This situation highlights a growing issue。,,,,highlight in context：在語境中使用 highlight；learn highlight：學習 凸顯；強調,exam passage：考卷文章；context：語境；review：複習,,,This exam uses a highlight in context.：這份考卷在語境中使用 highlight。
W158,21-25,grand,adj.,宏大的；誇大的,grand claims 指大而誇張的宣稱。,,,,grand in context：在語境中使用 grand；learn grand：學習 宏大的；誇大的,exam passage：考卷文章；context：語境；review：複習,,,This exam uses a grand in context.：這份考卷在語境中使用 grand。
W159,21-25,practice,n./v.,做法；練習；實行,AI washing 是一種商業做法。,,,,practice in context：在語境中使用 practice；learn practice：學習 做法；練習；實行,exam passage：考卷文章；context：語境；review：複習,,,This exam uses a practice in context.：這份考卷在語境中使用 practice。
W160,21-25,akin to,phr.,類似於,AI washing akin to greenwashing。,,,,akin to in context：在語境中使用 akin to；learn akin to：學習 類似於,exam passage：考卷文章；context：語境；review：複習,,,This exam uses an akin to in context.：這份考卷在語境中使用 akin to。
W161,21-25,essential,adj.,必要的；重要的,It is essential to understand AI。,,,,essential in context：在語境中使用 essential；learn essential：學習 必要的；重要的,exam passage：考卷文章；context：語境；review：複習,,,This exam uses an essential in context.：這份考卷在語境中使用 essential。
W162,21-25,precise,adj.,精確的,AI lacking a precise definition。,,,,precise in context：在語境中使用 precise；learn precise：學習 精確的,exam passage：考卷文章；context：語境；review：複習,,,This exam uses a precise in context.：這份考卷在語境中使用 precise。
W163,21-25,definition,n.,定義,文章討論 AI 的定義不明確。,,,,definition in context：在語境中使用 definition；learn definition：學習 定義,exam passage：考卷文章；context：語境；review：複習,,,This exam uses a definition in context.：這份考卷在語境中使用 definition。
W164,21-25,refer to,phr. v.,指的是；提到,AI refers to computers learning。,,,,refer to in context：在語境中使用 refer to；learn refer to：學習 指的是；提到,exam passage：考卷文章；context：語境；review：複習,,,This exam uses a refer to in context.：這份考卷在語境中使用 refer to。
W165,21-25,solve,v.,解決,AI solves problems after training。,,,,solve in context：在語境中使用 solve；learn solve：學習 解決,exam passage：考卷文章；context：語境；review：複習,,,This exam uses a solve in context.：這份考卷在語境中使用 solve。
W166,21-25,prominent,adj.,重要的；突出的,generative AI 是 prominent type。,,,,prominent in context：在語境中使用 prominent；learn prominent：學習 重要的；突出的,exam passage：考卷文章；context：語境；review：複習,,,This exam uses a prominent in context.：這份考卷在語境中使用 prominent。
W167,21-25,generative,adj.,生成式的,generative AI creates new content。,,,,generative in context：在語境中使用 generative；learn generative：學習 生成式的,exam passage：考卷文章；context：語境；review：複習,,,This exam uses a generative in context.：這份考卷在語境中使用 generative。
W168,21-25,content,n.,內容,AI creates new content like music or pictures。,,,,content in context：在語境中使用 content；learn content：學習 內容,exam passage：考卷文章；context：語境；review：複習,,,This exam uses a content in context.：這份考卷在語境中使用 content。
W169,21-25,capability,n.,能力,companies exaggerate AI capabilities。,,,,capability in context：在語境中使用 capability；learn capability：學習 能力,exam passage：考卷文章；context：語境；review：複習,,,This exam uses a capability in context.：這份考卷在語境中使用 capability。
W170,21-25,merely,adv.,僅僅；只是,companies merely add chatbots。,,,,merely in context：在語境中使用 merely；learn merely：學習 僅僅；只是,exam passage：考卷文章；context：語境；review：複習,,,This exam uses a merely in context.：這份考卷在語境中使用 merely。
W171,21-25,incorporate,v.,納入；整合,incorporate AI chatbots into software。,,,,incorporate in context：在語境中使用 incorporate；learn incorporate：學習 納入；整合,exam passage：考卷文章；context：語境；review：複習,,,This exam uses an incorporate in context.：這份考卷在語境中使用 incorporate。
W172,21-25,software,n.,軟體,AI chatbots are added into software。,,,,software in context：在語境中使用 software；learn software：學習 軟體,exam passage：考卷文章；context：語境；review：複習,,,This exam uses a software in context.：這份考卷在語境中使用 software。
W173,21-25,investment,n.,投資,tech investment fund company。,,,,investment in context：在語境中使用 investment；learn investment：學習 投資,exam passage：考卷文章；context：語境；review：複習,,,This exam uses an investment in context.：這份考卷在語境中使用 investment。
W174,21-25,startup,n.,新創公司,tech startups mentioned AI。,,,,startup in context：在語境中使用 startup；learn startup：學習 新創公司,exam passage：考卷文章；context：語境；review：複習,,,This exam uses a startup in context.：這份考卷在語境中使用 startup。
W175,21-25,mention,v.,提到,startups mentioned AI in pitches。,,,,mention in context：在語境中使用 mention；learn mention：學習 提到,exam passage：考卷文章；context：語境；review：複習,,,This exam uses a mention in context.：這份考卷在語境中使用 mention。
W176,21-25,expect,v.,預期；期待,is expected to exceed a third。,,,,expect in context：在語境中使用 expect；learn expect：學習 預期；期待,exam passage：考卷文章；context：語境；review：複習,,,This exam uses an expect in context.：這份考卷在語境中使用 expect。
W177,21-25,exceed,v.,超過,AI mentions expected to exceed a third。,,,,exceed in context：在語境中使用 exceed；learn exceed：學習 超過,exam passage：考卷文章；context：語境；review：複習,,,This exam uses an exceed in context.：這份考卷在語境中使用 exceed。
W178,21-25,competition,n.,競爭,competition for funding drives companies。,,,,competition in context：在語境中使用 competition；learn competition：學習 競爭,exam passage：考卷文章；context：語境；review：複習,,,This exam uses a competition in context.：這份考卷在語境中使用 competition。
W179,21-25,funding,n.,資金；資助,companies compete for funding。,,,,funding in context：在語境中使用 funding；learn funding：學習 資金；資助,exam passage：考卷文章；context：語境；review：複習,,,This exam uses a funding in context.：這份考卷在語境中使用 funding。
W180,21-25,drive,v.,驅使；推動,funding competition drives overstatement。,,,,drive in context：在語境中使用 drive；learn drive：學習 驅使；推動,exam passage：考卷文章；context：語境；review：複習,,,This exam uses a drive in context.：這份考卷在語境中使用 drive。
W181,21-25,overstate,v.,誇大,companies overstate AI capabilities。,,,,overstate in context：在語境中使用 overstate；learn overstate：學習 誇大,exam passage：考卷文章；context：語境；review：複習,,,This exam uses an overstate in context.：這份考卷在語境中使用 overstate。
W182,21-25,enabled,adj.,啟用的；具備能力的,AI-enabled companies claimed to use AI。,,,,enabled in context：在語境中使用 enabled；learn enabled：學習 啟用的；具備能力的,exam passage：考卷文章；context：語境；review：複習,,,This exam uses an enabled in context.：這份考卷在語境中使用 enabled。
W183,21-25,persist,v.,持續存在,The problem persists today。,,,,persist in context：在語境中使用 persist；learn persist：學習 持續存在,exam passage：考卷文章；context：語境；review：複習,,,This exam uses a persist in context.：這份考卷在語境中使用 persist。
W184,21-25,intelligent,adj.,智慧的；聰明的,non-intelligent products lack real AI。,,,,intelligent in context：在語境中使用 intelligent；learn intelligent：學習 智慧的；聰明的,exam passage：考卷文章；context：語境；review：複習,,,This exam uses an intelligent in context.：這份考卷在語境中使用 intelligent。
W185,21-25,expert,n.,專家,An expert highlighted the issue。,,,,expert in context：在語境中使用 expert；learn expert：學習 專家,exam passage：考卷文章；context：語境；review：複習,,,This exam uses an expert in context.：這份考卷在語境中使用 expert。
W186,21-25,unified,adj.,統一的,lack of a unified definition。,,,,unified in context：在語境中使用 unified；learn unified：學習 統一的,exam passage：考卷文章；context：語境；review：複習,,,This exam uses an unified in context.：這份考卷在語境中使用 unified。
W187,21-25,contribute to,phr. v.,促成；導致,lack of definition contributes to AI washing。,,,,contribute to in context：在語境中使用 contribute to；learn contribute to：學習 促成；導致,exam passage：考卷文章；context：語境；review：複習,,,This exam uses a contribute to in context.：這份考卷在語境中使用 contribute to。
W188,21-25,inflated,adj.,膨脹的；誇大的,inflated claims about AI。,,,,inflated in context：在語境中使用 inflated；learn inflated：學習 膨脹的；誇大的,exam passage：考卷文章；context：語境；review：複習,,,This exam uses an inflated in context.：這份考卷在語境中使用 inflated。
W189,21-25,overvalued,adj.,估值過高的,overvalued technology and unmet expectations。,,,,overvalued in context：在語境中使用 overvalued；learn overvalued：學習 估值過高的,exam passage：考卷文章；context：語境；review：複習,,,This exam uses an overvalued in context.：這份考卷在語境中使用 overvalued。
W190,21-25,unmet,adj.,未被滿足的,unmet expectations erode trust。,,,,unmet in context：在語境中使用 unmet；learn unmet：學習 未被滿足的,exam passage：考卷文章；context：語境；review：複習,,,This exam uses an unmet in context.：這份考卷在語境中使用 unmet。
W191,21-25,regulator,n.,監管者；主管機關,regulators begin to address AI washing。,,,,regulator in context：在語境中使用 regulator；learn regulator：學習 監管者；主管機關,exam passage：考卷文章；context：語境；review：複習,,,This exam uses a regulator in context.：這份考卷在語境中使用 regulator。
W192,21-25,charge,v./n.,指控；收費；掌管,SEC charged firms for false claims。,,,,charge in context：在語境中使用 charge；learn charge：學習 指控；收費；掌管,exam passage：考卷文章；context：語境；review：複習,,,This exam uses a charge in context.：這份考卷在語境中使用 charge。
W193,21-25,false,adj.,錯誤的；虛假的,false AI-related claims。,,,,false in context：在語境中使用 false；learn false：學習 錯誤的；虛假的,exam passage：考卷文章；context：語境；review：複習,,,This exam uses a false in context.：這份考卷在語境中使用 false。
W194,26-30,religion,n.,宗教,文章討論 images in many religions。,,,,religion in context：在語境中使用 religion；learn religion：學習 宗教,exam passage：考卷文章；context：語境；review：複習,,,This exam uses a religion in context.：這份考卷在語境中使用 religion。
W195,26-30,modern,adj.,現代的,modern media 指現代媒體。,,,,modern in context：在語境中使用 modern；learn modern：學習 現代的,exam passage：考卷文章；context：語境；review：複習,,,This exam uses a modern in context.：這份考卷在語境中使用 modern。
W196,26-30,media,n.,媒體,modern media 中 images 的地位。,,,,media in context：在語境中使用 media；learn media：學習 媒體,exam passage：考卷文章；context：語境；review：複習,,,This exam uses a media in context.：這份考卷在語境中使用 media。
W197,26-30,untrustworthy,adj.,不可信的,images are thought to be untrustworthy。,,,,untrustworthy in context：在語境中使用 untrustworthy；learn untrustworthy：學習 不可信的,exam passage：考卷文章；context：語境；review：複習,,,This exam uses an untrustworthy in context.：這份考卷在語境中使用 untrustworthy。
W198,26-30,cheat,v.,欺騙；作弊,"images are said to lie, cheat, and steal。",,,,cheat in context：在語境中使用 cheat；learn cheat：學習 欺騙；作弊,exam passage：考卷文章；context：語境；review：複習,,,This exam uses a cheat in context.：這份考卷在語境中使用 cheat。
W199,26-30,steal,v.,偷；竊取,images steal belief from words。,,,,steal in context：在語境中使用 steal；learn steal：學習 偷；竊取,exam passage：考卷文章；context：語境；review：複習,,,This exam uses a steal in context.：這份考卷在語境中使用 steal。
W200,26-30,critique,n./v.,批判；評論,many critiques of images。,,,,critique in context：在語境中使用 critique；learn critique：學習 批判；評論,exam passage：考卷文章；context：語境；review：複習,,,This exam uses a critique in context.：這份考卷在語境中使用 critique。
W201,26-30,writer,n.,作家；作者,religious writers criticized images。,,,,writer in context：在語境中使用 writer；learn writer：學習 作家；作者,exam passage：考卷文章；context：語境；review：複習,,,This exam uses a writer in context.：這份考卷在語境中使用 writer。
W202,26-30,reformer,n.,改革者,Hindu reformers are mentioned。,,,,reformer in context：在語境中使用 reformer；learn reformer：學習 改革者,exam passage：考卷文章；context：語境；review：複習,,,This exam uses a reformer in context.：這份考卷在語境中使用 reformer。
W203,26-30,revolutionary,n./adj.,革命者；革命的,Marxist revolutionaries criticized images。,,,,revolutionary in context：在語境中使用 revolutionary；learn revolutionary：學習 革命者；革命的,exam passage：考卷文章；context：語境；review：複習,,,This exam uses a revolutionary in context.：這份考卷在語境中使用 revolutionary。
W204,26-30,suspicion,n.,懷疑,suspicions circle around images。,,,,suspicion in context：在語境中使用 suspicion；learn suspicion：學習 懷疑,exam passage：考卷文章；context：語境；review：複習,,,This exam uses a suspicion in context.：這份考卷在語境中使用 suspicion。
W205,26-30,circle around,phr. v.,圍繞；盤旋於,suspicions circle around distrust。,,,,circle around in context：在語境中使用 circle around；learn circle around：學習 圍繞；盤旋於,exam passage：考卷文章；context：語境；review：複習,,,This exam uses a circle around in context.：這份考卷在語境中使用 circle around。
W206,26-30,distrust,n./v.,不信任,tenacious distrust of images。,,,,distrust in context：在語境中使用 distrust；learn distrust：學習 不信任,exam passage：考卷文章；context：語境；review：複習,,,This exam uses a distrust in context.：這份考卷在語境中使用 distrust。
W207,26-30,selectively,adv.,選擇性地,images selectively tell the truth。,,,,selectively in context：在語境中使用 selectively；learn selectively：學習 選擇性地,exam passage：考卷文章；context：語境；review：複習,,,This exam uses a selectively in context.：這份考卷在語境中使用 selectively。
W208,26-30,distort,v.,扭曲,images distort what they portray。,,,,distort in context：在語境中使用 distort；learn distort：學習 扭曲,exam passage：考卷文章；context：語境；review：複習,,,This exam uses a distort in context.：這份考卷在語境中使用 distort。
W209,26-30,portray,v.,描繪；呈現,distorting what they portray。,,,,portray in context：在語境中使用 portray；learn portray：學習 描繪；呈現,exam passage：考卷文章；context：語境；review：複習,,,This exam uses a portray in context.：這份考卷在語境中使用 portray。
W210,26-30,priest,n.,祭司；神父,priests may use images to influence viewers。,,,,priest in context：在語境中使用 priest；learn priest：學習 祭司；神父,exam passage：考卷文章；context：語境；review：複習,,,This exam uses a priest in context.：這份考卷在語境中使用 priest。
W211,26-30,tyrant,n.,暴君,tyrants may manipulate images。,,,,tyrant in context：在語境中使用 tyrant；learn tyrant：學習 暴君,exam passage：考卷文章；context：語境；review：複習,,,This exam uses a tyrant in context.：這份考卷在語境中使用 tyrant。
W212,26-30,merchant,n.,商人,merchants may use images to persuade viewers。,,,,merchant in context：在語境中使用 merchant；learn merchant：學習 商人,exam passage：考卷文章；context：語境；review：複習,,,This exam uses a merchant in context.：這份考卷在語境中使用 merchant。
W213,26-30,viewer,n.,觀看者；觀眾,pliant viewers are influenced by images。,,,,viewer in context：在語境中使用 viewer；learn viewer：學習 觀看者；觀眾,exam passage：考卷文章；context：語境；review：複習,,,This exam uses a viewer in context.：這份考卷在語境中使用 viewer。
W214,26-30,unsuspecting,adj.,無戒心的,images dupe the unsuspecting。,,,,unsuspecting in context：在語境中使用 unsuspecting；learn unsuspecting：學習 無戒心的,exam passage：考卷文章；context：語境；review：複習,,,This exam uses an unsuspecting in context.：這份考卷在語境中使用 unsuspecting。
W215,26-30,belief,n.,信念；相信,images steal belief from words。,,,,belief in context：在語境中使用 belief；learn belief：學習 信念；相信,exam passage：考卷文章；context：語境；review：複習,,,This exam uses a belief in context.：這份考卷在語境中使用 belief。
W216,26-30,divine,adj.,神聖的,divine self-revelation。,,,,divine in context：在語境中使用 divine；learn divine：學習 神聖的,exam passage：考卷文章；context：語境；review：複習,,,This exam uses a divine in context.：這份考卷在語境中使用 divine。
W217,26-30,revelation,n.,啟示；揭露,divine self-revelation in religions。,,,,revelation in context：在語境中使用 revelation；learn revelation：學習 啟示；揭露,exam passage：考卷文章；context：語境；review：複習,,,This exam uses a revelation in context.：這份考卷在語境中使用 revelation。
W218,26-30,logical,adj.,邏輯的,logical procedure of discourse。,,,,logical in context：在語境中使用 logical；learn logical：學習 邏輯的,exam passage：考卷文章；context：語境；review：複習,,,This exam uses a logical in context.：這份考卷在語境中使用 logical。
W219,26-30,procedure,n.,程序；步驟,logical procedure of discourse。,,,,procedure in context：在語境中使用 procedure；learn procedure：學習 程序；步驟,exam passage：考卷文章；context：語境；review：複習,,,This exam uses a procedure in context.：這份考卷在語境中使用 procedure。
W220,26-30,discourse,n.,論述；談論,intellectual inquiry proceeds through discourse。,,,,discourse in context：在語境中使用 discourse；learn discourse：學習 論述；談論,exam passage：考卷文章；context：語境；review：複習,,,This exam uses a discourse in context.：這份考卷在語境中使用 discourse。
W221,26-30,opinion,n.,意見；看法,movement from opinion to truth。,,,,opinion in context：在語境中使用 opinion；learn opinion：學習 意見；看法,exam passage：考卷文章；context：語境；review：複習,,,This exam uses an opinion in context.：這份考卷在語境中使用 opinion。
W222,26-30,truth,n.,真理；事實,movement from opinion to truth。,,,,truth in context：在語境中使用 truth；learn truth：學習 真理；事實,exam passage：考卷文章；context：語境；review：複習,,,This exam uses a truth in context.：這份考卷在語境中使用 truth。
W223,26-30,reason,n./v.,理性；推理,images cheat reason of its place。,,,,reason in context：在語境中使用 reason；learn reason：學習 理性；推理,exam passage：考卷文章；context：語境；review：複習,,,This exam uses a reason in context.：這份考卷在語境中使用 reason。
W224,26-30,rightful,adj.,正當的；合法的,reason's rightful place。,,,,rightful in context：在語境中使用 rightful；learn rightful：學習 正當的；合法的,exam passage：考卷文章；context：語境；review：複習,,,This exam uses a rightful in context.：這份考卷在語境中使用 rightful。
W225,26-30,presume,v.,假定；推定,the distrust of images presumes something deeper。,,,,presume in context：在語境中使用 presume；learn presume：學習 假定；推定,exam passage：考卷文章；context：語境；review：複習,,,This exam uses a presume in context.：這份考卷在語境中使用 presume。
W226,26-30,subtle,adj.,微妙的；細微的,images have a subtle effect on the body。,,,,subtle in context：在語境中使用 subtle；learn subtle：學習 微妙的；細微的,exam passage：考卷文章；context：語境；review：複習,,,This exam uses a subtle in context.：這份考卷在語境中使用 subtle。
W227,26-30,irresistible,adj.,不可抗拒的,images have an irresistible effect。,,,,irresistible in context：在語境中使用 irresistible；learn irresistible：學習 不可抗拒的,exam passage：考卷文章；context：語境；review：複習,,,This exam uses an irresistible in context.：這份考卷在語境中使用 irresistible。
W228,26-30,provoke,v.,引發；激起,images provoke fear and desire。,,,,provoke in context：在語境中使用 provoke；learn provoke：學習 引發；激起,exam passage：考卷文章；context：語境；review：複習,,,This exam uses a provoke in context.：這份考卷在語境中使用 provoke。
W229,26-30,envy,n./v.,嫉妒,images provoke envy。,,,,envy in context：在語境中使用 envy；learn envy：學習 嫉妒,exam passage：考卷文章；context：語境；review：複習,,,This exam uses an envy in context.：這份考卷在語境中使用 envy。
W230,26-30,pride,n.,驕傲；自尊,images provoke pride。,,,,pride in context：在語境中使用 pride；learn pride：學習 驕傲；自尊,exam passage：考卷文章；context：語境；review：複習,,,This exam uses a pride in context.：這份考卷在語境中使用 pride。
W231,26-30,desire,n./v.,慾望；渴望,images provoke desire。,,,,desire in context：在語境中使用 desire；learn desire：學習 慾望；渴望,exam passage：考卷文章；context：語境；review：複習,,,This exam uses a desire in context.：這份考卷在語境中使用 desire。
W232,26-30,obsession,n.,執著；迷戀,images provoke obsession。,,,,obsession in context：在語境中使用 obsession；learn obsession：學習 執著；迷戀,exam passage：考卷文章；context：語境；review：複習,,,This exam uses an obsession in context.：這份考卷在語境中使用 obsession。
W233,26-30,rage,n./v.,憤怒；盛怒,images provoke rage。,,,,rage in context：在語境中使用 rage；learn rage：學習 憤怒；盛怒,exam passage：考卷文章；context：語境；review：複習,,,This exam uses a rage in context.：這份考卷在語境中使用 rage。
W234,26-30,passion,n.,強烈情感；熱情,strong feelings and passions。,,,,passion in context：在語境中使用 passion；learn passion：學習 強烈情感；熱情,exam passage：考卷文章；context：語境；review：複習,,,This exam uses a passion in context.：這份考卷在語境中使用 passion。
W235,26-30,grip,v./n.,抓住；控制,passions grip the chest。,,,,grip in context：在語境中使用 grip；learn grip：學習 抓住；控制,exam passage：考卷文章；context：語境；review：複習,,,This exam uses a grip in context.：這份考卷在語境中使用 grip。
W236,26-30,creep,v.,爬行；悄悄蔓延,feelings creep over the flesh。,,,,creep in context：在語境中使用 creep；learn creep：學習 爬行；悄悄蔓延,exam passage：考卷文章；context：語境；review：複習,,,This exam uses a creep in context.：這份考卷在語境中使用 creep。
W237,26-30,flesh,n.,肉體；皮肉,passions creep over the flesh。,,,,flesh in context：在語境中使用 flesh；learn flesh：學習 肉體；皮肉,exam passage：考卷文章；context：語境；review：複習,,,This exam uses a flesh in context.：這份考卷在語境中使用 flesh。
W238,26-30,appeal to,phr. v.,吸引；訴諸,images appeal to the body。,,,,appeal to in context：在語境中使用 appeal to；learn appeal to：學習 吸引；訴諸,exam passage：考卷文章；context：語境；review：複習,,,This exam uses an appeal to in context.：這份考卷在語境中使用 appeal to。
W239,26-30,moralist,n.,道德家,moralists resent the power of images。,,,,moralist in context：在語境中使用 moralist；learn moralist：學習 道德家,exam passage：考卷文章；context：語境；review：複習,,,This exam uses a moralist in context.：這份考卷在語境中使用 moralist。
W240,26-30,clergy,n.,神職人員,clergy are mentioned among moral authorities。,,,,clergy in context：在語境中使用 clergy；learn clergy：學習 神職人員,exam passage：考卷文章；context：語境；review：複習,,,This exam uses a clergy in context.：這份考卷在語境中使用 clergy。
W241,26-30,resent,v.,怨恨；反感,authorities resent the power of images。,,,,resent in context：在語境中使用 resent；learn resent：學習 怨恨；反感,exam passage：考卷文章；context：語境；review：複習,,,This exam uses a resent in context.：這份考卷在語境中使用 resent。
W242,26-30,traffic in,phr. v.,從事；販賣；利用,images traffic in the body's energies。,,,,traffic in in context：在語境中使用 traffic in；learn traffic in：學習 從事；販賣；利用,exam passage：考卷文章；context：語境；review：複習,,,This exam uses a traffic in in context.：這份考卷在語境中使用 traffic in。
W243,26-30,stricture,n.,約束；限制；苛評,strictures of thought and conscience。,,,,stricture in context：在語境中使用 stricture；learn stricture：學習 約束；限制；苛評,exam passage：考卷文章；context：語境；review：複習,,,This exam uses a stricture in context.：這份考卷在語境中使用 stricture。
W244,26-30,conscience,n.,良知,thought and conscience are threatened。,,,,conscience in context：在語境中使用 conscience；learn conscience：學習 良知,exam passage：考卷文章；context：語境；review：複習,,,This exam uses a conscience in context.：這份考卷在語境中使用 conscience。
W245,26-30,authority,n.,權威；當局,moral authorities work to inculcate strictures。,,,,authority in context：在語境中使用 authority；learn authority：學習 權威；當局,exam passage：考卷文章；context：語境；review：複習,,,This exam uses an authority in context.：這份考卷在語境中使用 authority。
W246,26-30,nurture,v.,培養；養育,authorities nurture thought and conscience。,,,,nurture in context：在語境中使用 nurture；learn nurture：學習 培養；養育,exam passage：考卷文章；context：語境；review：複習,,,This exam uses a nurture in context.：這份考卷在語境中使用 nurture。
W247,31-35,historically,adv.,歷史上,Bristleworms historically had a bad reputation。,,,,historically in context：在語境中使用 historically；learn historically：學習 歷史上,exam passage：考卷文章；context：語境；review：複習,,,This exam uses a historically in context.：這份考卷在語境中使用 historically。
W248,31-35,reputation,n.,名聲；評價,bristleworms had a bad reputation。,,,,reputation in context：在語境中使用 reputation；learn reputation：學習 名聲；評價,exam passage：考卷文章；context：語境；review：複習,,,This exam uses a reputation in context.：這份考卷在語境中使用 reputation。
W249,31-35,saltwater,adj./n.,鹽水的；海水,saltwater aquarium 指海水水族箱。,,,,saltwater in context：在語境中使用 saltwater；learn saltwater：學習 鹽水的；海水,exam passage：考卷文章；context：語境；review：複習,,,This exam uses a saltwater in context.：這份考卷在語境中使用 saltwater。
W250,31-35,aquarium,n.,水族箱；水族館,saltwater aquarium aficionados。,,,,aquarium in context：在語境中使用 aquarium；learn aquarium：學習 水族箱；水族館,exam passage：考卷文章；context：語境；review：複習,,,This exam uses an aquarium in context.：這份考卷在語境中使用 aquarium。
W251,31-35,marine,adj.,海洋的,marine worms 指海洋蠕蟲。,,,,marine in context：在語境中使用 marine；learn marine：學習 海洋的,exam passage：考卷文章；context：語境；review：複習,,,This exam uses a marine in context.：這份考卷在語境中使用 marine。
W252,31-35,hobbyist,n.,業餘愛好者,hobbyist's aquarium 指玩家的水族箱。,,,,hobbyist in context：在語境中使用 hobbyist；learn hobbyist：學習 業餘愛好者,exam passage：考卷文章；context：語境；review：複習,,,This exam uses a hobbyist in context.：這份考卷在語境中使用 hobbyist。
W253,31-35,coral,n.,珊瑚,worms enter by hitching a ride on coral。,,,,coral in context：在語境中使用 coral；learn coral：學習 珊瑚,exam passage：考卷文章；context：語境；review：複習,,,This exam uses a coral in context.：這份考卷在語境中使用 coral。
W254,31-35,established,adj.,已建立的；固定下來的,"Once established, worms become part of the ecosystem。",,,,established in context：在語境中使用 established；learn established：學習 已建立的；固定下來的,exam passage：考卷文章；context：語境；review：複習,,,This exam uses an established in context.：這份考卷在語境中使用 established。
W255,31-35,range,v./n.,變動；範圍,Bristleworms range greatly in size。,,,,range in context：在語境中使用 range；learn range：學習 變動；範圍,exam passage：考卷文章；context：語境；review：複習,,,This exam uses a range in context.：這份考卷在語境中使用 range。
W256,31-35,greatly,adv.,大大地；非常,range greatly in size。,,,,greatly in context：在語境中使用 greatly；learn greatly：學習 大大地；非常,exam passage：考卷文章；context：語境；review：複習,,,This exam uses a greatly in context.：這份考卷在語境中使用 greatly。
W257,31-35,inch,n.,英吋,small worms are about an inch long。,,,,inch in context：在語境中使用 inch；learn inch：學習 英吋,exam passage：考卷文章；context：語境；review：複習,,,This exam uses an inch in context.：這份考卷在語境中使用 inch。
W258,31-35,although,conj.,雖然,although introduces contrast in the passage。,,,,although in context：在語境中使用 although；learn although：學習 雖然,exam passage：考卷文章；context：語境；review：複習,,,This exam uses an although in context.：這份考卷在語境中使用 although。
W259,31-35,extent,n.,程度；範圍,not seen at their greatest extent。,,,,extent in context：在語境中使用 extent；learn extent：學習 程度；範圍,exam passage：考卷文章；context：語境；review：複習,,,This exam uses an extent in context.：這份考卷在語境中使用 extent。
W260,31-35,literature,n.,文獻；文學,literature has contended worms are harmful。,,,,literature in context：在語境中使用 literature；learn literature：學習 文獻；文學,exam passage：考卷文章；context：語境；review：複習,,,This exam uses a literature in context.：這份考卷在語境中使用 literature。
W261,31-35,frequently,adv.,經常地,literature has frequently contended。,,,,frequently in context：在語境中使用 frequently；learn frequently：學習 經常地,exam passage：考卷文章；context：語境；review：複習,,,This exam uses a frequently in context.：這份考卷在語境中使用 frequently。
W262,31-35,harmful,adj.,有害的,bristleworms were said to be harmful。,,,,harmful in context：在語境中使用 harmful；learn harmful：學習 有害的,exam passage：考卷文章；context：語境；review：複習,,,This exam uses a harmful in context.：這份考卷在語境中使用 harmful。
W263,31-35,clam,n.,蛤蜊；貝類,worms were said to eat clams。,,,,clam in context：在語境中使用 clam；learn clam：學習 蛤蜊；貝類,exam passage：考卷文章；context：語境；review：複習,,,This exam uses a clam in context.：這份考卷在語境中使用 clam。
W264,31-35,anemone,n.,海葵；銀蓮花,passage mentions anemones in aquariums。,,,,anemone in context：在語境中使用 anemone；learn anemone：學習 海葵；銀蓮花,exam passage：考卷文章；context：語境；review：複習,,,This exam uses an anemone in context.：這份考卷在語境中使用 anemone。
W265,31-35,enthusiast,n.,熱衷者；愛好者,most enthusiasts now conclude worms pose no threat。,,,,enthusiast in context：在語境中使用 enthusiast；learn enthusiast：學習 熱衷者；愛好者,exam passage：考卷文章；context：語境；review：複習,,,This exam uses an enthusiast in context.：這份考卷在語境中使用 enthusiast。
W266,31-35,conclude,v.,結論是；結束,enthusiasts conclude small worms pose no threat。,,,,conclude in context：在語境中使用 conclude；learn conclude：學習 結論是；結束,exam passage：考卷文章；context：語境；review：複習,,,This exam uses a conclude in context.：這份考卷在語境中使用 conclude。
W267,31-35,scavenger,n.,食腐動物；清道夫,small bristleworms are scavengers。,,,,scavenger in context：在語境中使用 scavenger；learn scavenger：學習 食腐動物；清道夫,exam passage：考卷文章；context：語境；review：複習,,,This exam uses a scavenger in context.：這份考卷在語境中使用 scavenger。
W268,31-35,carcass,n.,動物屍體,scavengers clear carcasses of dead animals。,,,,carcass in context：在語境中使用 carcass；learn carcass：學習 動物屍體,exam passage：考卷文章；context：語境；review：複習,,,This exam uses a carcass in context.：這份考卷在語境中使用 carcass。
W269,31-35,species,n.,物種,fireworms are a species of larger worms。,,,,species in context：在語境中使用 species；learn species：學習 物種,exam passage：考卷文章；context：語境；review：複習,,,This exam uses a species in context.：這份考卷在語境中使用 species。
W270,31-35,challenge,n./v.,挑戰；質疑,removing worms is a challenge。,,,,challenge in context：在語境中使用 challenge；learn challenge：學習 挑戰；質疑,exam passage：考卷文章；context：語境；review：複習,,,This exam uses a challenge in context.：這份考卷在語境中使用 challenge。
W271,31-35,sensitive,adj.,敏感的,worms are sensitive to light。,,,,sensitive in context：在語境中使用 sensitive；learn sensitive：學習 敏感的,exam passage：考卷文章；context：語境；review：複習,,,This exam uses a sensitive in context.：這份考卷在語境中使用 sensitive。
W272,31-35,hiding,n.,躲藏,worms go into hiding at disturbance。,,,,hiding in context：在語境中使用 hiding；learn hiding：學習 躲藏,exam passage：考卷文章；context：語境；review：複習,,,This exam uses a hiding in context.：這份考卷在語境中使用 hiding。
W273,31-35,slightest,adj.,最輕微的,at the slightest disturbance。,,,,slightest in context：在語境中使用 slightest；learn slightest：學習 最輕微的,exam passage：考卷文章；context：語境；review：複習,,,This exam uses a slightest in context.：這份考卷在語境中使用 slightest。
W274,31-35,disturbance,n.,干擾；騷動,worms hide at the slightest disturbance。,,,,disturbance in context：在語境中使用 disturbance；learn disturbance：學習 干擾；騷動,exam passage：考卷文章；context：語境；review：複習,,,This exam uses a disturbance in context.：這份考卷在語境中使用 disturbance。
W275,36-40,ultimately,adv.,最終；最後,education systems may ultimately be judged。,,,,ultimately in context：在語境中使用 ultimately；learn ultimately：學習 最終；最後,exam passage：考卷文章；context：語境；review：複習,,,This exam uses an ultimately in context.：這份考卷在語境中使用 ultimately。
W276,36-40,judge in terms of,phr.,依照……來評判,education systems judged in terms of opportunity。,,,,judge in terms of in context：在語境中使用 judge in terms of；learn judge in terms of：學習 依照……來評判,exam passage：考卷文章；context：語境；review：複習,,,This exam uses a judge in terms of in context.：這份考卷在語境中使用 judge in terms of。
W277,36-40,equality,n.,平等,equality of opportunity。,,,,equality in context：在語境中使用 equality；learn equality：學習 平等,exam passage：考卷文章；context：語境；review：複習,,,This exam uses an equality in context.：這份考卷在語境中使用 equality。
W278,36-40,opportunity,n.,機會,equality of opportunity。,,,,opportunity in context：在語境中使用 opportunity；learn opportunity：學習 機會,exam passage：考卷文章；context：語境；review：複習,,,This exam uses an opportunity in context.：這份考卷在語境中使用 opportunity。
W279,36-40,debate,n./v.,辯論；討論,debates over selective versus comprehensive schooling。,,,,debate in context：在語境中使用 debate；learn debate：學習 辯論；討論,exam passage：考卷文章；context：語境；review：複習,,,This exam uses a debate in context.：這份考卷在語境中使用 debate。
W280,36-40,selective,adj.,選擇性的；篩選的,selective schooling 指篩選式教育。,,,,selective in context：在語境中使用 selective；learn selective：學習 選擇性的；篩選的,exam passage：考卷文章；context：語境；review：複習,,,This exam uses a selective in context.：這份考卷在語境中使用 selective。
W281,36-40,achievement,n.,成就；達成,educational achievement。,,,,achievement in context：在語境中使用 achievement；learn achievement：學習 成就；達成,exam passage：考卷文章；context：語境；review：複習,,,This exam uses an achievement in context.：這份考卷在語境中使用 achievement。
W282,36-40,inequality,n.,不平等,league tables may perpetuate inequalities。,,,,inequality in context：在語境中使用 inequality；learn inequality：學習 不平等,exam passage：考卷文章；context：語境；review：複習,,,This exam uses an inequality in context.：這份考卷在語境中使用 inequality。
W283,36-40,institution,n.,機構；制度,educational institutions are divided into good and bad。,,,,institution in context：在語境中使用 institution；learn institution：學習 機構；制度,exam passage：考卷文章；context：語境；review：複習,,,This exam uses an institution in context.：這份考卷在語境中使用 institution。
W284,36-40,failing,adj.,失敗的；不及格的,failing institutions 指被認為失敗的學校。,,,,failing in context：在語境中使用 failing；learn failing：學習 失敗的；不及格的,exam passage：考卷文章；context：語境；review：複習,,,This exam uses a failing in context.：這份考卷在語境中使用 failing。
W285,36-40,two-tier,adj.,兩級的；雙層的,two-tier system 指分成上下兩層的制度。,,,,two-tier in context：在語境中使用 two-tier；learn two-tier：學習 兩級的；雙層的,exam passage：考卷文章；context：語境；review：複習,,,This exam uses a two-tier in context.：這份考卷在語境中使用 two-tier。
W286,36-40,well-off,adj.,富裕的,better-off parents have more resources。,,,,well-off in context：在語境中使用 well-off；learn well-off：學習 富裕的,exam passage：考卷文章；context：語境；review：複習,,,This exam uses a well-off in context.：這份考卷在語境中使用 well-off。
W287,36-40,well-endowed,adj.,資源充足的,well-endowed schools have strong resources。,,,,well-endowed in context：在語境中使用 well-endowed；learn well-endowed：學習 資源充足的,exam passage：考卷文章；context：語境；review：複習,,,This exam uses a well-endowed in context.：這份考卷在語境中使用 well-endowed。
W288,36-40,motivation,n.,動機,home environments provide motivation to excel。,,,,motivation in context：在語境中使用 motivation；learn motivation：學習 動機,exam passage：考卷文章；context：語境；review：複習,,,This exam uses a motivation in context.：這份考卷在語境中使用 motivation。
W289,36-40,excel,v.,表現優異；擅長,motivation to excel。,,,,excel in context：在語境中使用 excel；learn excel：學習 表現優異；擅長,exam passage：考卷文章；context：語境；review：複習,,,This exam uses an excel in context.：這份考卷在語境中使用 excel。
W290,36-40,financial,adj.,財務的；金融的,financial support can help equality。,,,,financial in context：在語境中使用 financial；learn financial：學習 財務的；金融的,exam passage：考卷文章；context：語境；review：複習,,,This exam uses a financial in context.：這份考卷在語境中使用 financial。
W291,36-40,support,n./v.,支持；支援,financial support helps opportunity。,,,,support in context：在語境中使用 support；learn support：學習 支持；支援,exam passage：考卷文章；context：語境；review：複習,,,This exam uses a support in context.：這份考卷在語境中使用 support。
W292,36-40,tertiary,adj.,第三級的；高等教育的,tertiary education 指大學等高等教育。,,,,tertiary in context：在語境中使用 tertiary；learn tertiary：學習 第三級的；高等教育的,exam passage：考卷文章；context：語境；review：複習,,,This exam uses a tertiary in context.：這份考卷在語境中使用 tertiary。
W293,36-40,undergraduate,n.,大學生；大學部學生,student loans allow undergraduates to pay fees。,,,,undergraduate in context：在語境中使用 undergraduate；learn undergraduate：學習 大學生；大學部學生,exam passage：考卷文章；context：語境；review：複習,,,This exam uses an undergraduate in context.：這份考卷在語境中使用 undergraduate。
W294,36-40,tuition fee,n.,學費,undergraduates pay tuition fees。,,,,tuition fee in context：在語境中使用 tuition fee；learn tuition fee：學習 學費,exam passage：考卷文章；context：語境；review：複習,,,This exam uses a tuition fee in context.：這份考卷在語境中使用 tuition fee。
W295,36-40,living expense,n.,生活費,students pay living expenses while studying。,,,,living expense in context：在語境中使用 living expense；learn living expense：學習 生活費,exam passage：考卷文章；context：語境；review：複習,,,This exam uses a living expense in context.：這份考卷在語境中使用 living expense。
W296,41-45,ancient,adj.,古代的,reading compares ancient Rome and Greece。,,,,ancient in context：在語境中使用 ancient；learn ancient：學習 古代的,exam passage：考卷文章；context：語境；review：複習,,,This exam uses an ancient in context.：這份考卷在語境中使用 ancient。
W297,41-45,civilization,n.,文明,Roman and Greek civilizations are compared。,,,,civilization in context：在語境中使用 civilization；learn civilization：學習 文明,exam passage：考卷文章；context：語境；review：複習,,,This exam uses a civilization in context.：這份考卷在語境中使用 civilization。
W298,41-45,regularity,n.,規律性；整齊,Roman wall held by regularity of design。,,,,regularity in context：在語境中使用 regularity；learn regularity：學習 規律性；整齊,exam passage：考卷文章；context：語境；review：複習,,,This exam uses a regularity in context.：這份考卷在語境中使用 regularity。
W299,41-45,design,n./v.,設計,regularity of the design。,,,,design in context：在語境中使用 design；learn design：學習 設計,exam passage：考卷文章；context：語境；review：複習,,,This exam uses a design in context.：這份考卷在語境中使用 design。
W300,41-45,cement,n.,水泥；黏合物,Roman cement held stones together。,,,,cement in context：在語境中使用 cement；learn cement：學習 水泥；黏合物,exam passage：考卷文章；context：語境；review：複習,,,This exam uses a cement in context.：這份考卷在語境中使用 cement。
W301,41-45,bond,v./n.,連結；黏合,parts of the Roman realm were bonded。,,,,bond in context：在語境中使用 bond；learn bond：學習 連結；黏合,exam passage：考卷文章；context：語境；review：複習,,,This exam uses a bond in context.：這份考卷在語境中使用 bond。
W302,41-45,massive,adj.,巨大的；大量的,massive entity 指龐大實體。,,,,massive in context：在語境中使用 massive；learn massive：學習 巨大的；大量的,exam passage：考卷文章；context：語境；review：複習,,,This exam uses a massive in context.：這份考卷在語境中使用 massive。
W303,41-45,entity,n.,實體；存在物,monolithic entity。,,,,entity in context：在語境中使用 entity；learn entity：學習 實體；存在物,exam passage：考卷文章；context：語境；review：複習,,,This exam uses an entity in context.：這份考卷在語境中使用 entity。
W304,41-45,physical,adj.,實體的；身體的,physical bonds included roads and garrisons。,,,,physical in context：在語境中使用 physical；learn physical：學習 實體的；身體的,exam passage：考卷文章；context：語境；review：複習,,,This exam uses a physical in context.：這份考卷在語境中使用 physical。
W305,41-45,organizational,adj.,組織上的,organizational bonds were based on law。,,,,organizational in context：在語境中使用 organizational；learn organizational：學習 組織上的,exam passage：考卷文章；context：語境；review：複習,,,This exam uses an organizational in context.：這份考卷在語境中使用 organizational。
W306,41-45,psychological,adj.,心理的,psychological controls were based on fear。,,,,psychological in context：在語境中使用 psychological；learn psychological：學習 心理的,exam passage：考卷文章；context：語境；review：複習,,,This exam uses a psychological in context.：這份考卷在語境中使用 psychological。
W307,41-45,control,n./v.,控制,Rome used physical and psychological controls。,,,,control in context：在語境中使用 control；learn control：學習 控制,exam passage：考卷文章；context：語境；review：複習,,,This exam uses a control in context.：這份考卷在語境中使用 control。
W308,41-45,province,n.,省；行省,garrisons stationed in every province。,,,,province in context：在語境中使用 province；learn province：學習 省；行省,exam passage：考卷文章；context：語境；review：複習,,,This exam uses a province in context.：這份考卷在語境中使用 province。
W309,41-45,link,v./n.,連結,roads linked provinces with Rome。,,,,link in context：在語境中使用 link；learn link：學習 連結,exam passage：考卷文章；context：語境；review：複習,,,This exam uses a link in context.：這份考卷在語境中使用 link。
W310,41-45,principle,n.,原則,common principles of law and administration。,,,,principle in context：在語境中使用 principle；learn principle：學習 原則,exam passage：考卷文章；context：語境；review：複習,,,This exam uses a principle in context.：這份考卷在語境中使用 principle。
W311,41-45,administration,n.,行政；管理,Roman administration enforced standards。,,,,administration in context：在語境中使用 administration；learn administration：學習 行政；管理,exam passage：考卷文章；context：語境；review：複習,,,This exam uses an administration in context.：這份考卷在語境中使用 administration。
W312,41-45,universal,adj.,普遍的；全體的,universal army of officials。,,,,universal in context：在語境中使用 universal；learn universal：學習 普遍的；全體的,exam passage：考卷文章；context：語境；review：複習,,,This exam uses an universal in context.：這份考卷在語境中使用 universal。
W313,41-45,official,n./adj.,官員；官方的,officials enforced common standards。,,,,official in context：在語境中使用 official；learn official：學習 官員；官方的,exam passage：考卷文章；context：語境；review：複習,,,This exam uses an official in context.：這份考卷在語境中使用 official。
W314,41-45,enforce,v.,執行；強制實施,officials enforced standards of conduct。,,,,enforce in context：在語境中使用 enforce；learn enforce：學習 執行；強制實施,exam passage：考卷文章；context：語境；review：複習,,,This exam uses an enforce in context.：這份考卷在語境中使用 enforce。
W315,41-45,conduct,n./v.,行為；執行,standards of conduct。,,,,conduct in context：在語境中使用 conduct；learn conduct：學習 行為；執行,exam passage：考卷文章；context：語境；review：複習,,,This exam uses a conduct in context.：這份考卷在語境中使用 conduct。
W316,41-45,punishment,n.,懲罰,psychological controls built on fear and punishment。,,,,punishment in context：在語境中使用 punishment；learn punishment：學習 懲罰,exam passage：考卷文章；context：語境；review：複習,,,This exam uses a punishment in context.：這份考卷在語境中使用 punishment。
W317,41-45,absolute,adj.,絕對的,absolute certainty。,,,,absolute in context：在語境中使用 absolute；learn absolute：學習 絕對的,exam passage：考卷文章；context：語境；review：複習,,,This exam uses an absolute in context.：這份考卷在語境中使用 absolute。
W318,41-45,certainty,n.,確定性；確信,certainty that threats would be destroyed。,,,,certainty in context：在語境中使用 certainty；learn certainty：學習 確定性；確信,exam passage：考卷文章；context：語境；review：複習,,,This exam uses a certainty in context.：這份考卷在語境中使用 certainty。
W319,41-45,utterly,adv.,完全地；徹底地,utterly destroyed。,,,,utterly in context：在語境中使用 utterly；learn utterly：學習 完全地；徹底地,exam passage：考卷文章；context：語境；review：複習,,,This exam uses an utterly in context.：這份考卷在語境中使用 utterly。
W320,41-45,destroy,v.,摧毀,threats to Rome would be destroyed。,,,,destroy in context：在語境中使用 destroy；learn destroy：學習 摧毀,exam passage：考卷文章；context：語境；review：複習,,,This exam uses a destroy in context.：這份考卷在語境中使用 destroy。
W321,41-45,unity,n.,統一；團結,Roman obsession with unity。,,,,unity in context：在語境中使用 unity；learn unity：學習 統一；團結,exam passage：考卷文章；context：語境；review：複習,,,This exam uses an unity in context.：這份考卷在語境中使用 unity。
W322,41-45,cohesion,n.,凝聚；結合,unity and cohesion。,,,,cohesion in context：在語境中使用 cohesion；learn cohesion：學習 凝聚；結合,exam passage：考卷文章；context：語境；review：複習,,,This exam uses a cohesion in context.：這份考卷在語境中使用 cohesion。
W323,41-45,development,n.,發展,pattern of Rome's early development。,,,,development in context：在語境中使用 development；learn development：學習 發展,exam passage：考卷文章；context：語境；review：複習,,,This exam uses a development in context.：這份考卷在語境中使用 development。
W324,41-45,scatter,v.,分散；散布,Greece grew from scattered cities。,,,,scatter in context：在語境中使用 scatter；learn scatter：學習 分散；散布,exam passage：考卷文章；context：語境；review：複習,,,This exam uses a scatter in context.：這份考卷在語境中使用 scatter。
W325,41-45,expand,v.,擴張；擴大,Greek world expanded along sea lanes。,,,,expand in context：在語境中使用 expand；learn expand：學習 擴張；擴大,exam passage：考卷文章；context：語境；review：複習,,,This exam uses an expand in context.：這份考卷在語境中使用 expand。
W326,41-45,assemble,v.,組成；集合,Roman world was assembled by conquest。,,,,assemble in context：在語境中使用 assemble；learn assemble：學習 組成；集合,exam passage：考卷文章；context：語境；review：複習,,,This exam uses an assemble in context.：這份考卷在語境中使用 assemble。
W327,41-45,contrast,n./v.,對比,contrast between Rome and Greece。,,,,contrast in context：在語境中使用 contrast；learn contrast：學習 對比,exam passage：考卷文章；context：語境；review：複習,,,This exam uses a contrast in context.：這份考卷在語境中使用 contrast。
W328,41-45,undeniable,adj.,不可否認的,essential difference is undeniable。,,,,undeniable in context：在語境中使用 undeniable；learn undeniable：學習 不可否認的,exam passage：考卷文章；context：語境；review：複習,,,This exam uses an undeniable in context.：這份考卷在語境中使用 undeniable。
W329,41-45,sailor,n.,水手；航海者,The Greek was a sailor at heart。,,,,sailor in context：在語境中使用 sailor；learn sailor：學習 水手；航海者,exam passage：考卷文章；context：語境；review：複習,,,This exam uses a sailor in context.：這份考卷在語境中使用 sailor。
W330,41-45,landsman,n.,陸地人；不熟水性者,The Roman was a landsman。,,,,landsman in context：在語境中使用 landsman；learn landsman：學習 陸地人；不熟水性者,exam passage：考卷文章；context：語境；review：複習,,,This exam uses a landsman in context.：這份考卷在語境中使用 landsman。
W331,41-45,phenomenon,n.,現象,Roman phenomenon。,,,,phenomenon in context：在語境中使用 phenomenon；learn phenomenon：學習 現象,exam passage：考卷文章；context：語境；review：複習,,,This exam uses a phenomenon in context.：這份考卷在語境中使用 phenomenon。
W332,41-45,emphasis,n.,強調；重點,place great emphasis on territorial instinct。,,,,emphasis in context：在語境中使用 emphasis；learn emphasis：學習 強調；重點,exam passage：考卷文章；context：語境；review：複習,,,This exam uses an emphasis in context.：這份考卷在語境中使用 emphasis。
W333,41-45,instinct,n.,本能,animal instinct for territory。,,,,instinct in context：在語境中使用 instinct；learn instinct：學習 本能,exam passage：考卷文章；context：語境；review：複習,,,This exam uses an instinct in context.：這份考卷在語境中使用 instinct。
W334,41-45,priority,n.,優先事項,Roman priorities lay in organization。,,,,priority in context：在語境中使用 priority；learn priority：學習 優先事項,exam passage：考卷文章；context：語境；review：複習,,,This exam uses a priority in context.：這份考卷在語境中使用 priority。
W335,41-45,fertile,adj.,肥沃的；多產的,fertile plain of Latium。,,,,fertile in context：在語境中使用 fertile；learn fertile：學習 肥沃的；多產的,exam passage：考卷文章；context：語境；review：複習,,,This exam uses a fertile in context.：這份考卷在語境中使用 fertile。
W336,41-45,plain,n./adj.,平原；清楚的,fertile plain of Latium。,,,,plain in context：在語境中使用 plain；learn plain：學習 平原；清楚的,exam passage：考卷文章；context：語境；review：複習,,,This exam uses a plain in context.：這份考卷在語境中使用 plain。
W337,41-45,originate,v.,起源於,Latins who founded Rome originated there。,,,,originate in context：在語境中使用 originate；learn originate：學習 起源於,exam passage：考卷文章；context：語境；review：複習,,,This exam uses an originate in context.：這份考卷在語境中使用 originate。
W338,41-45,habit,n.,習慣,created habits and skills of settlement。,,,,habit in context：在語境中使用 habit；learn habit：學習 習慣,exam passage：考卷文章；context：語境；review：複習,,,This exam uses a habit in context.：這份考卷在語境中使用 habit。
W339,41-45,skill,n.,技能,habits and skills of landed settlement。,,,,skill in context：在語境中使用 skill；learn skill：學習 技能,exam passage：考卷文章；context：語境；review：複習,,,This exam uses a skill in context.：這份考卷在語境中使用 skill。
W340,41-45,property,n.,財產；土地,landed property。,,,,property in context：在語境中使用 property；learn property：學習 財產；土地,exam passage：考卷文章；context：語境；review：複習,,,This exam uses a property in context.：這份考卷在語境中使用 property。
W341,41-45,economy,n.,經濟,landed economy。,,,,economy in context：在語境中使用 economy；learn economy：學習 經濟,exam passage：考卷文章；context：語境；review：複習,,,This exam uses an economy in context.：這份考卷在語境中使用 economy。
W342,41-45,genius,n.,天才；特長,Roman genius for organization。,,,,genius in context：在語境中使用 genius；learn genius：學習 天才；特長,exam passage：考卷文章；context：語境；review：複習,,,This exam uses a genius in context.：這份考卷在語境中使用 genius。
W343,41-45,attachment,n.,依附；情感連結,deep attachment to the land。,,,,attachment in context：在語境中使用 attachment；learn attachment：學習 依附；情感連結,exam passage：考卷文章；context：語境；review：複習,,,This exam uses an attachment in context.：這份考卷在語境中使用 attachment。
W344,41-45,stability,n.,穩定,stability of rural life。,,,,stability in context：在語境中使用 stability；learn stability：學習 穩定,exam passage：考卷文章；context：語境；review：複習,,,This exam uses a stability in context.：這份考卷在語境中使用 stability。
W345,41-45,rural,adj.,鄉村的,rural life。,,,,rural in context：在語境中使用 rural；learn rural：學習 鄉村的,exam passage：考卷文章；context：語境；review：複習,,,This exam uses a rural in context.：這份考卷在語境中使用 rural。
W346,41-45,virtue,n.,美德；優點,Roman virtues。,,,,virtue in context：在語境中使用 virtue；learn virtue：學習 美德；優點,exam passage：考卷文章；context：語境；review：複習,,,This exam uses a virtue in context.：這份考卷在語境中使用 virtue。
W347,41-45,responsibility,n.,責任,gravitas is a sense of responsibility。,,,,responsibility in context：在語境中使用 responsibility；learn responsibility：學習 責任,exam passage：考卷文章；context：語境；review：複習,,,This exam uses a responsibility in context.：這份考卷在語境中使用 responsibility。
W348,41-45,devotion,n.,奉獻；忠誠,pietas is devotion to family and country。,,,,devotion in context：在語境中使用 devotion；learn devotion：學習 奉獻；忠誠,exam passage：考卷文章；context：語境；review：複習,,,This exam uses a devotion in context.：這份考卷在語境中使用 devotion。
W349,41-45,attitude,n.,態度,modern attitudes to Roman civilization。,,,,attitude in context：在語境中使用 attitude；learn attitude：學習 態度,exam passage：考卷文章；context：語境；review：複習,,,This exam uses an attitude in context.：這份考卷在語境中使用 attitude。
W350,41-45,impressed,adj.,印象深刻的,attitudes range from impressed to disgusted。,,,,impressed in context：在語境中使用 impressed；learn impressed：學習 印象深刻的,exam passage：考卷文章；context：語境；review：複習,,,This exam uses an impressed in context.：這份考卷在語境中使用 impressed。
W351,41-45,disgusted,adj.,厭惡的,some are thoroughly disgusted by Rome。,,,,disgusted in context：在語境中使用 disgusted；learn disgusted：學習 厭惡的,exam passage：考卷文章；context：語境；review：複習,,,This exam uses a disgusted in context.：這份考卷在語境中使用 disgusted。
W352,41-45,worshipper,n.,崇拜者,power worshippers admire what is strong。,,,,worshipper in context：在語境中使用 worshipper；learn worshipper：學習 崇拜者,exam passage：考卷文章；context：語境；review：複習,,,This exam uses a worshipper in context.：這份考卷在語境中使用 worshipper。
W353,41-45,subtlety,n.,微妙；精細,subtlety of Greece。,,,,subtlety in context：在語境中使用 subtlety；learn subtlety：學習 微妙；精細,exam passage：考卷文章；context：語境；review：複習,,,This exam uses a subtlety in context.：這份考卷在語境中使用 subtlety。
W354,41-45,imitator,n.,模仿者,Rome was seen as imitator of Greece。,,,,imitator in context：在語境中使用 imitator；learn imitator：學習 模仿者,exam passage：考卷文章；context：語境；review：複習,,,This exam uses an imitator in context.：這份考卷在語境中使用 imitator。
W355,41-45,continuator,n.,延續者,Rome as continuator of Greece。,,,,continuator in context：在語境中使用 continuator；learn continuator：學習 延續者,exam passage：考卷文章；context：語境；review：複習,,,This exam uses a continuator in context.：這份考卷在語境中使用 continuator。
W356,41-45,quantity,n.,數量,Rome had quantity in critic's view。,,,,quantity in context：在語境中使用 quantity；learn quantity：學習 數量,exam passage：考卷文章；context：語境；review：複習,,,This exam uses a quantity in context.：這份考卷在語境中使用 quantity。
W357,41-45,novelty,n.,新穎；新奇事物,Horace discussed novelty。,,,,novelty in context：在語境中使用 novelty；learn novelty：學習 新穎；新奇事物,exam passage：考卷文章；context：語境；review：複習,,,This exam uses a novelty in context.：這份考卷在語境中使用 novelty。
W358,41-45,debt,n.,債；恩惠；受惠,Rome's debt to Greece was enormous。,,,,debt in context：在語境中使用 debt；learn debt：學習 債；恩惠；受惠,exam passage：考卷文章；context：語境；review：複習,,,This exam uses a debt in context.：這份考卷在語境中使用 debt。
W359,41-45,enormous,adj.,巨大的,Rome's debt was enormous。,,,,enormous in context：在語境中使用 enormous；learn enormous：學習 巨大的,exam passage：考卷文章；context：語境；review：複習,,,This exam uses an enormous in context.：這份考卷在語境中使用 enormous。
W360,41-45,adopt,v.,採用；收養,Romans adopted Greek religion。,,,,adopt in context：在語境中使用 adopt；learn adopt：學習 採用；收養,exam passage：考卷文章；context：語境；review：複習,,,This exam uses an adopt in context.：這份考卷在語境中使用 adopt。
W361,41-45,moral,adj.,道德的,Greek moral philosophy。,,,,moral in context：在語境中使用 moral；learn moral：學習 道德的,exam passage：考卷文章；context：語境；review：複習,,,This exam uses a moral in context.：這份考卷在語境中使用 moral。
W362,41-45,consciously,adv.,有意識地；刻意地,Greek writers were consciously used as models。,,,,consciously in context：在語境中使用 consciously；learn consciously：學習 有意識地；刻意地,exam passage：考卷文章；context：語境；review：複習,,,This exam uses a consciously in context.：這份考卷在語境中使用 consciously。
W363,41-45,successor,n.,繼承者；後繼者,Latin successors used Greek models。,,,,successor in context：在語境中使用 successor；learn successor：學習 繼承者；後繼者,exam passage：考卷文章；context：語境；review：複習,,,This exam uses a successor in context.：這份考卷在語境中使用 successor。
W364,41-45,fluent,adj.,流利的,educated Romans should be fluent in Greek。,,,,fluent in context：在語境中使用 fluent；learn fluent：學習 流利的,exam passage：考卷文章；context：語境；review：複習,,,This exam uses a fluent in context.：這份考卷在語境中使用 fluent。
W365,41-45,virtually,adv.,幾乎；實際上,Romans made virtually no advance。,,,,virtually in context：在語境中使用 virtually；learn virtually：學習 幾乎；實際上,exam passage：考卷文章；context：語境；review：複習,,,This exam uses a virtually in context.：這份考卷在語境中使用 virtually。
W366,41-45,sphere,n.,領域；球體,Roman genius projected into new spheres。,,,,sphere in context：在語境中使用 sphere；learn sphere：學習 領域；球體,exam passage：考卷文章；context：語境；review：複習,,,This exam uses a sphere in context.：這份考卷在語境中使用 sphere。
W367,41-45,engineering,n.,工程；工程學,Roman genius in engineering。,,,,engineering in context：在語境中使用 engineering；learn engineering：學習 工程；工程學,exam passage：考卷文章；context：語境；review：複習,,,This exam uses an engineering in context.：這份考卷在語境中使用 engineering。
W368,41-45,tension,n.,張力；緊張,tensions within the Roman state。,,,,tension in context：在語境中使用 tension；learn tension：學習 張力；緊張,exam passage：考卷文章；context：語境；review：複習,,,This exam uses a tension in context.：這份考卷在語境中使用 tension。
W369,41-45,literary,adj.,文學的,literary sensibilities。,,,,literary in context：在語境中使用 literary；learn literary：學習 文學的,exam passage：考卷文章；context：語境；review：複習,,,This exam uses a literary in context.：這份考卷在語境中使用 literary。
W370,41-45,artistic,adj.,藝術的,artistic sensibilities。,,,,artistic in context：在語境中使用 artistic；learn artistic：學習 藝術的,exam passage：考卷文章；context：語境；review：複習,,,This exam uses an artistic in context.：這份考卷在語境中使用 artistic。
W371,41-45,caliber,n.,水準；能力,writers of high caliber。,,,,caliber in context：在語境中使用 caliber；learn caliber：學習 水準；能力,exam passage：考卷文章；context：語境；review：複習,,,This exam uses a caliber in context.：這份考卷在語境中使用 caliber。
W372,46-50,artificial intelligence,n.,人工智慧,閱讀第二篇主題是 AI 與病人安全。,,,,artificial intelligence in context：在語境中使用 artificial intelligence；learn artificial intelligence：學習 人工智慧,exam passage：考卷文章；context：語境；review：複習,,,This exam uses an artificial intelligence in context.：這份考卷在語境中使用 artificial intelligence。
W373,46-50,potential,n./adj.,潛力；潛在的,AI has potential to transform healthcare。,,,,potential in context：在語境中使用 potential；learn potential：學習 潛力；潛在的,exam passage：考卷文章；context：語境；review：複習,,,This exam uses a potential in context.：這份考卷在語境中使用 potential。
W374,46-50,transform,v.,轉變；改造,AI can transform healthcare decision-making。,,,,transform in context：在語境中使用 transform；learn transform：學習 轉變；改造,exam passage：考卷文章；context：語境；review：複習,,,This exam uses a transform in context.：這份考卷在語境中使用 transform。
W375,46-50,healthcare,n.,醫療照護,AI in healthcare decision-making。,,,,healthcare in context：在語境中使用 healthcare；learn healthcare：學習 醫療照護,exam passage：考卷文章；context：語境；review：複習,,,This exam uses a healthcare in context.：這份考卷在語境中使用 healthcare。
W376,46-50,decision-making,n.,決策,healthcare decision-making。,,,,decision-making in context：在語境中使用 decision-making；learn decision-making：學習 決策,exam passage：考卷文章；context：語境；review：複習,,,This exam uses a decision-making in context.：這份考卷在語境中使用 decision-making。
W377,46-50,novel,adj.,新的；新穎的,AI introduces novel challenges。,,,,novel in context：在語境中使用 novel；learn novel：學習 新的；新穎的,exam passage：考卷文章；context：語境；review：複習,,,This exam uses a novel in context.：這份考卷在語境中使用 novel。
W378,46-50,patient safety,n.,病人安全,文章主題是 patient safety。,,,,patient safety in context：在語境中使用 patient safety；learn patient safety：學習 病人安全,exam passage：考卷文章；context：語境；review：複習,,,This exam uses a patient safety in context.：這份考卷在語境中使用 patient safety。
W379,46-50,clinical,adj.,臨床的,clinical decision support。,,,,clinical in context：在語境中使用 clinical；learn clinical：學習 臨床的,exam passage：考卷文章；context：語境；review：複習,,,This exam uses a clinical in context.：這份考卷在語境中使用 clinical。
W380,46-50,decision support,n.,決策支援,clinical decision support can improve diagnosis。,,,,decision support in context：在語境中使用 decision support；learn decision support：學習 決策支援,exam passage：考卷文章；context：語境；review：複習,,,This exam uses a decision support in context.：這份考卷在語境中使用 decision support。
W381,46-50,diagnosis,n.,診斷,AI may improve diagnosis。,,,,diagnosis in context：在語境中使用 diagnosis；learn diagnosis：學習 診斷,exam passage：考卷文章；context：語境；review：複習,,,This exam uses a diagnosis in context.：這份考卷在語境中使用 diagnosis。
W382,46-50,identification,n.,辨識；識別,identification of rare diseases。,,,,identification in context：在語境中使用 identification；learn identification：學習 辨識；識別,exam passage：考卷文章；context：語境；review：複習,,,This exam uses an identification in context.：這份考卷在語境中使用 identification。
W383,46-50,rare disease,n.,罕見疾病,AI may identify rare diseases。,,,,rare disease in context：在語境中使用 rare disease；learn rare disease：學習 罕見疾病,exam passage：考卷文章；context：語境；review：複習,,,This exam uses a rare disease in context.：這份考卷在語境中使用 rare disease。
W384,46-50,treatment,n.,治療,AI may offer treatment options。,,,,treatment in context：在語境中使用 treatment；learn treatment：學習 治療,exam passage：考卷文章；context：語境；review：複習,,,This exam uses a treatment in context.：這份考卷在語境中使用 treatment。
W385,46-50,option,n.,選項；選擇,higher-value treatment options。,,,,option in context：在語境中使用 option；learn option：學習 選項；選擇,exam passage：考卷文章；context：語境；review：複習,,,This exam uses an option in context.：這份考卷在語境中使用 option。
W386,46-50,harm,n./v.,傷害,AI can create harm。,,,,harm in context：在語境中使用 harm；learn harm：學習 傷害,exam passage：考卷文章；context：語境；review：複習,,,This exam uses a harm in context.：這份考卷在語境中使用 harm。
W387,46-50,performance,n.,表現；性能,AI performance may change across populations。,,,,performance in context：在語境中使用 performance；learn performance：學習 表現；性能,exam passage：考卷文章；context：語境；review：複習,,,This exam uses a performance in context.：這份考卷在語境中使用 performance。
W388,46-50,population,n.,人口；族群,different populations may affect AI performance。,,,,population in context：在語境中使用 population；learn population：學習 人口；族群,exam passage：考卷文章；context：語境；review：複習,,,This exam uses a population in context.：這份考卷在語境中使用 population。
W389,46-50,originally,adv.,原本；最初,populations originally tested。,,,,originally in context：在語境中使用 originally；learn originally：學習 原本；最初,exam passage：考卷文章；context：語境；review：複習,,,This exam uses an originally in context.：這份考卷在語境中使用 originally。
W390,46-50,potentially,adv.,可能地；潛在地,potentially leading to incorrect diagnoses。,,,,potentially in context：在語境中使用 potentially；learn potentially：學習 可能地；潛在地,exam passage：考卷文章；context：語境；review：複習,,,This exam uses a potentially in context.：這份考卷在語境中使用 potentially。
W391,46-50,incorrect,adj.,不正確的,incorrect diagnoses or treatments。,,,,incorrect in context：在語境中使用 incorrect；learn incorrect：學習 不正確的,exam passage：考卷文章；context：語境；review：複習,,,This exam uses an incorrect in context.：這份考卷在語境中使用 incorrect。
W392,46-50,additionally,adv.,此外,Additionally introduces another point。,,,,additionally in context：在語境中使用 additionally；learn additionally：學習 此外,exam passage：考卷文章；context：語境；review：複習,,,This exam uses an additionally in context.：這份考卷在語境中使用 additionally。
W393,46-50,misuse,v./n.,誤用；濫用,clinicians may misuse AI。,,,,misuse in context：在語境中使用 misuse；learn misuse：學習 誤用；濫用,exam passage：考卷文章；context：語境；review：複習,,,This exam uses a misuse in context.：這份考卷在語境中使用 misuse。
W394,46-50,endanger,v.,危及,misusing AI endangers patient safety。,,,,endanger in context：在語境中使用 endanger；learn endanger：學習 危及,exam passage：考卷文章；context：語境；review：複習,,,This exam uses an endanger in context.：這份考卷在語境中使用 endanger。
W395,46-50,implementation,n.,實施；導入,implementation of technology can affect safety。,,,,implementation in context：在語境中使用 implementation；learn implementation：學習 實施；導入,exam passage：考卷文章；context：語境；review：複習,,,This exam uses an implementation in context.：這份考卷在語境中使用 implementation。
W396,46-50,technology,n.,科技；技術,new healthcare technology。,,,,technology in context：在語境中使用 technology；learn technology：學習 科技；技術,exam passage：考卷文章；context：語境；review：複習,,,This exam uses a technology in context.：這份考卷在語境中使用 technology。
W397,46-50,medical error,n.,醫療錯誤,technology may increase medical errors。,,,,medical error in context：在語境中使用 medical error；learn medical error：學習 醫療錯誤,exam passage：考卷文章；context：語境；review：複習,,,This exam uses a medical error in context.：這份考卷在語境中使用 medical error。
W398,46-50,traditional,adj.,傳統的,traditional decision support systems。,,,,traditional in context：在語境中使用 traditional；learn traditional：學習 傳統的,exam passage：考卷文章；context：語境；review：複習,,,This exam uses a traditional in context.：這份考卷在語境中使用 traditional。
W399,46-50,alert fatigue,n.,警示疲勞,decision support systems caused alert fatigue。,,,,alert fatigue in context：在語境中使用 alert fatigue；learn alert fatigue：學習 警示疲勞,exam passage：考卷文章；context：語境；review：複習,,,This exam uses an alert fatigue in context.：這份考卷在語境中使用 alert fatigue。
W400,46-50,medical education,n.,醫學教育,medical education lacks AI training。,,,,medical education in context：在語境中使用 medical education；learn medical education：學習 醫學教育,exam passage：考卷文章；context：語境；review：複習,,,This exam uses a medical education in context.：這份考卷在語境中使用 medical education。
W401,46-50,integrate,v.,整合,integrating AI algorithms into decisions。,,,,integrate in context：在語境中使用 integrate；learn integrate：學習 整合,exam passage：考卷文章；context：語境；review：複習,,,This exam uses an integrate in context.：這份考卷在語境中使用 integrate。
W402,46-50,algorithm,n.,演算法,AI algorithms in medical decisions。,,,,algorithm in context：在語境中使用 algorithm；learn algorithm：學習 演算法,exam passage：考卷文章；context：語境；review：複習,,,This exam uses an algorithm in context.：這份考卷在語境中使用 algorithm。
W403,46-50,simulation,n.,模擬,using simulation to mitigate harms。,,,,simulation in context：在語境中使用 simulation；learn simulation：學習 模擬,exam passage：考卷文章；context：語境；review：複習,,,This exam uses a simulation in context.：這份考卷在語境中使用 simulation。
W404,46-50,prevention,n.,預防,patient safety is prevention of harm。,,,,prevention in context：在語境中使用 prevention；learn prevention：學習 預防,exam passage：考卷文章；context：語境；review：複習,,,This exam uses a prevention in context.：這份考卷在語境中使用 prevention。
W405,46-50,effectiveness,n.,有效性,effectiveness of patient safety efforts。,,,,effectiveness in context：在語境中使用 effectiveness；learn effectiveness：學習 有效性,exam passage：考卷文章；context：語境；review：複習,,,This exam uses an effectiveness in context.：這份考卷在語境中使用 effectiveness。
W406,46-50,debated,adj.,有爭議的；被討論的,effectiveness remains debated。,,,,debated in context：在語境中使用 debated；learn debated：學習 有爭議的；被討論的,exam passage：考卷文章；context：語境；review：複習,,,This exam uses a debated in context.：這份考卷在語境中使用 debated。
W407,46-50,mandating,v.,命令；要求,executive order mandating federal agencies。,,,,mandating in context：在語境中使用 mandating；learn mandating：學習 命令；要求,exam passage：考卷文章；context：語境；review：複習,,,This exam uses a mandating in context.：這份考卷在語境中使用 mandating。
W408,46-50,federal,adj.,聯邦的,federal agencies。,,,,federal in context：在語境中使用 federal；learn federal：學習 聯邦的,exam passage：考卷文章；context：語境；review：複習,,,This exam uses a federal in context.：這份考卷在語境中使用 federal。
W409,46-50,agency,n.,機關；代理商,federal agencies develop standards。,,,,agency in context：在語境中使用 agency；learn agency：學習 機關；代理商,exam passage：考卷文章；context：語境；review：複習,,,This exam uses an agency in context.：這份考卷在語境中使用 agency。
W410,46-50,application,n.,應用；申請,AI applications in healthcare。,,,,application in context：在語境中使用 application；learn application：學習 應用；申請,exam passage：考卷文章；context：語境；review：複習,,,This exam uses an application in context.：這份考卷在語境中使用 application。
W411,46-50,task force,n.,專案小組,HHS created a task force。,,,,task force in context：在語境中使用 task force；learn task force：學習 專案小組,exam passage：考卷文章；context：語境；review：複習,,,This exam uses a task force in context.：這份考卷在語境中使用 task force。
W412,46-50,ensure,v.,確保,task force ensures safe deployment。,,,,ensure in context：在語境中使用 ensure；learn ensure：學習 確保,exam passage：考卷文章；context：語境；review：複習,,,This exam uses an ensure in context.：這份考卷在語境中使用 ensure。
W413,46-50,continuous,adj.,持續的,encourages continuous learning。,,,,continuous in context：在語境中使用 continuous；learn continuous：學習 持續的,exam passage：考卷文章；context：語境；review：複習,,,This exam uses a continuous in context.：這份考卷在語境中使用 continuous。
W414,46-50,approval,n.,核准；批准,FDA role in software approval。,,,,approval in context：在語境中使用 approval；learn approval：學習 核准；批准,exam passage：考卷文章；context：語境；review：複習,,,This exam uses an approval in context.：這份考卷在語境中使用 approval。
W415,46-50,electronic health record,n.,電子病歷,AI inclusion in electronic health records。,,,,electronic health record in context：在語境中使用 electronic health record；learn electronic health record：學習 電子病歷,exam passage：考卷文章；context：語境；review：複習,,,This exam uses an electronic health record in context.：這份考卷在語境中使用 electronic health record。
W416,46-50,civil rights,n.,公民權,OCR ensures AI not violating civil rights。,,,,civil rights in context：在語境中使用 civil rights；learn civil rights：學習 公民權,exam passage：考卷文章；context：語境；review：複習,,,This exam uses a civil rights in context.：這份考卷在語境中使用 civil rights。
W417,46-50,condition,n.,條件；狀況,condition of participation。,,,,condition in context：在語境中使用 condition；learn condition：學習 條件；狀況,exam passage：考卷文章；context：語境；review：複習,,,This exam uses a condition in context.：這份考卷在語境中使用 condition。
W418,46-50,participation,n.,參與,condition of participation in Medicare。,,,,participation in context：在語境中使用 participation；learn participation：學習 參與,exam passage：考卷文章；context：語境；review：複習,,,This exam uses a participation in context.：這份考卷在語境中使用 participation。
W419,46-50,authorize,v.,授權,Social Security Act authorizes the Secretary。,,,,authorize in context：在語境中使用 authorize；learn authorize：學習 授權,exam passage：考卷文章；context：語境；review：複習,,,This exam uses an authorize in context.：這份考卷在語境中使用 authorize。
W420,46-50,impose,v.,施加；強制實施,impose additional requirements。,,,,impose in context：在語境中使用 impose；learn impose：學習 施加；強制實施,exam passage：考卷文章；context：語境；review：複習,,,This exam uses an impose in context.：這份考卷在語境中使用 impose。
W421,46-50,requirement,n.,要求；規定,additional requirements for health and safety。,,,,requirement in context：在語境中使用 requirement；learn requirement：學習 要求；規定,exam passage：考卷文章；context：語境；review：複習,,,This exam uses a requirement in context.：這份考卷在語境中使用 requirement。
W422,46-50,investigate,v.,調查,agencies investigate harms。,,,,investigate in context：在語境中使用 investigate；learn investigate：學習 調查,exam passage：考卷文章；context：語境；review：複習,,,This exam uses an investigate in context.：這份考卷在語境中使用 investigate。
W423,46-50,policy,n.,政策,policies and procedures protect patients。,,,,policy in context：在語境中使用 policy；learn policy：學習 政策,exam passage：考卷文章；context：語境；review：複習,,,This exam uses a policy in context.：這份考卷在語境中使用 policy。
W424,46-50,effectively,adv.,有效地,procedures effectively protect patients。,,,,effectively in context：在語境中使用 effectively；learn effectively：學習 有效地,exam passage：考卷文章；context：語境；review：複習,,,This exam uses an effectively in context.：這份考卷在語境中使用 effectively。
W425,46-50,minimize,v.,使最小化；降低,minimize harm while maximizing safety。,,,,minimize in context：在語境中使用 minimize；learn minimize：學習 使最小化；降低,exam passage：考卷文章；context：語境；review：複習,,,This exam uses a minimize in context.：這份考卷在語境中使用 minimize。
W426,46-50,maximize,v.,使最大化,maximize safety。,,,,maximize in context：在語境中使用 maximize；learn maximize：學習 使最大化,exam passage：考卷文章；context：語境；review：複習,,,This exam uses a maximize in context.：這份考卷在語境中使用 maximize。
W427,46-50,neglect,n./v.,疏忽；忽視,"reports of abuse, neglect, or noncompliance。",,,,neglect in context：在語境中使用 neglect；learn neglect：學習 疏忽；忽視,exam passage：考卷文章；context：語境；review：複習,,,This exam uses a neglect in context.：這份考卷在語境中使用 neglect。
W428,46-50,critical,adj.,關鍵的；嚴重的,critical events such as deaths。,,,,critical in context：在語境中使用 critical；learn critical：學習 關鍵的；嚴重的,exam passage：考卷文章；context：語境；review：複習,,,This exam uses a critical in context.：這份考卷在語境中使用 critical。
W429,46-50,unexpected,adj.,意外的；未預期的,unexpected deaths。,,,,unexpected in context：在語境中使用 unexpected；learn unexpected：學習 意外的；未預期的,exam passage：考卷文章；context：語境；review：複習,,,This exam uses an unexpected in context.：這份考卷在語境中使用 unexpected。
W430,46-50,injury,n.,傷害；受傷,serious injuries。,,,,injury in context：在語境中使用 injury；learn injury：學習 傷害；受傷,exam passage：考卷文章；context：語境；review：複習,,,This exam uses an injury in context.：這份考卷在語境中使用 injury。
W431,46-50,obligated,adj.,有義務的,hospitals are obligated to conduct QAPI。,,,,obligated in context：在語境中使用 obligated；learn obligated：學習 有義務的,exam passage：考卷文章；context：語境；review：複習,,,This exam uses an obligated in context.：這份考卷在語境中使用 obligated。
W432,46-50,statutory,adj.,法定的,no separate statutory authority。,,,,statutory in context：在語境中使用 statutory；learn statutory：學習 法定的,exam passage：考卷文章；context：語境；review：複習,,,This exam uses a statutory in context.：這份考卷在語境中使用 statutory。
W433,46-50,regulate,v.,規範；監管,regulate AI in clinical care。,,,,regulate in context：在語境中使用 regulate；learn regulate：學習 規範；監管,exam passage：考卷文章；context：語境；review：複習,,,This exam uses a regulate in context.：這份考卷在語境中使用 regulate。
W434,46-50,qualification,n.,資格,qualifications and responsibilities of users。,,,,qualification in context：在語境中使用 qualification；learn qualification：學習 資格,exam passage：考卷文章；context：語境；review：複習,,,This exam uses a qualification in context.：這份考卷在語境中使用 qualification。
W435,46-50,transparency,n.,透明度,principles include transparency。,,,,transparency in context：在語境中使用 transparency；learn transparency：學習 透明度,exam passage：考卷文章；context：語境；review：複習,,,This exam uses a transparency in context.：這份考卷在語境中使用 transparency。
W436,46-50,fairness,n.,公正；公平,trustworthy AI requires fairness。,,,,fairness in context：在語境中使用 fairness；learn fairness：學習 公正；公平,exam passage：考卷文章；context：語境；review：複習,,,This exam uses a fairness in context.：這份考卷在語境中使用 fairness。
W437,46-50,usefulness,n.,有用性,principles include usefulness。,,,,usefulness in context：在語境中使用 usefulness；learn usefulness：學習 有用性,exam passage：考卷文章；context：語境；review：複習,,,This exam uses an usefulness in context.：這份考卷在語境中使用 usefulness。
W438,46-50,trustworthy,adj.,可信任的,trustworthy solutions in patient care。,,,,trustworthy in context：在語境中使用 trustworthy；learn trustworthy：學習 可信任的,exam passage：考卷文章；context：語境；review：複習,,,This exam uses a trustworthy in context.：這份考卷在語境中使用 trustworthy。
W439,46-50,partnership,n.,合作關係,public-private partnerships。,,,,partnership in context：在語境中使用 partnership；learn partnership：學習 合作關係,exam passage：考卷文章；context：語境；review：複習,,,This exam uses a partnership in context.：這份考卷在語境中使用 partnership。
W440,46-50,local,adj.,地方的；本地的,local AI governance。,,,,local in context：在語境中使用 local；learn local：學習 地方的；本地的,exam passage：考卷文章；context：語境；review：複習,,,This exam uses a local in context.：這份考卷在語境中使用 local。
W441,46-50,governance,n.,治理,AI governance should provide transparency。,,,,governance in context：在語境中使用 governance；learn governance：學習 治理,exam passage：考卷文章；context：語境；review：複習,,,This exam uses a governance in context.：這份考卷在語境中使用 governance。
W442,46-50,inconsistent,adj.,不一致的,avoid inconsistent use。,,,,inconsistent in context：在語境中使用 inconsistent；learn inconsistent：學習 不一致的,exam passage：考卷文章；context：語境；review：複習,,,This exam uses an inconsistent in context.：這份考卷在語境中使用 inconsistent。
W443,46-50,appropriate,adj.,適當的,appropriate technical expertise。,,,,appropriate in context：在語境中使用 appropriate；learn appropriate：學習 適當的,exam passage：考卷文章；context：語境；review：複習,,,This exam uses an appropriate in context.：這份考卷在語境中使用 appropriate。
W444,46-50,technical expertise,n.,技術專業,organizations need technical expertise。,,,,technical expertise in context：在語境中使用 technical expertise；learn technical expertise：學習 技術專業,exam passage：考卷文章；context：語境；review：複習,,,This exam uses a technical expertise in context.：這份考卷在語境中使用 technical expertise。
W445,46-50,independent,adj.,獨立的,independent entities such as assurance labs。,,,,independent in context：在語境中使用 independent；learn independent：學習 獨立的,exam passage：考卷文章；context：語境；review：複習,,,This exam uses an independent in context.：這份考卷在語境中使用 independent。
W446,46-50,assurance,n.,保證；確保,assurance laboratories。,,,,assurance in context：在語境中使用 assurance；learn assurance：學習 保證；確保,exam passage：考卷文章；context：語境；review：複習,,,This exam uses an assurance in context.：這份考卷在語境中使用 assurance。
W447,46-50,monitor,v.,監測；監控,governance structures monitor safety events。,,,,monitor in context：在語境中使用 monitor；learn monitor：學習 監測；監控,exam passage：考卷文章；context：語境；review：複習,,,This exam uses a monitor in context.：這份考卷在語境中使用 monitor。
W448,46-50,contributing factor,n.,促成因素,AI may be a contributing factor in harm。,,,,contributing factor in context：在語境中使用 contributing factor；learn contributing factor：學習 促成因素,exam passage：考卷文章；context：語境；review：複習,,,This exam uses a contributing factor in context.：這份考卷在語境中使用 contributing factor。
W449,46-50,empower,v.,授權；使能夠,CoPs empower CMS to regulate AI。,,,,empower in context：在語境中使用 empower；learn empower：學習 授權；使能夠,exam passage：考卷文章；context：語境；review：複習,,,This exam uses an empower in context.：這份考卷在語境中使用 empower。
W450,46-50,bedside,n.,病床邊；臨床現場,regulate AI at the bedside。,,,,bedside in context：在語境中使用 bedside；learn bedside：學習 病床邊；臨床現場,exam passage：考卷文章；context：語境；review：複習,,,This exam uses a bedside in context.：這份考卷在語境中使用 bedside。
W451,46-50,identify,v.,辨識；確認,hospitals must identify issue source。,,,,identify in context：在語境中使用 identify；learn identify：學習 辨識；確認,exam passage：考卷文章；context：語境；review：複習,,,This exam uses an identify in context.：這份考卷在語境中使用 identify。
W452,46-50,intrinsic,adj.,內在的；固有的,intrinsic algorithm flaw。,,,,intrinsic in context：在語境中使用 intrinsic；learn intrinsic：學習 內在的；固有的,exam passage：考卷文章；context：語境；review：複習,,,This exam uses an intrinsic in context.：這份考卷在語境中使用 intrinsic。
W453,46-50,flaw,n.,缺陷；瑕疵,algorithm flaw causes error。,,,,flaw in context：在語境中使用 flaw；learn flaw：學習 缺陷；瑕疵,exam passage：考卷文章；context：語境；review：複習,,,This exam uses a flaw in context.：這份考卷在語境中使用 flaw。
W454,46-50,incident,n.,事件,safety incidents should be reported。,,,,incident in context：在語境中使用 incident；learn incident：學習 事件,exam passage：考卷文章；context：語境；review：複習,,,This exam uses an incident in context.：這份考卷在語境中使用 incident。
W455,46-50,manufacturer,n.,製造商,report incidents to manufacturer。,,,,manufacturer in context：在語境中使用 manufacturer；learn manufacturer：學習 製造商,exam passage：考卷文章；context：語境；review：複習,,,This exam uses a manufacturer in context.：這份考卷在語境中使用 manufacturer。
W456,46-50,risk,n./v.,風險；冒險,risks managed by implementer。,,,,risk in context：在語境中使用 risk；learn risk：學習 風險；冒險,exam passage：考卷文章；context：語境；review：複習,,,This exam uses a risk in context.：這份考卷在語境中使用 risk。
W457,46-50,implementer,n.,實施者；導入者,risks managed by the implementer。,,,,implementer in context：在語境中使用 implementer；learn implementer：學習 實施者；導入者,exam passage：考卷文章；context：語境；review：複習,,,This exam uses an implementer in context.：這份考卷在語境中使用 implementer。
W458,46-50,cleared,adj.,核准的；通過審查的,FDA-cleared AI technologies。,,,,cleared in context：在語境中使用 cleared；learn cleared：學習 核准的；通過審查的,exam passage：考卷文章；context：語境；review：複習,,,This exam uses a cleared in context.：這份考卷在語境中使用 cleared。
W459,46-50,mechanism,n.,機制,mechanism to report errors。,,,,mechanism in context：在語境中使用 mechanism；learn mechanism：學習 機制,exam passage：考卷文章；context：語境；review：複習,,,This exam uses a mechanism in context.：這份考卷在語境中使用 mechanism。
W460,46-50,influenced,adj.,受影響的,AI-influenced medical errors。,,,,influenced in context：在語境中使用 influenced；learn influenced：學習 受影響的,exam passage：考卷文章；context：語境；review：複習,,,This exam uses an influenced in context.：這份考卷在語境中使用 influenced。
W461,46-50,finding,n.,發現；調查結果,QAPI findings reported back。,,,,finding in context：在語境中使用 finding；learn finding：學習 發現；調查結果,exam passage：考卷文章；context：語境；review：複習,,,This exam uses a finding in context.：這份考卷在語境中使用 finding。
W462,46-50,existing,adj.,現有的,existing authority under CoPs。,,,,existing in context：在語境中使用 existing；learn existing：學習 現有的,exam passage：考卷文章；context：語境；review：複習,,,This exam uses an existing in context.：這份考卷在語境中使用 existing。
W463,46-50,assessment,n.,評估,algorithm assessment left to FDA。,,,,assessment in context：在語境中使用 assessment；learn assessment：學習 評估,exam passage：考卷文章；context：語境；review：複習,,,This exam uses an assessment in context.：這份考卷在語境中使用 assessment。
W464,46-50,outcome,n.,結果,AI may improve patient outcomes。,,,,outcome in context：在語境中使用 outcome；learn outcome：學習 結果,exam passage：考卷文章；context：語境；review：複習,,,This exam uses an outcome in context.：這份考卷在語境中使用 outcome。
W465,46-50,critical goal,n.,關鍵目標,critical goal is enhancing safety。,,,,critical goal in context：在語境中使用 critical goal；learn critical goal：學習 關鍵目標,exam passage：考卷文章；context：語境；review：複習,,,This exam uses a critical goal in context.：這份考卷在語境中使用 critical goal。
W466,46-50,enhance,v.,提升；增強,employ AI in enhancing safety。,,,,enhance in context：在語境中使用 enhance；learn enhance：學習 提升；增強,exam passage：考卷文章；context：語境；review：複習,,,This exam uses an enhance in context.：這份考卷在語境中使用 enhance。
W467,46-50,source,n.,來源；根源,new sources of medical harm。,,,,source in context：在語境中使用 source；learn source：學習 來源；根源,exam passage：考卷文章；context：語境；review：複習,,,This exam uses a source in context.：這份考卷在語境中使用 source。
W468,46-50,continuously,adv.,持續地,mechanism for continuously improving。,,,,continuously in context：在語境中使用 continuously；learn continuously：學習 持續地,exam passage：考卷文章；context：語境；review：複習,,,This exam uses a continuously in context.：這份考卷在語境中使用 continuously。
