word_id,source_range,單字,詞性,定義,用法,詞性變化,三態（現在式-過去式-過去分詞）,現在分詞（V-ing）,常見搭配,相關字,同義字,反義字,範例
W001,1,busload,n.,一整車的人；一車的量。,名詞片語，常用 a busload of + 人/物，表示一整車的人或一車載量。,,,,a busload of + 人/物：一整車的某人/某物,bus：公車； passenger：乘客； load：裝載量,coachload：一車的人； planeload：一機的人,,A busload of tourists arrived.（一整車的遊客到了。）
W002,1,tourist,n.,遊客。,可數名詞，指觀光客；常用 tourists visit/arrive 或 tourist attraction/destination。,,,,foreign tourists：外國遊客；tourist attraction：觀光景點；tourist destination：旅遊目的地,travel：旅行； tour：旅遊； guide：導遊； hotel：旅館,traveler：旅客； sightseer：觀光客； visitor：訪客,local：當地人； resident：居民,Many tourists visited the lake.（很多遊客去了那個湖。）
W003,1,suddenly,adv.,突然地。,副詞，放動詞前後或句首，表示事情突然發生；常搭配 suddenly appear/realize/happen。,,,,suddenly appear：突然出現；suddenly realize：突然意識到；happen suddenly：突然發生,instant：瞬間； surprise：驚訝； abrupt：突然的,all of a sudden：突然間；abruptly：突然地； all at once：突然； unexpectedly：出乎意料地,gradually：逐漸地； slowly：慢慢地,He suddenly stood up.（他突然站起來。）
W004,1,movie star,n.,電影明星。,名詞片語，指電影明星；常用 be/become a movie star 或 famous movie star。,,,,become a movie star：成為電影明星；famous movie star：知名電影明星；movie star career：電影明星生涯,film：電影；actor：演員；actress：女演員,film star：電影明星； celebrity：名人,unknown：無名人士,She wants to be a movie star.（她想成為電影明星。）
W005,1,basically,adv.,基本上；大致上。,副詞，常放句首或動詞前後，表示大致上、基本上；常用 basically agree/the same/correct。,,,,basically agree：基本同意；basically the same：基本相同；basically correct：基本正確,basic：基本的； foundation：基礎； essence：本質,fundamentally：基本上； essentially：本質上； chiefly：主要地,,"Basically, I agree.（基本上我同意。）"
W006,1,scream,v./n.,尖叫；大叫；尖叫聲。,試卷擷取形為 screaming；原形是 scream。screaming 可作現在分詞，也可作形容詞「尖叫的」。,"scream：v./n. 尖叫；尖叫聲
screaming：v-ing/adj. 尖叫中；尖叫的
screamed：v. 過去式／過去分詞",scream-screamed-screamed,screaming,scream loudly：大聲尖叫；scream for help：尖叫求救；a scream of fear：恐懼的尖叫聲,scream：尖叫； yell：大喊； fear：恐懼； panic：驚慌,shouting：大叫； yelling：喊叫； shrieking：尖叫,silent：安靜的； quiet：安靜的,The fans were screaming loudly.（粉絲大聲尖叫。）
W007,1,creep,v.,躡手躡腳地移動。,動詞，常有偷偷、慢慢移動的感覺；常用 creep into/along/up on someone。,"creep：v. 躡手躡腳地移動
crept：v. creep 的過去式
creeping：adj./v. 正在爬行的；爬行中",creep-crept-crept,creeping,creep into：悄悄進入；creep along：緩慢前進；creep up on someone：悄悄靠近某人,fear：恐懼；horror：恐怖感；movement：移動,crawl：爬行； slink：鬼祟地走； sneak：偷偷移動,stride：大步走； rush：衝去,The cat crept into the room.（貓悄悄走進房間。）
W008,1,droop,v.,下垂；垂下來。,動詞，形容花、頭或身體往下垂；常用 droop in the heat/over 或 drooping flowers。,"droop：v. 下垂
drooped：v./adj. 下垂了；下垂的
drooping：adj./v. 下垂中的；正在垂下",droop-drooped-drooped,drooping,droop in the heat：因炎熱而下垂；droop over：垂落在……上；drooping flowers：下垂的花,bend：彎曲；posture：姿勢；plant：植物,sag：下垂； wilt：枯萎下垂； dangle：垂掛,rise：上升； perk up：振作／挺起來,The flower drooped in the sun.（花在陽光下垂了。）
W009,1,subside,v.,平息；減弱。,動詞，常用於雨勢、疼痛、情緒減弱；常見 pain/rain/symptoms subside。,"subside：v. 平息；減弱
subsided：v./adj. 已平息的；減弱了的
subsiding：adj./v. 正在平息中的",subside-subsided-subsided,subsiding,pain subsides：疼痛減輕；rain subsides：雨勢減弱；symptoms subside：症狀緩和,calm：平靜； decline：下降； relief：緩解,lessen：減弱； ease：緩和； diminish：減少,intensify：加劇； increase：增加,The pain subsided after an hour.（一小時後疼痛減輕了。）
W010,1,tinker,v.,小修小改；擺弄。,"常指隨手修東西。tinker with + 東西
= 擺弄／小改某個東西","tinker：v. 小修小改；擺弄
tinkered：v. 過去式／過去分詞
tinkering：n./v. 修修弄弄；正在擺弄",tinker-tinkered-tinkered,tinkering,tinker with a device：擺弄/小修裝置；tinker with an engine：修弄引擎；tinker around：隨手修修弄弄,repair：修補； tool：工具； adjust：調整； gadget：小裝置,fiddle：擺弄； tamper：亂動； dabble：隨便玩玩,ignore：不處理； preserve：保持原狀,He tinkered with the bike.（他隨手修了修腳踏車。）
W011,2,in a row,phr.,連續地。,片語，常用 數字/時間 + in a row，表示連續幾次或幾年。,,,,for + 次數/年數 + in a row：連續幾次/幾年,sequence：順序； line：一排； consecutive：連續的,consecutively：連續地； successively：接連地,intermittently：間斷地,She won twice in a row.（她連續贏了兩次。）
W012,2,phrase,n.,詞語；片語。,名詞，指一小段固定說法；常用 common/fixed phrase 或 use a phrase。,,,,common phrase：常見片語；fixed phrase：固定片語；use a phrase：使用片語,idiom：成語；sentence：句子；grammar：文法,expression：片語／表達； wording：措辭,silence：沉默,This phrase is easy to remember.（這個片語很好記。）
W013,2,ubiquity,n.,無所不在；到處可見。,正式名詞，表示無所不在或到處可見；常用 the ubiquity of + 名詞。,,,,the ubiquity of smartphones：智慧型手機的普及；growing ubiquity：越來越普遍；near ubiquity：幾乎無所不在,everywhere：到處； common：常見； widespread：廣泛存在,omnipresence：無所不在； pervasiveness：普遍存在,rarity：稀少； scarcity：缺乏,Smartphones have great ubiquity now.（現在智慧手機幾乎到處都有。）
W014,2,according to,phr.,根據。,介系詞片語，後接人、資料或報告；according to + source 表示根據來源。,,,,according to + 人/資料/報告：根據某人/資料/報告,base：根據； source：來源； report：報導； rule：規定,based on：根據； in accordance with：依照； as stated by：按照……所說,contrary to：與……相反,"According to the report, sales rose.（根據報告，銷售上升了。）"
W015,2,indeed,adv.,的確；確實。,"副詞，常放句首、句中或答語中加強語氣；用 indeed true/possible 或 yes, indeed。",,,,"indeed true：確實是真的；indeed possible：確實可能；yes, indeed：是的，確實如此",fact：事實； truth：真實； certainty：確定,certainly：確實； truly：真正地； in fact：事實上,hardly：幾乎不； not at all：完全不,"He is tired. Indeed, he looks exhausted.（他確實很累。）"
W016,2,everywhere,adv.,到處。,副詞，常放在動詞後或句尾，表示到處；常見 look/go/search everywhere。,,,,look everywhere：到處找；go everywhere：到處去；almost everywhere：幾乎到處,place：地方； all around：四處； widespread：普遍的,all over：到處； throughout：各處； far and wide：四處,nowhere：哪裡都不,I looked everywhere for my bag.（我到處找我的包包。）
W017,2,surmount,v.,克服；越過。,正式用字，surmount + 障礙/困難/挑戰，表示克服或越過。,"surmount：v. 克服；越過
surmounted：v./adj. 已克服的；越過了的
surmounting：adj./v. 正在克服中的",surmount-surmounted-surmounted,surmounting,surmount obstacles：克服障礙；surmount difficulties：克服困難；surmount a challenge：克服挑戰,obstacle：障礙； challenge：挑戰； victory：勝利,overcome：克服； conquer：戰勝； get over：度過,succumb to：屈服於； fail before：敗給,She surmounted many problems.（她克服了很多問題。）
W018,2,sputter,v.,斷斷續續地說；不順地運轉。,動詞，可用於說話或引擎不順；常用 engine sputters、sputter out words。,,sputter-sputtered-sputtered,sputtering,engine sputters：引擎斷續運轉；sputter and stop：斷續後停止；sputter out words：結結巴巴地說出話,spit：噴濺；engine：引擎；cough：咳嗽,splutter：劈啪作響／結巴地說； stammer：口吃地說,speak smoothly：流暢地說； run steadily：平穩運轉,The old engine sputtered and stopped.（舊引擎斷斷續續後停了。）
W019,2,steer,v.,駕駛；引導。,動詞，可指駕駛或引導方向；常用 steer a car、steer someone toward、steer clear of。,"steer：v. 駕駛；引導
steered：v. steer 的過去式／過去分詞
steering：n./v. 操控；正在引導",steer-steered-steered,steering,steer a car：駕駛汽車；steer someone toward：引導某人朝向……；steer clear of：避開,wheel：方向盤；direction：方向；drive：駕駛,guide：引導； direct：指引； navigate：駕駛／導航,misdirect：誤導； drift：漂流,He steered the car slowly.（他慢慢開車。）
W020,2,spike,v.,暴增；急升。,動詞/名詞，常用於價格、流量、搜尋量暴增；常見 prices/searches spike sharply。,"spike：v./n. 暴增；尖刺
spiked：v./adj. 暴增了；有尖刺的
spiking：n./v. 暴增；正在飆升",spike-spiked-spiked,spiking,prices spike：價格飆升；searches spike：搜尋量暴增；spike sharply：急遽上升,rise：上升； peak：高峰； sharp increase：激增,surge：激增； soar：飆升； jump：猛增,drop：下降； plunge：暴跌,Online searches spiked yesterday.（昨天網路搜尋量暴增。）
W021,3,numerous,adj.,許多的。,正式形容詞，放名詞前表示許多；常搭配 numerous studies/examples/problems。,,,,numerous studies：許多研究；numerous examples：許多例子；numerous problems：許多問題,quantity：數量；number：數字；amount：總量,many：許多； countless：無數的； multiple：多個的,few：少數的； scarce：稀少的,She has made numerous mistakes.（她犯了很多錯。）
W022,3,leak,v./n.,洩漏；外流。,動詞/名詞，常用於資訊、資料或液體外洩；常用 leak information、data leak、leak to the press。,"leak：v./n. 洩漏；漏洞
leaked：v./adj. 已外洩的；洩漏了的
leaking：adj./v. 正在洩漏中的",leak-leaked-leaked,leaking,leak information：洩漏資訊；data leak：資料外洩；leak to the press：洩漏給媒體,hole：漏洞；pipe：管線；information：資訊,drip：滴漏； seep：滲漏； escape：外洩,seal：密封； contain：控制住,The secret leaked to the press.（秘密洩漏給媒體了。）
W023,3,at odds with,phr.,與……不合；意見不一致。,片語，常用 be at odds with + 人/想法，表示意見不合或相衝突。,,,,be at odds with + 人/想法：與某人/想法不合,conflict：衝突； disagreement：不合； clash：衝突,in conflict with：與……衝突； incompatible with：與……不相容,in harmony with：與……和諧； consistent with：與……一致,He is at odds with his boss.（他和老闆意見不合。）
W024,3,senior,adj.,資深的；高階的。,senior team / senior staff 很常見。,,,,senior manager：高階經理；senior staff：資深員工；senior position：高階職位,age：年長； rank：職級； experience：資歷,elder：年長的； higher-ranking：資深的； advanced：高年級的,junior：年幼的／初級的,She is a senior manager.（她是高階經理。）
W025,3,allegedly,adv.,據說；據稱。,副詞，新聞或法律語氣常用 allegedly + 動詞/形容詞，表示據稱但尚未證實。,,,,allegedly involved：據稱涉入；allegedly committed：據稱犯下；allegedly false：據稱為假,claim：聲稱； report：報導； accusation：指控,supposedly：據稱； reportedly：據報導； purportedly：號稱,certainly：確定地； undeniably：無可否認地,He allegedly broke the rule.（據稱他違反規定。）
W026,3,deliberately,adv.,故意地。,副詞，表示有意而為；常用 deliberately ignore/choose 或 act deliberately。,,,,deliberately ignore：故意忽視；deliberately choose：刻意選擇；act deliberately：故意行動,intention：意圖； purpose：目的； conscious：有意識的,intentionally：故意地； purposely：有意地； consciously：刻意地,accidentally：意外地； unintentionally：非故意地,She deliberately ignored me.（她故意不理我。）
W027,3,countermand,v.,撤銷命令；下反命令。,正式用字，countermand + order/command，表示撤銷先前命令；常用被動。,,countermand-countermanded-countermanded,countermanding,countermand an order：撤銷命令；countermand a command：撤銷指令；order was countermanded：命令被撤銷,order：命令；command：指令；authority：權威,revoke：撤銷； cancel：取消； rescind：廢止,confirm：確認； authorize：批准,The order was countermanded later.（那項命令後來被撤銷了。）
W028,3,advice,n.,建議。,不可數名詞，常用 a piece of advice、give/follow advice；recommendation 意思近但可數。,,,,a piece of advice：一項建議；give advice：給建議；follow advice：遵從建議,suggest：建議；tip：提示；decision：決定,guidance：指導； counsel：忠告； recommendation：建議,,He gave me good advice.（他給我好建議。）
W029,3,toddler,n.,剛學走路的小孩。,可數名詞，指約 1-3 歲剛學走路幼兒；常用 young toddler、toddler behavior。,,,,a young toddler：年幼的幼兒；toddler falls：幼兒跌倒；toddler behavior：幼兒行為,child：小孩； baby：嬰兒； preschool：學齡前,young child：幼兒； little one：小小孩,adult：成人,The toddler fell and cried.（那個幼兒跌倒哭了。）
W030,3,obsequious,adj.,諂媚的；巴結的。,正式且負面，常形容對上位者過度順從；用 be obsequious to someone。,,,,obsequious behavior：諂媚行為；obsequious manner：巴結的態度；be obsequious to someone：對某人諂媚,flatter：奉承；submissive：順從的；boss：老闆,servile：諂媚的； sycophantic：拍馬屁的； fawning：巴結的,assertive：有主見的； independent：獨立的,He sounded obsequious to the boss.（他對老闆說話很巴結。）
W031,3,obstreperous,adj.,吵鬧不受控的。,形容詞，常形容小孩或群體吵鬧難管；常搭配 obstreperous children/crowd。,,,,obstreperous children：吵鬧難管的孩子；obstreperous crowd：喧鬧難控的人群；become obstreperous：變得吵鬧難管,rowdy：喧鬧的；classroom：教室；behavior：行為,noisy：吵鬧的； unruly：難管束的； boisterous：喧鬧的,quiet：安靜的； well-behaved：守規矩的,The class became obstreperous.（那班學生變得很吵鬧。）
W032,3,opprobrious,adj.,辱罵的；帶侮辱性的。,正式且負面，常形容語言或言論帶侮辱；用 opprobrious + language/remark。,,,,opprobrious language：辱罵性語言；opprobrious remark：侮辱性言論；opprobrious abuse：辱罵,insult：侮辱； abuse：辱罵； shame：羞辱,abusive：辱罵的； insulting：侮辱的； scornful：輕蔑的,complimentary：稱讚的； respectful：尊敬的,He made an opprobrious remark.（他說了侮辱性的話。）
W033,3,ostentatious,adj.,愛炫耀的；浮誇的。,形容詞，常形容穿著、財富或展示太炫耀；常搭配 ostentatious display/wealth/style。,,,,ostentatious display：炫耀式展示；ostentatious wealth：炫耀財富；ostentatious style：浮誇風格,show：炫耀； luxury：奢華； display：鋪張展示,showy：炫耀的； flashy：招搖的； pretentious：浮誇的,modest：樸素的； unassuming：不張揚的,The hotel looked too ostentatious.（那家飯店看起來太浮誇。）
W034,4,politician,n.,政治人物；政治家。,指政治人物；常搭配 elected/local politician，或 politician + gives/makes。,,,,elected politician：民選政治人物；local politician：地方政治人物；politician gives a speech：政治人物發表演說,government：政府； election：選舉； policy：政策,lawmaker：政治人物／立法者； statesman：政治家,,The politician gave a speech.（那位政治人物發表演說。）
W035,4,rubbish,n.,垃圾；胡說八道。,名詞，英式英文可指垃圾或胡扯；常用 talk rubbish、rubbish idea、a pile of rubbish。,,,,talk rubbish：胡說八道；rubbish idea：荒謬想法；a pile of rubbish：一堆垃圾,waste：廢棄物；bin：垃圾桶；British English：英式英文,garbage：垃圾； trash：垃圾； nonsense：廢話,treasure：寶物； sense：道理,That idea is rubbish.（那想法很胡扯。）
W036,4,crime,n.,犯罪；罪行。,可數/不可數依語境；常用 commit a crime、serious crime、crime rate。,,,,commit a crime：犯罪；serious crime：嚴重罪行；crime rate：犯罪率,law：法律；criminal：罪犯；court：法院,offense：罪行； wrongdoing：不法行為； felony：重罪,innocence：清白； lawfulness：合法,Stealing is a crime.（偷竊是犯罪。）
W037,4,minister,n.,部長；大臣。,政府職位語境常用 government/foreign minister；宗教語境可指牧師。,,,,government minister：政府部長；foreign minister：外交部長；minister answers questions：部長回答問題,government：政府；church：教會；cabinet：內閣,clergyman：牧師； pastor：牧者； official：部長／官員,layperson：平信徒（相對於牧師）,The minister answered questions.（部長回答問題。）
W038,4,knowingly,adv.,明知故犯地。,副詞，表示明知情況仍去做；常用 knowingly lie/violate 或 act knowingly。,,,,knowingly lie：明知故犯地說謊；knowingly violate：明知故犯地違反；act knowingly：明知而為,aware：知道； intention：意圖； conscious：有意識的,intentionally：故意地； consciously：有意識地,unknowingly：不知情地； accidentally：無意地,He knowingly lied.（他明知故犯地說謊。）
W039,4,mislead,v.,誤導。,動詞，mislead + 人，或 mislead someone into + V-ing，表示使人誤解。,"mislead：v. 誤導
misled：v. mislead 的過去式／過去分詞
misleading：adj. 誤導人的",mislead-misled-misled,misleading,mislead someone into + V-ing：誤導某人去做某事,confuse：混淆；advertisement：廣告；information：資訊,deceive：誤導； trick：欺騙； delude：使受騙,enlighten：使了解； inform：告知,The ad misled customers.（那廣告誤導了顧客。）
W040,4,artfully,adv.,巧妙地；狡猾地。,副詞，可正可負，表示巧妙或狡猾地做；常用 artfully avoid/arrange/worded。,,,,artfully avoid：巧妙避開；artfully arrange：巧妙安排；artfully worded：措辭巧妙的,skill：技巧； clever：聰明； craft：巧妙手法,skillfully：巧妙地； cleverly：聰明地； ingeniously：有技巧地,clumsily：笨拙地； awkwardly：拙劣地,She artfully changed the topic.（她巧妙地轉移話題。）
W041,4,authenticate,v.,驗證；證明是真實的。,動詞，常用於文件、身分或帳號驗證；常用 authenticate a document/user。,"authenticate：v. 驗證；證明為真
authenticated：adj./v. 已驗證的；完成驗證
authentication：n. 驗證；認證",authenticate-authenticated-authenticated,authenticating,authenticate a document：驗證文件；authenticate a user：驗證使用者；two-factor authentication：雙因素驗證,proof：證明；identity：身分；password：密碼,verify：驗證； validate：確認有效； confirm：證實,falsify：偽造； invalidate：使無效,The system authenticates users.（系統驗證使用者。）
W042,4,disambiguate,v.,消除歧義；釐清意思。,正式用字，disambiguate + word/meaning，表示藉上下文釐清歧義。,"disambiguate：v. 消除歧義；釐清意思
disambiguated：v./adj. 已釐清的
disambiguation：n. 消除歧義；釐清",disambiguate-disambiguated-disambiguated,disambiguating,disambiguate a word：釐清單字歧義；disambiguate meaning：釐清意思；context disambiguates：上下文消除歧義,meaning：意思；context：上下文；ambiguity：歧義,clarify：釐清； distinguish：區分； differentiate：辨別,confuse：混淆； obscure：使模糊,Context helps disambiguate the word.（上下文幫助釐清這個字。）
W043,4,enumerate,v.,列舉。,正式用字，enumerate + reasons/items/steps，表示逐項列舉。,"enumerate：v. 列舉
enumerated：v./adj. 已列舉的
enumerating：v. 正在列舉
enumeration：n. 列舉；枚舉",enumerate-enumerated-enumerated,enumerating,enumerate reasons：列舉原因；enumerate items：逐項列出項目；enumerate steps：列舉步驟,number：編號；item：項目；reason：原因,list：列舉； itemize：逐項列出； count：數出,omit：省略； summarize：概述,She enumerated the reasons.（她列舉了原因。）
W044,4,prevaricate,v.,閃爍其詞；支吾其詞。,動詞，正式用字，指故意閃爍其詞；常用 prevaricate about + 事情。,"prevaricate：v. 閃爍其詞；支吾其詞
prevaricated：v. prevaricate 的過去式／過去分詞
prevarication：n. 閃爍其詞；支吾",prevaricate-prevaricated-prevaricated,prevaricating,prevaricate about：對……閃爍其詞；prevaricate during an interview：面試時支吾其詞；refuse to prevaricate：拒絕閃避說法,evade：閃避；excuse：藉口；truth：真相,equivocate：支吾其詞； lie：說謊； hedge：閃爍其詞,speak plainly：直說； tell the truth：說實話,He prevaricated during the interview.（他面試時閃爍其詞。）
W045,5,in vain,phr.,徒勞地；白費地。,片語，常用 try in vain to + V，表示努力做某事但徒勞。,,,,try in vain to + V：徒勞地試圖做某事,failure：失敗； effort：努力； useless：無效的,unsuccessfully：徒然地； fruitlessly：白費地,successfully：成功地,We tried in vain to stop him.（我們白費力氣想阻止他。）
W046,5,eventually,adv.,最後；終於。,副詞，表示最後結果；常用 eventually agree/become/lead to。,,,,eventually agree：最後同意；eventually become：最終成為；eventually lead to：最終導致,end：結局；result：結果；process：過程,finally：最後； ultimately：最終； in the end：終於,immediately：立刻； initially：起初,She eventually agreed.（她最後同意了。）
W047,5,lose one’s marbles,phr.,發瘋；失去理智。,口語片語，主詞多為人；lose one’s marbles 表示失去理智。,,,,lose one’s marbles (go crazy)：失去理智/發瘋,crazy：瘋掉； mind：理智； panic：失控,go crazy：發瘋； lose one’s mind：失去理智,stay sane：保持理智； keep calm：保持冷靜,He must have lost his marbles.（他一定是瘋了。）
W048,5,slap in the face,phr.,侮辱；打臉。,片語，指令人難堪的侮辱；常用 a slap in the face to + 人/群體。,,,,a slap in the face (to someone)：對某人的羞辱/打臉,offense：冒犯；disrespect：不尊重；decision：決定,insult：羞辱； humiliation：侮辱； affront：冒犯,compliment：稱讚； encouragement：鼓勵,The decision felt like a slap in the face.（這決定像是一種打臉。）
W049,5,throw in the towel,phr.,放棄。,片語，主詞為人；throw in the towel 表示放棄、認輸。,,,,throw in the towel (give up)：認輸/放棄,defeat：失敗；competition：比賽；effort：努力,give up：放棄； surrender：投降； quit：停止,persist：堅持； carry on：繼續下去,"After many failures, he threw in the towel.（失敗多次後他放棄了。）"
W050,5,stir the pot,phr.,挑事；煽風點火。,口語片語，常用於人故意挑起爭端；stir the pot at/in + 場合。,,,,stir the pot (cause trouble)：挑起事端/煽風點火,trouble：麻煩；conflict：衝突；meeting：會議,cause trouble：惹事； provoke：挑釁； agitate：煽動,calm things down：平息局面,He likes to stir the pot at meetings.（他喜歡在會議中挑事。）
W051,6,flatten,v.,壓垮；擊垮；使平坦。,動詞，題目中偏「擊垮」；常用 flatten an opponent，也可用 flatten a curve。,"flatten：v. 使變平；擊垮
flattened：v./adj. 被壓平的；被擊垮的
flattening：n./adj./v. 壓平；壓倒性的；正在壓平",flatten-flattened-flattened,flattening,flatten an opponent：擊倒對手；flatten a curve：拉平曲線；be flattened by：被……擊垮,flat：平的；press：壓；surface：表面,level：整平； smooth：使平滑； press down：壓平,raise：抬高； inflate：使膨脹,The boxer flattened his opponent.（拳擊手擊倒了對手。）
W052,6,powerful,adj.,強大的。,形容詞，常修飾國家、工具、影響力等；用 powerful + noun。,,,,powerful country：強大的國家；powerful tool：強大的工具；powerful influence：強大影響力,power：力量； strength：力量； influence：影響力,strong：強壯的； mighty：強有力的； influential：有影響力的,weak：弱的； powerless：無力的,It is a powerful country.（那是個強國。）
W053,6,neighbor,n.,鄰居；鄰國。,名詞，可指鄰居或鄰國；常用 next-door neighbor、neighboring country。,,,,next-door neighbor：隔壁鄰居；neighboring country：鄰國；a neighbor of：……的鄰居/鄰國,neighborhood：社區； resident：居民； next door：隔壁,next-door resident：隔壁鄰居； local resident：附近居民,stranger：陌生人,Canada is a neighbor of the U.S.（加拿大是美國的鄰國。）
W054,6,oblige,v.,迫使；使不得不。,動詞，常用 oblige someone to do，表示迫使某人不得不做某事。,"oblige：v. 迫使；使不得不
obliged：adj./v. 感激的；被迫的；oblige 的過去分詞
obliging：adj. 樂於幫忙的
obligation：n. 義務；責任",oblige-obliged-obliged,obliging,oblige someone to + V：迫使某人做某事,duty：義務；favor：幫忙；rule：規定,compel：迫使； accommodate：幫忙； assist：協助,refuse：拒絕,The rules oblige us to wait.（規定迫使我們等待。）
W055,6,obey,v.,服從；遵守。,obey + 法律/命令/人，表示服從或遵守；常搭配 law/orders/parents。,"obey：v. 服從；遵守
obeyed：v. obey 的過去式／過去分詞
obeying：v. 正在服從
obedience：n. 服從",obey-obeyed-obeyed,obeying,obey the law：遵守法律；obey orders：服從命令；obey parents：聽從父母,order：命令； law：法律； rule：規則,follow：遵從； comply with：遵守； submit to：服從,disobey：違抗； defy：反抗,Children should obey their parents.（孩子應該聽父母的話。）
W056,6,subsequent,adj.,後來的；接下來的。,正式用字，放名詞前表示後來的；常見 subsequent years/events/changes。,,,,subsequent years：後續幾年；subsequent events：後續事件；subsequent changes：後續變化,sequence：順序；period：期間；year：年份,following：接下來的； later：後來的； ensuing：隨後的,previous：先前的； prior：先前的,"In subsequent years, things changed.（在後來幾年，情況改變了。）"
W057,6,subservient,adj.,順從的；屈從的。,負面形容詞，常用 be subservient to + 人/權力，表示屈從。,,,,be subservient to + 人/權力：屈從於某人/權力,servant：僕從；obedience：服從；authority：權威,submissive：順從的； servile：奴顏婢膝的； obedient：服從的,independent：獨立的； assertive：有主見的,He became subservient to the ruler.（他變得對統治者很順從。）
W058,6,subliminal,adj.,潛意識的。,形容詞，常修飾 message/influence，表示低於意識層面的暗示。,,,,subliminal message：潛意識訊息；subliminal image：潛意識影像；subliminal influence：潛意識影響,hidden：隱藏的；perception：知覺；message：訊息,subconscious：潛意識的； unnoticed：未察覺的,conscious：有意識的； overt：明顯的,The ad used subliminal images.（那廣告用了潛意識影像。）
W059,6,subversive,adj.,顛覆性的。,形容詞，常形容思想、行動或團體顛覆既有制度；常搭配 subversive activity/idea。,,,,subversive ideas：顛覆性思想；subversive activity：顛覆性活動；subversive book：顛覆性書籍,rebellion：反叛； revolution：革命； disruption：擾亂,revolutionary：顛覆性的； disruptive：破壞性的,loyal：忠誠的； supportive：支持性的,The book was seen as subversive.（那本書被視為具有顛覆性。）
W060,7,scientist,n.,科學家。,指從事科學研究的人；常見 research scientist 或 scientist + publishes/discovers。,,,,research scientist：研究科學家；scientist publishes：科學家發表；leading scientist：頂尖科學家,science：科學； research：研究； laboratory：實驗室,researcher：研究員； expert：專家,,The scientist published a paper.（那位科學家發表了一篇論文。）
W061,7,push the envelope,phr.,挑戰極限；突破界限。,固定片語，push the envelope of + 領域，表示挑戰既有限制。,,,,push the envelope (of) + 領域：挑戰某領域的極限,innovation：創新； limit：界限； risk：風險,go beyond limits：超越界限； innovate：創新； break new ground：開創新局,play it safe：保守行事,This design really pushes the envelope.（這個設計真的在突破界限。）
W062,7,possible,adj.,可能的。,形容詞，常用 possible + noun 或 it is possible to + V。,,,,possible solution：可能的解決方案；possible cause：可能原因；it is possible to + V：做某事是可能的,possibility：可能性；chance：機會；condition：條件,feasible：可行的； likely：可能的； attainable：可達成的,impossible：不可能的,Anything is possible.（一切都有可能。）
W063,7,space exploration,n.,太空探索。,固定名詞片語，常搭配 program/mission；指太空探索活動。,,,,space exploration program：太空探索計畫；human space exploration：人類太空探索；space exploration mission：太空探索任務,space：太空； rocket：火箭； mission：任務,space travel：太空旅行； cosmic exploration：宇宙探索,,Space exploration is expensive.（太空探索很花錢。）
W064,7,normal,adj.,正常的。,形容詞，常用 normal + noun 或 it is normal to + V。,,,,normal behavior：正常行為；normal range：正常範圍；it is normal to + V：做某事是正常的,standard：標準；condition：狀態；range：範圍,ordinary：普通的； usual：通常的； typical：典型的,abnormal：不正常的； unusual：不尋常的,It is normal to feel nervous.（感到緊張很正常。）
W065,7,limit,n./v.,限制；界限。,名詞/動詞，表示限制或限度；常用 go beyond the limits、set a limit、limit access。,,limit-limited-limited,limiting,limit access：限制存取/進入；set a limit：設定限制；go beyond the limit：超越限制,maximum：上限；capacity：容量；constraint：限制條件,boundary：界線； restriction：限制； cap：上限,freedom：自由； unlimitedness：無限制,We must know our limits.（我們必須知道自己的界限。）
W066,7,envelope,n.,信封。,名詞，字面為信封；在 push the envelope 中表示挑戰既有限制。,,,,open an envelope：打開信封；seal an envelope：封信封；push the envelope：挑戰極限,letter：信； mail：郵件； stamp：郵票,cover：封套； wrapper：封皮,,I put the letter in an envelope.（我把信放進信封。）
W067,8,diplomat,n.,外交官。,指外交官；常見 foreign/senior diplomat，或 diplomat meets + 人。,,,,foreign diplomat：外國外交官；senior diplomat：資深外交官；diplomat meets someone：外交官會見某人,diplomacy：外交；embassy：大使館；foreign affairs：外交事務,envoy：使節； ambassador：大使,,The diplomat met the president.（外交官會見總統。）
W068,8,response,n.,回應。,名詞，常搭配 response to + 問題/事件，或 in response to。,,,,quick response：快速回應；response to a question：對問題的回應；in response to：回應……,communication：溝通；question：問題；message：訊息,reply：回覆； reaction：反應； answer：回答,nonresponse：無回應,His response was short.（他的回應很短。）
W069,8,direct,adj.,直接的。,形容詞，放名詞前表示直接的；常搭配 direct question/answer/contact。,,,,direct answer：直接回答；direct question：直接問題；direct contact：直接接觸,straight：直的；management：管理；communication：溝通,straightforward：直接的； guide：引導； manage：管理,indirect：間接的,She gave a direct answer.（她給了直接的回答。）
W070,8,reporter,n.,記者。,指新聞記者；常見 news reporter 或 reporter asks/covers。,,,,news reporter：新聞記者；reporter asks：記者提問；reporter covering a story：報導新聞事件的記者,news：新聞； journalism：新聞業； interview：採訪,journalist：新聞記者； correspondent：特派員,,The reporter asked a question.（記者問了一個問題。）
W071,8,unsure,adj.,不確定的。,形容詞，常用 be unsure about/of + 事，表示不確定或沒有把握。,,,,unsure about：對……不確定；feel unsure：感到不確定；be unsure whether：不確定是否……,doubt：懷疑； hesitation：猶豫； uncertainty：不確定,uncertain：不確定的； doubtful：懷疑的； hesitant：猶豫的,sure：確定的； certain：確信的,I am unsure about the plan.（我不確定這個計畫。）
W072,8,actual,adj.,實際的；真正的。,形容詞，常放名詞前強調真實或實際；常用 actual cost/result/problem。,,,,actual cost：實際成本；actual reason：真正原因；actual situation：實際情況,reality：現實； fact：事實； truth：真相,real：真實的； genuine：真正的； factual：事實上的,imaginary：想像的； false：錯誤的,What is the actual cost?（實際費用是多少？）
W073,8,matter,n.,事情；問題。,名詞，表示事情、問題或主題；常用 on the matter、the matter of + 名詞。,,,,the matter of：……這件事；discuss the matter：討論此事；on this matter：關於此事,importance：重要性；topic：主題；problem：問題,issue：議題； concern：事情； be important：要緊,irrelevance：無關； triviality：瑣碎,We talked about the matter.（我們談了這件事。）
W074,8,equivocal,adj.,模稜兩可的。,正式形容詞，常修飾 answer/response，表示模稜兩可。,,,,an equivocal answer/response：模稜兩可的回答/回應,ambiguity：模糊； uncertainty：不明確； vagueness：含糊,ambiguous：模糊不清的； uncertain：不明確的； vague：含糊的,clear：清楚的； definite：明確的,His answer was equivocal.（他的回答模稜兩可。）
W075,8,luxurious,adj.,豪華的。,形容詞，常形容飯店、生活、車款等奢華；常搭配 luxurious hotel/lifestyle/car。,,,,luxurious hotel：豪華飯店；luxurious lifestyle：奢華生活方式；luxurious room：豪華房間,luxury：奢華； wealth：財富； comfort：舒適,lavish：豪華的； opulent：富麗堂皇的； deluxe：高級的,plain：樸素的； modest：簡樸的,They stayed in a luxurious hotel.（他們住在豪華飯店。）
W076,8,deprecating,adj.,貶低的；輕視的。,形容詞，常見 self-deprecating humor/comment，表示自我貶抑或自嘲。,,,,self-deprecating humor：自嘲式幽默；deprecating comment：貶抑性評論；deprecating tone：貶抑語氣,criticism：批評； insult：侮辱； belittle：貶低,belittling：貶低的； disparaging：輕蔑的； dismissive：輕忽的,praising：讚揚的； approving：贊同的,He made a deprecating comment.（他說了貶低人的話。）
W077,8,feudalistic,adj.,封建的。,正式形容詞，常修飾 system/society/structure，表示封建式特徵。,,,,feudalistic system：封建式制度；feudalistic society：封建式社會；feudalistic structure：封建式結構,hierarchy：階級； feudalism：封建制度； lord：領主,feudal：封建的； hierarchical：階級森嚴的,egalitarian：平等主義的,The system felt feudalistic.（那制度很像封建制度。）
W078,9,vice president,n.,副總統；副總裁。,名詞，指副總統或副總裁；依語境搭配 vice president of + 組織/國家。,,,grappling with,vice president of：……的副總裁/副總統；company vice president：公司副總裁；vice president gives a speech：副總裁/副總統發表演說,president：總統； executive：高階主管； deputy：副手,deputy leader：副手； second-in-command：第二把手,,The vice president gave a speech.（副總統發表演說。）
W079,9,grapple with,phr.,努力應付；苦苦思考。,固定片語，grapple with + 問題/困難，表示努力處理或思考。,,,grappling with,grapple with + 問題/困難：努力處理問題/困難,struggle：掙扎；challenge：挑戰；problem：問題,struggle with：奮力處理； wrestle with：努力對付； tackle：著手處理,avoid：避開； ignore：忽視,She is grappling with a hard problem.（她正苦思一個難題。）
W080,9,uncertainty,n.,不確定；不確定性。,名詞，常搭配 about 或 of；可指經濟、未來、結果的不確定性。,,,,economic uncertainty：經濟不確定性；uncertainty about：對……的不確定；period of uncertainty：不確定時期,risk：風險；future：未來；confidence：信心,doubt：懷疑； unpredictability：不可預測性； ambiguity：不明確,certainty：確定； confidence：把握,There is a lot of uncertainty now.（現在有很多不確定性。）
W081,9,newly,adv.,新近地。,副詞，常放在過去分詞前，表示新近完成；常用 newly formed/created/elected。,,,,newly built：新建的；newly discovered：新發現的；newly appointed：新任命的,recent：最近的；fresh：新的；announcement：公告,recently：最近地； lately：近來； afresh：重新地,long ago：很久以前,The newly painted wall looks good.（新刷的牆看起來很好。）
W082,9,implement,v./n.,實施；執行；使生效；工具。,試卷擷取形為 implemented；原形是 implement。動詞常用 implement a policy/plan/change；被動常見 be implemented。,"implement：v. 實施；執行
implemented：v./adj. 已實施的；被執行的
implementation：n. 實施；執行",implement-implemented-implemented,implementing,implement a policy：實施政策；implement a plan：執行計畫；be implemented：被實施,implementation：實施；execution：執行；policy：政策,carry out：執行；execute：執行；enforce：施行,cancel：取消；abandon：放棄,The policy was implemented last year.（政策去年已實施。）
W083,9,policy,n.,政策。,名詞，正式語境常指政策或方針；常用 adopt/implement/change a policy。,,,,government policy：政府政策；new policy：新政策；policy change：政策變更,government：政府；regulation：規範；public affairs：公共事務,rule：規則； guideline：指導方針； strategy：策略,,The new policy starts today.（新政策今天開始。）
W084,9,streamline,v.,精簡；使更有效率。,動詞，常用於流程或作業簡化；streamline + process/operation/workflow。,,streamline-streamlined-streamlined,streamlining,streamline a process：簡化流程；streamline operations：精簡作業；streamline workflow：簡化工作流程,efficiency：效率；process：流程；workflow：工作流程,simplify：簡化； optimize：最佳化； make efficient：提高效率,complicate：使複雜化,We need to streamline the process.（我們需要精簡流程。）
W085,9,operation,n.,運作；營運。,名詞，可指公司運作、手術或行動；常搭配 business/medical/daily operation。,,,,business operation：企業營運；daily operations：日常運作；operation of a system：系統運作,system：系統；workflow：工作流程；management：管理,process：過程； activity：作業； business：營運,shutdown：停運,The factory’s operations improved.（工廠運作改善了。）
W086,9,unnecessary,adj.,不必要的。,形容詞，表示不需要的；常用 unnecessary expense/risk/delay。,,,,unnecessary step：不必要的步驟；unnecessary risk：不必要的風險；unnecessary delay：不必要的延誤,extra：額外的；need：需要；efficiency：效率,needless：不必要的； superfluous：多餘的； redundant：冗餘的,necessary：必要的； essential：必要的,This step is unnecessary.（這步驟沒必要。）
W087,9,expense,n.,費用；開支。,名詞，常用複數 expenses 表示開支；常搭配 reduce/cover/business expenses。,,,,at the expense of + N：以……為代價,budget：預算；payment：付款；financial planning：財務規劃,cost：成本； expenditure：支出； outlay：花費,income：收入； saving：節省,Travel expenses are high.（旅費很高。）
W088,9,yield,v./n.,產生；帶來。,動詞/名詞，作動詞可表示產出或讓步；常用 yield results/crops/profits。,,yield-yielded-yielded,yielding,yield results：產生結果；yield benefits：帶來好處；crop yield：農作物產量,output：產量；crop：農作物；result：結果,produce：產生； generate：帶來； surrender：屈服,resist：抵抗； withhold：不給予,The plan may yield good results.（這計畫可能產生好結果。）
W089,9,intended,adj.,預期的；原本打算的。,形容詞，放名詞前表示預期的；常搭配 intended result/effect/audience。,,,,intended effect：預期效果；intended result：預期結果；intended purpose：原定目的,plan：計畫； purpose：目的； intention：意圖,planned：計畫中的； meant：預定的； deliberate：有意的,accidental：意外的； unintended：非預期的,The medicine had the intended effect.（藥物達到了預期效果。）
W090,9,financial,adj.,財務的；金錢的。,形容詞，表示財務或金融相關；常搭配 financial support/problem/report。,,,,financial problems：財務問題；financial support：財務支援；financial situation：財務狀況,finance：金融； money：金錢； economy：經濟,monetary：金錢的； economic：經濟的； fiscal：財政的,nonfinancial：非財務的,He has financial problems.（他有財務問題。）
W091,9,benefit,n./v.,益處；好處。,名詞/動詞，可指好處或受益；常用 benefit from、health benefit、bring benefits。,"benefit：n./v. 好處；使受益
beneficial：adj. 有益的
beneficially：adv. 有益地",benefit-benefited-benefited,benefiting,benefit from + N/V-ing：受益於某事/做某事,beneficiary：受益人；welfare：福利；outcome：結果,advantage：優勢； gain：收益； profit：利益,disadvantage：不利； harm：害處,Exercise has many benefits.（運動有很多好處。）
W092,9,whether,conj.,是否。,連接詞，常引導名詞子句；whether + 子句，或 whether A or B 表示是否。,,,,whether + 子句：是否……；whether or not：是否/不論是否,choice：選擇；alternative：另一種可能；condition：條件,if：是否,,I don’t know whether he will come.（我不知道他會不會來。）
W093,10,intrigued,adj.,感到好奇的；被吸引的。,形容詞，常用 be intrigued by/about + 事，表示對某事感到好奇。,,,,be intrigued by：被……吸引/感到好奇；intrigued to know：很想知道；deeply intrigued：深感好奇,curiosity：好奇； interest：興趣； fascination：著迷,curious：好奇的； fascinated：著迷的； interested：感興趣的,bored：無聊的； uninterested：不感興趣的,I was intrigued by the story.（我對這故事很好奇。）
W094,10,extraordinary,adj.,非凡的；非常特別的。,形容詞，正式語氣表示非凡或異常；常搭配 extraordinary ability/event/result。,,,,extraordinary talent：非凡天賦；extraordinary event：非凡事件；extraordinary ability：非凡能力,ordinary：普通的；achievement：成就；talent：天賦,remarkable：卓越的； exceptional：傑出的； unusual：不尋常的,ordinary：普通的； common：常見的,She has an extraordinary talent.（她有非凡的天賦。）
W095,10,biological,adj.,生物學的；生物的。,形容詞，學術語境表示生物或生理相關；常搭配 biological process/system/factor。,,,,biological system：生物系統；biological process：生物過程；biological mechanism：生物機制,biology：生物學； life：生命； organism：生物體,living：生命的； organic：有機的,nonbiological：非生物的,We studied biological systems.（我們研究生物系統。）
W096,10,mechanism,n.,機制；機械構造。,名詞，科學或制度語境常指機制；常用 mechanism of action/control mechanism。,,,,defense mechanism：防衛機制；biological mechanism：生物機制；mechanism of action：作用機制,machine：機器；biology：生物學；cause：原因,system：系統； process：機制； device：裝置,,The body has a defense mechanism.（身體有防禦機制。）
W097,10,microscopic,adj.,顯微鏡下的；極小的。,形容詞，科學語境表示極小或需顯微鏡觀察；常搭配 microscopic organism/view。,,,,microscopic organisms：微生物；microscopic examination：顯微檢查；microscopic level：微觀層次,microscope：顯微鏡；cell：細胞；organism：生物體,tiny：極小的； minute：微小的； minuscule：極微小的,huge：巨大的； macroscopic：巨觀的,Microscopic organisms live in water.（水中有微生物。）
W098,10,organism,n.,生物體；有機體。,名詞，生物學用字，指生物體；常搭配 living/microscopic organism。,,,,living organism：生物體；simple organism：簡單生物；microscopic organism：微小生物,biology：生物； cell：細胞； species：物種,living thing：生物； creature：生物,nonliving thing：非生物,The amoeba is a simple organism.（變形蟲是一種簡單生物。）
W099,10,devote,v.,投入；奉獻。,動詞，常用 devote time/energy/resources to + N/V-ing，表示投入。,"devote：v. 奉獻；投入
devoted：adj./v. 忠誠的；投入的；過去分詞
devotion：n. 奉獻；熱愛",devote-devoted-devoted,devoting,devote time/effort to + V-ing：投入時間/精力做某事,dedication：奉獻；focus：專注；time：時間,dedicate：奉獻； commit：投入； apply oneself to：專心投入,neglect：忽視； withhold：不投入,She devoted years to study.（她花了多年研究。）
W100,10,research,n./v.,研究。,名詞/動詞，常用 conduct/do research，或 research + topic 表示研究某主題。,"research：n./v. 研究
researcher：n. 研究者",research-researched-researched,researching,conduct research：進行研究；research on：關於……的研究；research findings：研究發現,investigation：調查；analysis：分析；data：資料,study：研究； inquiry：探究,ignorance：無知,He does cancer research.（他做癌症研究。）
W101,10,understanding,n.,了解；理解。,名詞，常搭配 understanding of + 主題，表示對某事的理解。,,,,improve understanding：增進理解；deep understanding：深入理解；understanding of：對……的理解,knowledge：知識；insight：洞察；learning：學習,comprehension：理解； awareness：了解,misunderstanding：誤解,Reading improves understanding.（閱讀提升理解。）
W102,10,seemingly,adv.,看似；表面上。,副詞，常修飾形容詞或句子，表示表面上看似；常用 seemingly impossible/simple。,,,,seemingly simple：看似簡單；seemingly impossible：看似不可能；seemingly unrelated：看似無關,outward appearance：外表；surface：表面；impression：印象,apparently：似乎； apparently so：看起來如此,actually：實際上,It is seemingly simple.（它看似簡單。）
W103,10,insignificant,adj.,微不足道的；不重要的。,常形容差異、細節或影響很小；可用 insignificant + noun 或 seem/look insignificant。,,,,insignificant detail：不重要的細節；insignificant difference：微小差異；seem insignificant：看起來不重要,importance：重要性；effect：影響；detail：細節,trivial：微不足道的； negligible：可忽略的,significant：重要的； important：重要的,"It looks insignificant, but it matters.（它看似不重要，但其實有影響。）"
W104,10,life form,n.,生命形式；生物。,名詞片語，科學文章常用，指生命形式；常搭配 simple/alien/living life form。,,,,simple life form：簡單生命形式；alien life form：外星生命形式；microscopic life forms：微小生命形式,species：物種；biology：生物學；cell：細胞,organism：生物； living thing：生物,nonliving thing：非生物,Bacteria are simple life forms.（細菌是簡單的生命形式。）
W105,10,produce,v.,產生；製造。,動詞，表示生產、產生或造成；常用 produce energy/results/goods。,"produce：v. 生產；產生
produced：v./adj. 被生產出的；已產生的
producing：v. 正在生產
production：n. 生產；產量",produce-produced-produced,producing,produce oxygen：產生氧氣；produce results：產生結果；produce energy：產生能量,production：生產；oxygen：氧氣；factory：工廠,generate：產生； create：創造,consume：消耗； destroy：破壞,Trees produce oxygen.（樹會產生氧氣。）
W106,10,energy,n.,能量。,名詞，可指能量或精力；常搭配 produce/use/save energy。,,,,save energy：節省能源；produce energy：產生能量；energy source：能源來源,fuel：燃料；electricity：電力；metabolism：代謝,power：能量； force：力量,fatigue：疲憊； lethargy：無精打采,Food gives us energy.（食物給我們能量。）
W107,10,efficiency,n.,效率。,名詞，表示效率；常搭配 improve/increase efficiency 或 energy efficiency。,,,,improve efficiency：提升效率；energy efficiency：能源效率；greater efficiency：更高效率,performance：表現；output：產出；resource use：資源使用,effectiveness：效能； productivity：生產力,inefficiency：低效率,We want better efficiency.（我們想要更高效率。）
W108,10,unmatched,adj.,無可匹敵的。,形容詞，表示無可匹敵；常搭配 unmatched ability/quality/performance。,,,,unmatched skill：無可匹敵的技能；unmatched quality：無可匹敵的品質；remain unmatched：仍無可匹敵,unique：獨特的； outstanding：傑出的； superior：更好的,unrivaled：無可匹敵的； unequaled：無與倫比的,ordinary：普通的； inferior：較差的,She has unmatched skill.（她有無可匹敵的技巧。）
W109,10,species,n.,物種。,名詞，單複數同形，指物種；常搭配 animal/plant species 或 endangered species。,,,,endangered species：瀕危物種；new species：新物種；species of plants：植物物種,organism：生物； animal：動物； plant：植物,kind：種類； type：類型,,Many species are endangered.（許多物種瀕危。）
W110,11,unless,conj.,除非。,連接詞，引導條件子句；unless + 子句，表示除非。,,,,unless + 子句：除非……,if：如果； except：除……外,except if：除非； if not：如果不,if：如果,"Unless you hurry, you’ll be late.（除非你快點，不然會遲到。）"
W111,11,present,v.,提出；呈現。,動詞，題目中指提出論點或報告；常用 present an argument/proposal/findings。,"present：v./adj./n. 提出；現在的；禮物
presented：v. present 的過去式／過去分詞
presenting：v. 正在提出；呈現
presentation：n. 報告；呈現",present-presented-presented,presenting,present an idea：提出想法；present evidence：提出證據；present a proposal：提出提案,offer：提出；idea：想法；presentation：報告,show：展示； display：呈現,hide：隱藏； withhold：保留,She presented her idea clearly.（她清楚提出她的想法。）
W112,11,compelling,adj.,令人信服的；引人注目的。,形容詞，常修飾論點、證據或故事，表示有說服力；compelling argument/evidence。,,,,compelling argument：有說服力的論點；compelling evidence：有說服力的證據；compelling story：引人入勝的故事,argument：論點；evidence：證據；story：故事,convincing：令人信服的； persuasive：有說服力的,weak：薄弱的； unconvincing：無法令人信服的,He made a compelling argument.（他提出有說服力的論點。）
W113,11,argument,n.,論點；主張。,名詞，可指論點而非吵架；常搭配 make/present/support an argument。,,,,make an argument：提出論點；strong argument：有力論點；argument for/against：支持/反對的論點,reasoning：推理；debate：辯論；evidence：證據,claim：主張； case：論點,agreement：一致； consensus：共識,Her argument was logical.（她的論點很有邏輯。）
W114,11,support,v./n.,支持；支撐；證實；支持或支撐的力量。,試卷擷取形為 supported；原形是 support。support + 人/主張/證據；被動常見 be supported by evidence/data。,"support：v./n. 支持；支撐
supported：v./adj. 被支持的；有根據的
supportive：adj. 支持的",support-supported-supported,supporting,support a claim：支持主張；be supported by evidence：受到證據支持；support someone：支持某人,evidence：證據；data：資料；backing：支持,back：支持；endorse：支持；substantiate：證實,oppose：反對；refute：反駁；undermine：削弱,The claim is supported by data.（這主張有資料支持。）
W115,11,evidence,n.,證據。,不可數名詞，表示證據；常用 evidence for/of 或 provide/support evidence。,,,,evidence for/of + N：支持/關於某事的證據,data：資料；sign：跡象；research：研究,proof：證據； indication：跡象,disproof：反證,We need more evidence.（我們需要更多證據。）
W116,11,board,n.,董事會；委員會。,名詞，題目中指董事會或決策單位；常用 board of directors、board meeting。,,,,board meeting：董事會會議；board member：董事會成員；board approves：董事會批准,panel：小組；director：董事；meeting：會議,committee：委員會； council：理事會,,The board approved the plan.（董事會批准了計畫。）
W117,11,proposal,n.,提案。,常見正式字；常見搭配：proposal for/to + N。,,,,proposal for/to + N：關於/提交給……的提案,plan：計畫；offer：提議；discussion：討論,suggestion：建議； proposition：提議,rejection：拒絕,Her proposal was accepted.（她的提案被接受了。）
W118,11,discussion,n.,討論。,常見；常見搭配：have a discussion；discussion about；open discussion。,,,,have a discussion：進行討論；discussion about：關於……的討論；open discussion：公開討論,meeting：會議；topic：主題；opinion：意見,conversation：討論； debate：辯論,,We had a long discussion.（我們進行了長時間討論。）
W119,11,reject,v.,拒絕；否決。,reject + 提案/請求/想法，表示拒絕接受；可用被動 be rejected；常見搭配：reject an offer；reject a proposal；reject the idea。,,reject-rejected-rejected,rejecting,reject an offer：拒絕提議；reject a proposal：否決提案；reject the idea：拒絕這個想法,dismiss：駁回；offer：提議；proposal：提案,refuse：拒絕； turn down：拒絕,accept：接受； approve：批准,They rejected the offer.（他們拒絕了那個提議。）
W120,11,disapprove,v.,不贊成。,disapprove of；常見搭配：disapprove of；strongly disapprove；parents disapprove。,"disapprove：v. 不贊成
disapproved：v. disapprove 的過去式／過去分詞
disapproval：n. 不贊成；反對",disapprove-disapproved-disapproved,disapproving,disapprove of：不贊成；strongly disapprove：強烈反對；parents disapprove：父母不贊成,criticize：批評；approval：贊成；opinion：意見,object：反對； oppose：不贊成,approve：贊成,My parents disapprove of smoking.（我父母不贊成抽菸。）
W121,12,advance,v./n.,進展；前進。,題目中指專案進展；常見搭配：advance quickly；advance a project；make an advance。,"advance：v./n. 前進；進展
advanced：adj. 進階的；先進的
advancement：n. 進步；提升",advance-advanced-advanced,advancing,advance quickly：快速進展；advance a project：推進專案；make an advance：取得進展,project：專案；milestone：里程碑；development：發展,progress：前進； promote：促進,delay：延遲； hinder：阻礙,The project advanced quickly.（專案進展很快。）
W122,12,unpredictable,adj.,無法預測的。,常形容天氣、結果、行為等無法預測；用 unpredictable + noun 或 be unpredictable。,,,,unpredictable weather：難以預測的天氣；unpredictable outcome：難以預測的結果；highly unpredictable：非常不可預測,risk：風險；outcome：結果；behavior：行為,uncertain：不確定的； erratic：難預測的,predictable：可預測的,The weather is unpredictable.（天氣難以預測。）
W123,12,funding,n.,資金。,常用於計畫、研究；常見搭配：research funding；government funding；receive funding。,,,,research funding：研究經費；government funding：政府資金；receive funding：獲得資金,budget：預算； investment：投資； support：資助,financing：資金； financial support：財務支援,cutback：削減經費,The school needs more funding.（學校需要更多資金。）
W124,12,delay,n./v.,延誤。,名詞或動詞；常見搭配：long delay；delay a flight；delay the project。,"delay：n./v. 延誤；耽擱
delayed：adj./v. 延遲的；延誤了的",delay-delayed-delayed,delaying,long delay：長時間延誤；delay a flight：延誤航班；delay the project：延後專案,schedule：時程；deadline：期限；traffic：交通,postpone：延後； hold up：拖延,advance：推進； hasten：加速,The flight had a long delay.（航班延誤很久。）
W125,12,shift,v./n.,移動；轉移；改變；變化。,試卷擷取形為 shifting；原形是 shift。shifting 可作現在分詞，也可作形容詞「變動中的」。,"shift：v./n. 移動；轉移；改變；變化
shifting：v-ing/adj. 移動中；變動中的
shifted：v. 過去式／過去分詞",shift-shifted-shifted,shifting,shift from A to B：從 A 轉向 B；shift focus：轉移焦點；shifting market demands：變動中的市場需求,position：位置；schedule：班表；perspective：觀點,changing：變動的； altering：改變的,stable：穩定的,We face shifting market demands.（我們面對變動中的市場需求。）
W126,12,team dynamics,n.,團隊互動狀態。,固定搭配；常見搭配：team dynamics；poor team dynamics；improve team dynamics。,,,,team dynamics：團隊互動；poor team dynamics：不佳的團隊互動；improve team dynamics：改善團隊互動,teamwork：團隊合作； communication：溝通； collaboration：協作,group interaction：群體互動； team interaction：團隊互動,,Poor team dynamics hurt progress.（不好的團隊互動影響進度。）
W127,12,repeatedly,adv.,一再地；反覆地。,放在動詞前修飾反覆發生的動作，如 repeatedly ask/fail/warn；常見搭配：repeatedly ask；repeatedly fail；repeatedly warn。,,,,repeatedly ask：反覆詢問；repeatedly fail：屢次失敗；repeatedly warn：反覆警告,again and again：一次又一次； frequently：頻繁地,repeatedly：反覆地； over and over：一再地,once：一次； rarely：很少,He repeatedly asked the same question.（他一再問同一個問題。）
W128,12,interrupt,v.,打斷；中斷。,interrupt + 人/會議/流程，表示打斷；也常用被動 be interrupted by。,"interrupt：v. 打斷；中斷
interrupted：v./adj. 被打斷的；中斷了的
interrupting：v. 正在打斷
interruption：n. 打斷；中斷",interrupt-interrupted-interrupted,interrupting,interrupt someone：打斷某人；interrupt a meeting：打斷會議；be interrupted by：被……打斷,conversation：談話；meeting：會議；phone call：電話,disrupt：中斷； break in：插嘴,continue：繼續,Don’t interrupt me.（不要打斷我。）
W129,12,momentum,n.,動能；勢頭。,常用於事情的發展；常見搭配：gain momentum；lose momentum；build momentum。,,,,gain momentum：累積動能/勢頭；lose momentum：失去動能/勢頭；build momentum：建立勢頭,project：專案；speed：速度；campaign：活動,impetus：推動力； drive：動力,stagnation：停滯,The campaign gained momentum.（那活動開始有了勢頭。）
W130,12,gather,v.,聚集；累積。,題目中是勢頭逐漸形成；常見搭配：gather information；gather momentum；gather around。,"gather：v. 聚集；蒐集
gathered：adj./v. 聚集了的；收集了的
gathering：n./v. 聚會；聚集；正在收集",gather-gathered-gathered,gathering,gather information：蒐集資訊；gather momentum：逐漸形成勢頭；gather around：聚集在周圍,crowd：人群；information：資訊；evidence：證據,collect：收集； assemble：聚集,scatter：散開,Dark clouds gathered overhead.（烏雲聚集在上方。）
W131,12,by fits and starts,phr.,斷斷續續地。,固定片語；常見搭配：work/progress by fits and starts。,,,,work/progress by fits and starts：時斷時續地工作/進展,progress：進展；rhythm：節奏；interruption：中斷,intermittently：間歇地； sporadically：斷續地,steadily：穩定地； continuously：持續地,The work went on by fits and starts.（工作斷斷續續進行。）
W132,12,in dribs and drabs,phr.,一點一點地；零零碎碎地。,固定片語；常見搭配：come/arrive in dribs and drabs。,,,,come/arrive in dribs and drabs：零零散散地到來,amount：數量；arrival：到達；payment：付款,little by little：一點一點地； in small amounts：少量地,all at once：一下子； in bulk：大批地,Money came in dribs and drabs.（錢一點一點進來。）
W133,12,by leaps and bounds,phr.,突飛猛進地。,固定片語；常見搭配：improve/grow by leaps and bounds。,,,,improve/grow by leaps and bounds：突飛猛進地改善/成長,growth：成長；progress：進展；improvement：改善,rapidly：迅速地； dramatically：大幅地,slowly：緩慢地,Her English improved by leaps and bounds.（她的英文進步飛快。）
W134,12,tit for tat,phr.,以牙還牙。,固定片語；常見搭配：tit for tat (revenge back and forth)。,,,,tit for tat (revenge back and forth)：以牙還牙式報復,revenge：報復；response：回應；conflict：衝突,retaliation：報復； reprisal：報復行動,forgiveness：原諒； tolerance：容忍,The argument became tit for tat.（那場爭執變成互相報復。）
W135,13,traffic,n.,交通；車流。,很常見；常見搭配：heavy traffic；traffic jam；traffic accident。,,,,heavy traffic：交通壅塞；traffic jam：塞車；traffic accident：交通事故,road：道路；vehicle：車輛；congestion：壅塞,transportation：交通運輸； transit：運輸系統,,The traffic is heavy today.（今天車很多。）
W136,13,had I known,phr.,要是我早知道。,"倒裝假設語氣；常見搭配：Had I known, I would have + p.p.；Had I known earlier；had I known the truth。",,,,"Had I known, I would have + p.p.：早知道我就會……；Had I known earlier：如果我早知道；had I known the truth：如果我知道真相",regret：後悔；past event：過去事件；inversion：倒裝,if I had known：如果我早知道,,"Had I known, I would have helped.（要是我早知道，我就會幫忙。）"
W137,13,leave earlier,phr.,更早出門。,生活常用說法；常見搭配：leave earlier；leave earlier than usual；should have left earlier。,,,,leave earlier：早點離開；leave earlier than usual：比平常更早離開；should have left earlier：本該早點離開,depart：離開； go sooner：早點走,depart earlier：更早出發； go earlier：更早離開,stay later：更晚離開,I should leave earlier tomorrow.（我明天應該早點出門。）
W138,14,grammatically,adv.,文法上地。,修飾形容詞或句子判斷，常見 grammatically correct/acceptable/wrong。,,,,grammatically correct：文法正確；grammatically acceptable：文法上可接受；grammatically wrong：文法錯誤,grammar：文法；sentence：句子；usage：用法,correctly：正確地； properly：恰當地,incorrectly：不正確地,Is this sentence grammatically correct?（這句文法正確嗎？）
W139,14,correct,adj.,正確的。,常見；常見搭配：correct answer；correct spelling；be correct about。,,,,correct answer：正確答案；correct spelling：正確拼字；be correct about：在……方面是對的,answer：答案；grammar：文法；calculation：計算,right：正確的； accurate：準確的,incorrect：錯誤的； wrong：錯的,Your answer is correct.（你的答案正確。）
W140,14,avoid,v.,避免。,avoid + V-ing；常見搭配：avoid + V-ing。,"avoid：v. 避免
avoided：v. avoid 的過去式／過去分詞
avoiding：v. 正在避免
avoidance：n. 避免",avoid-avoided-avoided,avoiding,avoid + V-ing：避免做某事,risk：風險；mistake：錯誤；danger：危險,evade：避開； prevent：避免,face：面對,She avoided talking to him.（她避免跟他說話。）
W141,14,lecturer,n.,講師。,學校常見字；常見搭配：university lecturer；guest lecturer；lecturer explains。,,,,university lecturer：大學講師；guest lecturer：客座講師；lecturer explains：講師解釋,lecture：演講；university：大學；audience：聽眾,speaker：講者； instructor：講師,student：學生,The lecturer explained the topic.（講師解釋了主題。）
W142,14,recommend,v.,建議。,recommend + V-ing；常見搭配：recommend + V-ing / recommend that + 子句。,"recommend：v. 建議；推薦
recommended：adj./v. 被推薦的；建議了的
recommending：v. 正在建議
recommendation：n. 建議；推薦",recommend-recommended-recommended,recommending,recommend + V-ing / recommend that + 子句：建議做某事/建議……,advice：建議；doctor：醫師；guideline：指引,suggest：建議； advise：建議,discourage：勸阻,I recommend reading this book.（我建議讀這本書。）
W143,14,identification,n.,身分證明；證件。,常用於查驗身分；可說 show identification、photo identification、proof of identification。,,,,show identification：出示身分證明；photo identification：附照片的身分證明；proof of identification：身分證明,recognition：辨識,ID：身分證明； verification：核實,misidentification：誤認,Please show your identification.（請出示身分證明。）
W144,15,whichever / whatever / whoever / what / how,pron./conj./phr.,名詞子句引導詞集合；依語境可表示「無論哪個／什麼／誰」或引導名詞子句。,本列保留試卷中同題考到的多個引導詞，不拆列以維持 word_id 與同步資料相容；常見搭配：whatever you say；whoever comes；whichever option。,,,,whatever you say：無論你說什麼；whoever comes：無論誰來；whichever option：無論哪個選項,choice：選擇；thing：事情；person：人；method：方法,no matter which：無論哪個； no matter what：無論什麼； no matter who：無論誰,,Whatever you say is fine.（你說什麼都可以。）
W145,15,decide,v.,決定。,常見；常見搭配：decide to + V；decide whether；make a decision。,"decide：v. 決定
decision：n. 決定
decisive：adj. 果斷的；決定性的
decisively：adv. 果斷地",decide-decided-decided,deciding,decide to + V：決定做某事；decide whether：決定是否；make a decision：做決定,settle：定下,choose：選擇； determine：決定,hesitate：猶豫,You can decide later.（你可以晚點決定。）
W146,15,bother,v.,打擾；困擾。,bother + 人表示打擾；bother to + V 表示費心去做；否定常見 don’t bother。,,bother-bothered-bothered,bothering,bother someone：打擾某人；bother to + V：費心做某事；don’t bother：不用麻煩,trouble：麻煩,annoy：使煩； disturb：打擾,comfort：安慰； please：使高興,The noise bothered me.（噪音讓我很困擾。）
W147,15,confuse,v.,使困惑。,confuse + 人表示使困惑；confuse A with B 表示把 A 和 B 混淆。,"confuse：v. 使困惑
confused：adj./v. 感到困惑的；使混亂了的
confusing：adj. 令人困惑的
confusion：n. 困惑；混亂",confuse-confused-confused,confusing,confuse someone：使某人困惑；be confused about：對……感到困惑；confuse A with B：把 A 和 B 混淆,mislead：誤導；mix up：混淆,puzzle：使困惑； bewilder：使迷惑,clarify：澄清,This question confuses many students.（這題讓很多學生困惑。）
W148,15,device,n.,裝置。,常見；常見搭配：electronic device；medical device；use a device。,,,,electronic device：電子裝置；medical device：醫療器材；use a device：使用裝置,machine：機器；tool：工具,gadget：裝置； appliance：器具,,This device is easy to use.（這個裝置很好用。）
W149,15,accurate,adj.,正確的；準確的。,常形容資訊、測量或描述準確；用 accurate + noun 或 be accurate。,,,,accurate information：準確資訊；accurate measurement：準確測量；highly accurate：高度準確,measurement：測量；data：資料；detail：細節,exact：精確的； precise：精準的,inaccurate：不準確的,The information is accurate.（這資訊很準確。）
W150,16-20,long-term care facility,n.,長期照護機構；長照機構。,常縮寫為 LTCF，指提供長期照護服務的機構；常見搭配：live in a long-term care facility。,,,,live in a long-term care facility：住在長期照護機構,nursing home：療養院；care home：照護之家；elderly care：老人照護,care facility：照護機構； nursing facility：護理機構,,Many older adults live in a long-term care facility.（許多年長者住在長照機構。）
W151,16-20,animal-assisted therapy,n.,動物輔助治療。,常縮寫為 AAT，指藉由動物陪伴或互動來協助治療；常見搭配：receive animal-assisted therapy。,,,,receive animal-assisted therapy：接受動物輔助治療,therapy dog：治療犬；rehabilitation：復健；emotional support：情緒支持,pet therapy：寵物治療,,Some patients benefit from animal-assisted therapy.（有些病人能從動物輔助治療中受益。）
W152,16-20,to some degree,phr.,在某種程度上。,用來表示不是完全，但有一部分是如此；常見搭配：help to some degree。,,,,help to some degree：在某種程度上有幫助,extent：程度；portion：部分；qualification：限定,partly：部分地； somewhat：稍微,completely：完全地,The medicine helped to some degree.（這藥在某種程度上有幫助。）
W153,16-20,as opposed to,phr.,而不是；相對於。,用來對比兩種不同的人、事、物；常見搭配：A as opposed to B。,,,,A as opposed to B：A 而不是 B / A 與 B 相對,contrast：對比；comparison：比較；alternative：替代選項,rather than：而不是； in contrast to：相對於,like：像； similar to：與……相似,They used a robot as opposed to a real dog.（他們用的是機器狗，而不是真狗。）
W154,16-20,robotic,adj.,機器人的；像機器般的。,"常用於 robotic dog, robotic arm；常見搭配：robotic dog。","robot：n. 機器人
robotic：adj. 機器人的",,,robotic dog：機器狗,robot：機器人,mechanical：機械的； automated：自動化的,human：人的； natural：自然的,The hospital tested a robotic dog.（醫院測試了一隻機器狗。）
W155,16-20,investigate,v.,調查；研究。,可用於科學研究或警方調查；常見搭配：investigate the effect of。,"investigate：v. 調查；研究
investigation：n. 調查
investigative：adj. 調查性的",investigate - investigated - investigated,investigating,investigate the effect of：研究/調查……的影響,research：研究；evidence：證據；police：警方,examine：調查； look into：調查,ignore：忽視,Scientists investigated the new treatment.（科學家研究了新的治療方式。）
W156,16-20,control group,n.,對照組。,實驗中用來和實驗組比較的那一組；常見搭配：receive no treatment as a control group。,,,,receive no treatment as a control group：作為對照組不接受治療,experiment：實驗；variable：變因；treatment group：實驗組,comparison group：比較組,experimental group：實驗組,The control group did not receive the drug.（對照組沒有接受那種藥。）
W157,16-20,modify,v.,修改；調整。,試卷擷取形為 modified；原形是 modify。常用 modify a plan/questionnaire/scale，表示依需求調整內容。,"modify：v. 修改；調整
modified：v./adj. 已修改的；經調整的
modification：n. 修改；調整",modify - modified - modified,modifying,modify a plan：修改計畫；modify a questionnaire：修改問卷；modified scale：修訂後的量表,modification：修改；adjustment：調整；revision：修訂,alter：改變；adjust：調整；revise：修訂,preserve：保持；leave unchanged：維持不變,They used a modified questionnaire.（他們使用了修改過的問卷。）
W158,16-20,subscale analysis,n.,次量表分析；分量表分析。,常用於心理測驗或研究量表；常見搭配：perform subscale analysis。,"analyze：v. 分析
analysis：n. 分析
analytical：adj. 分析的",analyze - analyzed - analyzed,,perform subscale analysis：進行分量表分析,scale：量表；score：分數；statistical analysis：統計分析,subsection analysis：分項分析,,The researchers performed subscale analysis.（研究人員做了次量表分析。）
W159,16-20,score lower than,phr.,得分低於。,用來比較成績、分數或評量結果；常見搭配：score lower than the control group。,"score：v. 得分；評分
score：n. 分數",score - scored - scored,,score lower than the control group：得分低於對照組,score：得分；lower：較低；compare：比較,rank below：排名低於； be lower than：低於,score higher than：分數高於,The second group scored lower than the first.（第二組得分低於第一組。）
W160,16-20,correlate with,phr.,與……有相關。,常用於統計、研究結果；常見搭配：strongly correlate with。,"correlate：v. 相關
correlation：n. 關聯
correlative：adj. 相關的",correlate - correlated - correlated,,strongly correlate with：與……高度相關,association：關聯；relationship：關係；link：連結,be associated with：與……有關； relate to：與……相關,differ from：不同於,Exercise may correlate with better sleep.（運動可能和較好的睡眠有關。）
W161,16-20,be in consensus with,phr.,與……意見一致。,較正式，表示看法相同；常見搭配：be in consensus with the team。,consensus：n. 共識,,,be in consensus with the team：與團隊意見一致,agreement：同意；align with：一致；share an opinion：意見一致,agree with：同意； be in agreement with：與……一致,disagree with：不同意,Her view is in consensus with the report.（她的看法和報告一致。）
W162,16-20,correspond to,phr.,與……相對應；符合。,可表示數字、位置、概念上的對應；常見搭配：correspond to the results。,"correspond：v. 相符合；通信
correspondence：n. 對應；通信
corresponding：adj. 相對應的",correspond - corresponded - corresponded,,correspond to the results：與結果相符,number：數字；position：位置；mapping：對應關係,match：相符； coincide with：一致,differ from：不同於,The numbers correspond to the chart.（這些數字和圖表相對應。）
W163,16-20,by means of,phr.,藉由；透過。,後面常接方法、工具；常見搭配：by means of technology。,means：n. 方法；手段,,,by means of technology：藉由科技,method：方法；tool：工具；technology：科技,via：透過； through：藉由,without：沒有藉由,They solved the problem by means of a new system.（他們藉由新系統解決了問題。）
W164,16-20,in collaboration with,phr.,與……合作。,常見於研究、專案、發表；常見搭配：in collaboration with a university。,"collaborate：v. 合作
collaboration：n. 合作
collaborative：adj. 合作的",collaborate - collaborated - collaborated,,in collaboration with a university：與大學合作,cooperate：合作；work with：與……共事；partnership：合作關係,together with：與……一起； in partnership with：與……合作,independently：獨立地,The study was done in collaboration with a hospital.（這項研究是與醫院合作進行的。）
W165,16-20,in comparison with,phr.,與……相比。,用來比較兩者差異；常見搭配：in comparison with last year。,"compare：v. 比較
comparison：n. 比較
comparative：adj. 比較的",compare - compared - compared,,in comparison with last year：與去年相比,comparison：比較；baseline：基準；difference：差異,compared with：與……相比； relative to：相對於,,Sales were higher in comparison with last month.（和上個月相比，銷售較高。）
W166,16-20,measure up to,phr.,達到；符合（標準、期待）。,常用於否定句，表示不符合期待；常見搭配：measure up to expectations。,"measure：v. 測量；達到標準
measurement：n. 測量；尺寸
measurable：adj. 可測量的",measure - measured - measured,,measure up to expectations：符合期待,standard：標準；satisfy：滿足；qualify：符合資格,meet：符合； live up to：達到,fall short of：未達到,The product did not measure up to expectations.（這產品沒有達到預期。）
W167,16-20,take the measure of,phr.,估量；判斷……的能力或本質。,較正式，指看出某人或某事真正的程度；常見搭配：take the measure of a person。,"measure：v. 測量；估量
measurement：n. 測量",measure - measured - measured,,take the measure of a person：看清一個人的真正程度,judgment：判斷；evaluation：評量；character：人物特質,assess：評估； size up：估量,misjudge：誤判,It took time to take the measure of the new leader.（花了一些時間才看清這位新領導者的能耐。）
W168,16-20,reverse,v./adj./n.,逆轉；相反的；反面。,可作動詞，也可作形容詞或名詞；常見搭配：reverse the trend。,"reverse：v. 逆轉
reverse：n. 相反；反面
reversible：adj. 可逆的",reverse - reversed - reversed,reversing,reverse the trend：扭轉趨勢,opposite：相反；turn around：扭轉；backward：向後,overturn：逆轉； invert：倒轉,continue：繼續； maintain：維持,The treatment may reverse the damage.（這項治療可能逆轉損害。）
W169,16-20,reanimate,v.,使恢復活力；使重新活動。,較正式，常用於醫學或比喻；常見搭配：reanimate the body。,"reanimate：v. 使恢復活力
reanimation：n. 復甦；再活化",reanimate - reanimated - reanimated,reanimating,reanimate the body：使身體復甦,life：生命；animation：動畫；medical revival：醫療復甦,revive：使復活； resuscitate：使甦醒,kill：殺死； deaden：使失去活力,The story reanimated public interest.（這個故事讓大眾重新有了興趣。）
W170,16-20,remit,v.,減輕；匯款；免除。,在醫學中可指症狀減輕；常見搭配：symptoms remit。,"remit：v. 減輕；匯款
remission：n. 緩解；匯款",remit - remitted - remitted,remitting,symptoms remit：症狀緩解,symptom：症狀；payment：匯款；responsibility：責任,send：匯送； lessen：減輕,keep：保留； increase：增加,The pain began to remit after treatment.（治療後疼痛開始減輕。）
W171,16-20,reckon,v.,認為；估計。,英式英文很常見，較口語；常見搭配：reckon that。,"reckon：v. 認為；估計
reckoning：n. 計算；清算",reckon - reckoned - reckoned,reckoning,reckon that：認為……,opinion：意見；calculation：計算；British English：英式英文,consider：認為； estimate：估計,doubt：懷疑,I reckon he will be late.（我想他會遲到。）
W172,21-25,vivid,adj.,生動的；鮮明的。,"常形容描述、記憶、色彩；常見搭配：vivid storytelling, vivid memory。","vivid：adj. 生動的
vividly：adv. 生動地
vividness：n. 生動",,,"vivid storytelling, vivid memory：生動的敘事/鮮明的記憶",color：色彩；memory：記憶；description：描述,lively：生動的； striking：鮮明的,dull：乏味的； vague：模糊的,The writer gave a vivid description of London.（作家生動地描寫了倫敦。）
W173,21-25,storytelling,n.,說故事；敘事技巧。,常用於文學、電影、簡報；常見搭配：vivid storytelling。,"storytell：v. 講故事
storytelling：n. 敘事",storytell - storytold - storytold,,vivid storytelling：生動的敘事,plot：情節；tale：故事,narration：敘述； narrative：敘事,,Good storytelling keeps readers interested.（好的敘事能讓讀者保持興趣。）
W174,21-25,social criticism,n.,社會批判。,常用於文學、藝術評論；常見搭配：works of social criticism。,"criticize：v. 批評
criticism：n. 批評
critical：adj. 批判的",criticize - criticized - criticized,,works of social criticism：社會批判作品,commentary：評論；satire：諷刺；society：社會,social commentary：社會評論,praise：讚揚,The novel includes sharp social criticism.（這部小說包含尖銳的社會批判。）
W175,21-25,orphan,n.,孤兒。,也可作形容詞，指失去父母的；常見搭配：an orphan boy。,"orphan：n. 孤兒
orphaned：adj. 成為孤兒的",,,an orphan boy：孤兒男孩,child：孩子；adoption：收養；parentless：無父母的,parentless child：孤兒,,The story follows an orphan boy.（這個故事講的是一個孤兒男孩。）
W176,21-25,mysterious,adj.,神秘的；難以解釋的。,常形容人、事件、地方；常見搭配：mysterious events。,"mystery：n. 謎；神祕事物
mysterious：adj. 神秘的
mysteriously：adv. 神祕地",,,mysterious events：神秘事件,secret：秘密；clue：線索；unknown cause：未知原因,enigmatic：神祕的； puzzling：費解的,obvious：明顯的； clear：清楚的,The town is full of mysterious stories.（那個小鎮充滿神祕故事。）
W177,21-25,undergo,v.,經歷；遭受。,"常用於 change, treatment, surgery；常見搭配：undergo a transformation。","undergo：v. 經歷
undergoing：adj. 正在經歷的",undergo - underwent - undergone,undergoing,undergo a transformation：經歷轉變,process：過程；treatment：治療；change：改變,experience：經歷； go through：遭受,avoid：避免,She underwent major surgery last year.（她去年經歷了大手術。）
W178,21-25,transformation,n.,轉變；變化。,常指大幅度改變；常見搭配：dramatic transformation。,"transform：v. 改變
transformation：n. 轉變
transformative：adj. 具有改變性的",transform - transformed - transformed,,dramatic transformation：劇烈轉變,change process：改變過程；form：形式；identity：身分,change：變化； metamorphosis：蛻變,stagnation：停滯,The city went through a dramatic transformation.（這座城市經歷了巨大的轉變。）
W179,21-25,moral superiority,n.,道德優越感。,指認為自己在道德上高人一等；常見搭配：a sense of moral superiority。,"moral：adj. 道德的
morality：n. 道德
superior：adj. 較高的；較優的
superiority：n. 優越",,,a sense of moral superiority：道德優越感,morality：道德；judgment：評斷；status：地位,moral high ground：道德制高點,moral failing：道德失敗,He spoke with a sense of moral superiority.（他說話時帶著道德優越感。）
W180,21-25,virtue,n.,美德；善行。,常見於文學、倫理、品格；常見搭配：the virtue of kindness。,"virtue：n. 美德
virtuous：adj. 有德行的
virtuously：adv. 有德行地",,,the virtue of kindness：仁慈的美德,ethics：倫理；character：品格；moral quality：道德品質,goodness：善良； integrity：正直,vice：惡習,Patience is a virtue.（耐心是一種美德。）
W181,21-25,rigid,adj.,僵硬的；死板的；嚴格固定的。,常用於規則、制度、身體；常見搭配：rigid class divisions。,"rigid：adj. 僵硬的
rigidity：n. 僵硬；僵化
rigidly：adv. 嚴格地",,,rigid class divisions：僵化的階級劃分,rule：規則；structure：結構；body：身體,stiff：僵硬的； inflexible：死板的,flexible：靈活的,The school has rigid rules.（這所學校有很嚴格的規定。）
W182,21-25,determine one’s fate,phr.,決定某人的命運。,常見於文學、人生、社會議題；常見搭配：class determines one’s fate。,"determine：v. 決定
determination：n. 決心；決定
determined：adj. 堅定的",determine - determined - determined,,class determines one’s fate：階級決定命運,destiny：命運；decision：決定；future：未來,shape one’s destiny：塑造命運； decide one’s future：決定未來,leave to chance：交給運氣,Many believe hard work can determine one’s fate.（很多人相信努力可以決定命運。）
W183,21-25,wealthy,adj.,富有的。,常形容人、家庭、國家；常見搭配：a wealthy woman。,"wealth：n. 財富
wealthy：adj. 富有的
wealthily：adv. 富裕地",,,a wealthy woman：富有的女性,money：金錢；property：財產；upper class：上流階層,rich：有錢的； prosperous：富裕的,poor：貧窮的,She comes from a wealthy family.（她來自富裕家庭。）
W184,21-25,eccentric,adj./n.,古怪的；怪人。,常形容行為、穿著、個性很特別；常見搭配：an eccentric old woman。,"eccentric：adj. 古怪的
eccentricity：n. 古怪；怪癖
eccentrically：adv. 古怪地",,,an eccentric old woman：古怪的老婦人,behavior：行為；personality：個性；style：風格,odd：古怪的； quirky：怪異的,conventional：傳統的； normal：正常的,His eccentric habits surprised everyone.（他古怪的習慣讓大家很驚訝。）
W185,21-25,affluent,adj.,富裕的。,比 rich 更正式；常見搭配：an affluent neighborhood。,"affluence：n. 富裕
affluent：adj. 富裕的",,,an affluent neighborhood：富裕社區,wealth：財富；neighborhood：社區；class：階級,wealthy：富裕的； well-off：有錢的,needy：貧困的； poor：貧窮的,They live in an affluent area.（他們住在富裕地區。）
W186,21-25,object of affection,phr.,愛慕的對象。,指某人喜歡、愛慕的人；常見搭配：the object of his affection。,"affect：v. 影響
affection：n. 喜愛；感情
affectionate：adj. 充滿感情的",affect - affected - affected,,the object of his affection：他愛慕的對象,love：愛；admirer：愛慕者；romance：浪漫,beloved：心愛的人； love interest：戀愛對象,,She became the object of his affection.（她成了他愛慕的對象。）
W187,21-25,cold and unfeeling,phr./adj.,冷漠無情的。,用來形容人沒有同情心、沒有溫度；常見搭配：seem cold and unfeeling。,"feel：v. 感受
feeling：n. 感情；感受
unfeeling：adj. 無情的",feel - felt - felt,,seem cold and unfeeling：顯得冷漠無情,empathy：同理心；emotion：情感；attitude：態度,heartless：無情的； unemotional：冷淡的,warm and caring：溫暖體貼的,He appeared cold and unfeeling.（他看起來冷漠無情。）
W188,21-25,perpetuate,v.,使持續存在；使延續。,"常用於 problem, cycle, myth；常見搭配：perpetuate a cycle。","perpetuate：v. 使延續
perpetuation：n. 延續
perpetual：adj. 持續的",perpetuate - perpetuated - perpetuated,perpetuating,perpetuate a cycle：延續循環,cycle：循環；myth：迷思；problem：問題,sustain：維持； continue：延續,end：結束； eliminate：消除,The policy may perpetuate inequality.（這項政策可能會延續不平等。）
W189,21-25,self-discovery,n.,自我發現；認識自己。,常見於成長、旅行、文學；常見搭配：a journey of self-discovery。,"discover：v. 發現
discovery：n. 發現
self-discovery：n. 自我發現",discover - discovered - discovered,,a journey of self-discovery：自我探索之旅,identity：自我認同；growth：成長；reflection：反思,self-realization：自我實現； self-understanding：自我理解,self-loss：失去自我,Travel can lead to self-discovery.（旅行可能帶來自我發現。）
W190,21-25,fleeting,adj.,短暫的；一閃即逝的。,"常形容感覺、機會、時光；常見搭配：fleeting desire, fleeting moment。","flee：v. 逃跑
fleet：adj. 快速的
fleeting：adj. 短暫的",flee - fled - fled,,"fleeting desire, fleeting moment：短暫的欲望/瞬間",time：時間；opportunity：機會；feeling：感覺,brief：短暫的； momentary：瞬間的,lasting：持久的； permanent：永久的,It was only a fleeting moment of joy.（那只是短暫的一刻快樂。）
W191,21-25,ultimately,adv.,最終；終究。,用來表示最後結果；常見搭配：ultimately decide。,"ultimate：adj. 最終的
ultimately：adv. 最終地",,,ultimately decide：最終決定,result：結果；decision：決定；process：過程,eventually：最終； in the end：終究,initially：起初,"Ultimately, she chose kindness over wealth.（最終，她選擇了善良而不是財富。）"
W192,26-28,randomized clinical trial,n.,隨機臨床試驗。,醫學研究中常見的研究設計；常見搭配：conduct a randomized clinical trial。,"randomize：v. 隨機分配
randomized：adj. 隨機分配的",randomize - randomized - randomized,,conduct a randomized clinical trial：進行隨機臨床試驗,clinical study：臨床研究；experiment：實驗；patients：病人,randomized trial：隨機試驗； RCT：隨機對照試驗,,The drug was tested in a randomized clinical trial.（這種藥在隨機臨床試驗中接受測試。）
W193,26-28,efficacy,n.,療效；效力。,常用於藥物、治療、方法；常見搭配：the efficacy of a treatment。,"efficacy：n. 效力
efficacious：adj. 有效的",,,the efficacy of a treatment：治療的療效,therapy：治療；drug：藥物；outcome：結果,effectiveness：效能； potency：效力,inefficacy：無效,Researchers tested the efficacy of the therapy.（研究人員測試了這項療法的效果。）
W194,26-28,outpatient rehabilitation,n.,門診復健。,指不需住院的復健治療；常見搭配：brief outpatient rehabilitation program。,"rehabilitate：v. 復健；使恢復
rehabilitation：n. 復健",rehabilitate - rehabilitated - rehabilitated,,brief outpatient rehabilitation program：短期門診復健計畫,rehab：復健；therapy：治療；clinic：診所,ambulatory rehabilitation：門診復健,inpatient rehabilitation：住院復健,He joined an outpatient rehabilitation program.（他參加了門診復健計畫。）
W195,26-28,cognitive behavioral therapy,n.,認知行為治療。,常縮寫為 CBT；常見搭配：receive cognitive behavioral therapy。,"cognition：n. 認知
cognitive：adj. 認知的
behavior：n. 行為
behavioral：adj. 行為的",,,receive cognitive behavioral therapy：接受認知行為治療,psychology：心理學；counseling：諮商；behavior：行為,CBT：認知行為治療,,Many patients improve with cognitive behavioral therapy.（許多病人透過認知行為治療而改善。）
W196,26-28,substantial,adj.,大量的；可觀的；重要的。,"常形容 evidence, improvement, amount；常見搭配：substantial evidence。","substance：n. 物質；實質
substantial：adj. 可觀的
substantially：adv. 大幅地",,,substantial evidence：大量/充分證據,evidence：證據；amount：數量；improvement：改善,considerable：相當大的； significant：顯著的,slight：輕微的； minor：小的,There is substantial evidence for the treatment.（有大量證據支持這項治療。）
W197,26-28,in the context of,phr.,在……的脈絡下；就……而言。,正式寫作很常見；常見搭配：in the context of medicine。,"context：n. 脈絡；背景
contextual：adj. 脈絡的",,,in the context of medicine：在醫學脈絡中,context：脈絡；setting：情境；framework：架構,within the framework of：在……架構下； in relation to：就……而言,out of context：脫離脈絡地,The issue must be viewed in the context of public health.（這個問題必須放在公共衛生的脈絡下看。）
W198,26-28,physiological,adj.,生理上的。,常對比 psychological；常見搭配：physiological process。,"physiology：n. 生理學
physiological：adj. 生理的
physiologically：adv. 生理上地",,,physiological process：生理過程,body function：身體功能；biology：生物學；organ：器官,bodily：身體的； biological：生理的,psychological：心理的,Stress can cause physiological changes.（壓力可能造成生理變化。）
W199,26-28,it follows that,phr.,因此可推論；由此可知。,正式推理、論證常見；常見搭配：it follows that A causes B。,"follow：v. 跟隨；推得
following：adj. 接下來的",follow - followed - followed,,it follows that A causes B：由此可推知 A 導致 B,logic：邏輯；conclusion：結論；premise：前提,therefore：因此； consequently：由此可知,,"If both sides agree, it follows that a deal is possible.（如果雙方都同意，那就可推論達成協議是可能的。）"
W200,26-28,persistent,adj.,持續的；持久不退的。,"常形容 symptoms, pain, effort；常見搭配：persistent symptoms。","persist：v. 持續
persistence：n. 持續；堅持
persistent：adj. 持續的",persist - persisted - persisted,,persistent symptoms：持續症狀,symptom：症狀；duration：持續時間；illness：疾病,continual：持續的； enduring：持久的,temporary：暫時的； fleeting：短暫的,She has a persistent cough.（她一直有持續的咳嗽。）
W201,26-28,breathlessness,n.,呼吸急促；喘不過氣。,醫學或健康語境常見；常見搭配：suffer from breathlessness。,"breath：n. 呼吸
breathless：adj. 喘不過氣的
breathlessness：n. 呼吸急促",,,suffer from breathlessness：受呼吸急促所苦,respiration：呼吸；oxygen：氧氣；symptom：症狀,shortness of breath：呼吸短促；喘； dyspnea：呼吸困難,ease of breathing：呼吸順暢,He stopped because of breathlessness.（他因為喘不過氣而停下來。）
W202,26-28,consistent with,phr.,與……一致；符合。,正式寫作和醫學報告很常見；常見搭配：consistent with the diagnosis。,"consist：v. 組成；一致
consistency：n. 一致性
consistent：adj. 一致的",consist - consisted - consisted,,consistent with the diagnosis：與診斷相符,report：報告；diagnosis：診斷；evidence：證據,in agreement with：與……一致； in line with：符合,inconsistent with：與……不一致,His symptoms are consistent with the disease.（他的症狀符合這種疾病。）
W203,26-28,cope,v.,應付；處理。,常用 cope with；常見搭配：cope with stress。,"cope：v. 應付
coping：n./adj. 應對；應對中的",cope - coped - coped,coping,cope with stress：應付壓力,stress：壓力；problem：問題；difficulty：困難,manage：應付； deal with：處理,fail：失敗； succumb：屈服,She is learning to cope with stress.（她正在學著應付壓力。）
W204,26-28,distress,n./v.,痛苦；使痛苦。,常見於醫學、心理、社會議題；常見搭配：emotional distress。,"distress：n. 痛苦；困擾
distressed：adj. 苦惱的
distressing：adj. 令人痛苦的",distress - distressed - distressed,distressing,emotional distress：情緒困擾,emotion：情緒；pain：痛苦；mental health：心理健康,anguish：苦惱； suffering：痛苦,comfort：安慰； relief：緩解,The news caused great distress.（這消息造成很大的痛苦。）
W205,26-28,widely recommended,adj./phr.,被廣泛推薦的。,常用於治療、產品、書籍；常見搭配：widely recommended treatment。,"recommend：v. 推薦
recommendation：n. 推薦
recommended：adj. 被推薦的",recommend - recommended - recommended,,widely recommended treatment：被廣泛推薦的治療,recommendation：推薦；treatment：治療；guideline：指引,commonly recommended：普遍被推薦的； highly recommended：強烈推薦的,rarely recommended：很少被推薦的,This treatment is widely recommended by doctors.（這種治療被醫師廣泛推薦。）
W206,26-28,pattern of thinking,n.,思考模式。,常見於心理學、教育；常見搭配：change patterns of thinking。,"think：v. 思考
thought：n. 想法
thinking：n. 思考",think - thought - thought,,change patterns of thinking：改變思考模式,thought process：思考過程；cognition：認知,mindset：思維模式； way of thinking：思考方式,,Therapy can change unhealthy patterns of thinking.（治療能改變不健康的思考模式。）
W207,26-28,immune system functioning,n.,免疫系統功能運作。,常見於醫學、生理研究；常見搭配：improve immune system functioning。,"immune：adj. 免疫的
immunity：n. 免疫
function：v./n. 運作；功能
functioning：n. 運作",function - functioned - functioned,,improve immune system functioning：改善免疫系統功能,immunity：免疫力；immune response：免疫反應；health：健康,immune function：免疫功能,immune dysfunction：免疫功能失調,Sleep affects immune system functioning.（睡眠會影響免疫系統功能。）
W208,26-28,associated with,phr.,與……有關聯。,常見於研究、醫學、統計；常見搭配：be associated with risk。,"associate：v. 聯想；關聯
association：n. 關聯
associated：adj. 相關的",associate - associated - associated,,be associated with risk：與風險相關,research finding：研究發現；risk factor：風險因子；condition：疾病狀態,related to：與……相關； linked to：與……有關,unrelated to：與……無關,Smoking is associated with lung disease.（抽菸和肺病有關。）
W209,26-28,immune parameters,n.,免疫參數；免疫指標。,研究與檢驗中常用；常見搭配：change immune parameters。,"parameter：n. 參數
parametric：adj. 參數的",,,change immune parameters：改變免疫參數,indicator：指標；measurement：測量值；immune marker：免疫標記,immune indicators：免疫指標； immune measures：免疫測量值,,Researchers measured several immune parameters.（研究人員測量了數個免疫指標。）
W210,26-28,outperform,v.,表現優於；勝過。,常用於人、公司、治療、產品；常見搭配：outperform traditional treatment。,"outperform：v. 表現優於
outperformance：n. 表現優於",outperform - outperformed - outperformed,outperforming,outperform traditional treatment：優於傳統治療,performance：表現；comparison：比較；traditional treatment：傳統治療,surpass：勝過； exceed：超越,underperform：表現不如； lag behind：落後,The new method outperformed the old one.（新方法表現優於舊方法。）
W211,29-30,phonological awareness,n. phr.,音韻覺識；對語音結構的覺察能力,常見於閱讀、語言學習、兒童識字研究；常見搭配：assessment of phonological awareness; early phonological awareness。,,,,assessment of phonological awareness：語音覺識評估；early phonological awareness：早期語音覺識,phonetics：語音學；pronunciation：發音；sound pattern：語音模式,sound awareness：語音覺識,,Phonological awareness helps children learn to read.（音韻覺識有助於孩子學習閱讀。）
W212,29-30,robust,adj.,強而有力的；穩固的；可靠的,可形容證據、制度、關係、系統很強；常見搭配：robust relationship; robust evidence; robust system。,"robust：adj. 強健的；穩固的
robustly：adv. 強而有力地",,,robust relationship：穩健關係；robust evidence：強而有力的證據；robust system：穩健系統,evidence：證據；system：系統；relationship：關係,strong：強健的； sturdy：穩固的,weak：虛弱的； fragile：脆弱的,The study found a robust relationship between the two skills.（研究發現這兩種能力之間有穩固的關聯。）
W213,29-30,achievement,n.,成就；達成,常用於學業、工作、人生表現；常見搭配：reading achievement; academic achievement。,"achieve：v. 達成
achievement：n. 成就
achievable：adj. 可達成的",achieve - achieved - achieved,achieving,reading achievement：閱讀成就；academic achievement：學業成就,school：學校；reading：閱讀；performance：表現,accomplishment：成就； success：成功,failure：失敗,Reading achievement improved after practice.（練習後閱讀成就提升了。）
W214,29-30,warrant,v. / n.,使……有必要；證明……合理；保證書,在學術文中常見 warrant the use of...；常見搭配：warrant the use of; warrant attention。,warrant：v./n. 使有必要；保證,warrant - warranted - warranted,warranting,warrant the use of：使……的使用有正當理由；warrant attention：值得注意,reason：理由；evidence：證據；authority：授權,justify：使有必要； call for：需要,not justify：不足以成為理由,The results do not warrant further testing.（這些結果不足以支持進一步測試。）
W215,29-30,administer,v.,施行；實施；執行,可用於施打藥物、施測、管理；常見搭配：administer a test; administer medication。,"administer：v. 施行；執行
administration：n. 管理；施行
administrative：adj. 行政的",administer - administered - administered,administering,administer a test：施測；administer medication：給藥,medicine：藥物；test：測驗；management：管理,manage：管理； carry out：執行,withhold：不給予； neglect：忽視,Teachers administered the reading test.（老師施測了閱讀測驗。）
W216,29-30,interpret,v.,解釋；詮釋；理解,可指解釋數據、語句、行為；常見搭配：interpret results; interpret data。,"interpret：v. 解釋
interpretation：n. 解釋；詮釋
interpretive：adj. 解釋性的",interpret - interpreted - interpreted,interpreting,interpret results：解釋結果；interpret data：解讀資料,data：資料；meaning：意義；behavior：行為,explain：說明； construe：詮釋,misinterpret：誤解,It takes time to interpret the results.（解讀結果需要時間。）
W217,29-30,deficit,n.,缺陷；不足；赤字,可用於能力不足、財政赤字；常見搭配：deficits in awareness; budget deficit。,deficit：n. 缺陷；不足,,,deficits in awareness：覺識不足；budget deficit：預算赤字,shortage：短缺；budget：預算；ability：能力,deficiency：不足； lack：缺乏,surplus：過剩； abundance：充足,Deficits in this skill can affect learning.（這項能力的不足會影響學習。）
W218,29-30,be linked to,phr.,與……有關；與……相連,常用於研究結果，表示相關；常見搭配：be linked to disease; be linked to reading disabilities。,"link：v. 連結
linked：adj. 有關聯的
linkage：n. 連結",link - linked - linked,linking,be linked to disease：與疾病有關；be linked to reading disabilities：與閱讀障礙有關,research：研究；risk：風險；disease：疾病,be associated with：與……有關； relate to：與……相關,be unrelated to：與……無關,Poor sleep is linked to stress.（睡不好和壓力有關。）
W219,29-30,disability,n.,障礙；失能；身心障礙,可指身體、學習、心理方面的障礙；常見搭配：reading disability; learning disability。,"disable：v. 使失去能力
disability：n. 障礙
disabled：adj. 失能的；身心障礙的",disable - disabled - disabled,disabling,reading disability：閱讀障礙；learning disability：學習障礙,limitation：限制；disorder：障礙,impairment：功能障礙； incapacity：無能力,ability：能力,The child was diagnosed with a reading disability.（這孩子被診斷有閱讀障礙。）
W220,29-30,speech-language pathologist,n.,語言治療師；語言病理師,常縮寫為 SLP；常見搭配：speech-language pathologists (SLPs)。,,,,speech-language pathologists (SLPs)：語言治療師/語言病理師,therapist：治療師；communication disorder：溝通障礙；speech therapy：語言治療,speech therapist：語言治療師,,A speech-language pathologist helped the child improve pronunciation.（語言治療師幫助孩子改善發音。）
W221,29-30,remediation,n.,補救；矯正；改善處理,常見於教育或污染整治；常見搭配：remediation of problems; remedial instruction。,"remediate：v. 補救
remediation：n. 補救
remedial：adj. 補救性的",remediate - remediated - remediated,remediating,remediation of problems：問題補救；remedial instruction：補救教學,instruction：教學；problem：問題；intervention：介入,correction：改正； remedy：補救,deterioration：惡化,The school offered remediation for reading problems.（學校提供閱讀問題的補救教學。）
W222,29-30,phonetics,n.,語音學,語言學專業名詞；常見搭配：knowledge of phonetics。,"phonetic：adj. 語音的
phonetically：adv. 以語音方式地",,,knowledge of phonetics：語音學知識,pronunciation：發音；speech sound：語音；linguistics：語言學,speech science：語音科學,,She studied phonetics in college.（她在大學學過語音學。）
W223,29-30,critical,adj.,關鍵的；重要的；批判的,critical 在學術文常指「關鍵的」；常見搭配：critical insight; critical factor。,"criticize：v. 批評
critical：adj. 關鍵的；批判的
critically：adv. 關鍵地；批判地",criticize - criticized - criticized,criticizing,critical insight：關鍵洞見；critical factor：關鍵因素,factor：因素；point：時間點；comment：評論,crucial：關鍵的； vital：極重要的,minor：次要的； trivial：不重要的,Teacher support is critical for young learners.（老師的支持對年幼學習者很關鍵。）
W224,29-30,indicator,n.,指標；顯示物,常用於研究、經濟、醫療；常見搭配：robust indicator; economic indicator。,"indicate：v. 顯示；指出
indication：n. 跡象；顯示
indicator：n. 指標",indicate - indicated - indicated,indicating,robust indicator：可靠指標；economic indicator：經濟指標,signal：信號；measure：指標；evidence：證據,sign：徵兆； marker：指標,,Attendance is an important indicator of engagement.（出席率是參與度的重要指標。）
W225,29-30,longitudinal,adj.,長期追蹤的；縱向的,常見於 longitudinal study / data set；常見搭配：longitudinal study; longitudinal data set。,longitudinal：adj. 長期追蹤的,,,longitudinal study：縱貫研究；longitudinal data set：縱貫資料集,time：時間；study：研究；development：發展,long-term：長期的； follow-up：追蹤式的,cross-sectional：橫斷面的,The researchers used longitudinal data.（研究人員使用了長期追蹤資料。）
W226,29-30,vocabulary,n.,字彙；詞彙量,可指一個人的單字量或某領域用語；常見搭配：vocabulary measure; build vocabulary。,vocabulary：n. 字彙,,,vocabulary measure：詞彙量測工具；build vocabulary：建立詞彙量,word：單字；language：語言；lexical knowledge：詞彙知識,lexicon：詞彙； word stock：字彙量,,Reading helps build vocabulary.（閱讀有助於增加字彙量。）
W227,31-35,etymology,n.,字源；詞源學,常用來討論單字來源；常見搭配：the etymology of a word。,"etymology：n. 字源
etymological：adj. 詞源的",,,the etymology of a word：單字的詞源,origin：起源；word history：詞語歷史；linguistics：語言學,word origin：詞源； derivation：語源,,The etymology of this word is unclear.（這個字的詞源不清楚。）
W228,31-35,contest,v. / n.,質疑；爭辯；比賽,題文中 contested 是「有爭議的」；常見搭配：a contested issue; contest a claim。,"contest：v./n. 爭辯；比賽
contested：adj. 有爭議的",contest - contested - contested,contesting,a contested issue：有爭議的議題；contest a claim：質疑主張,debate：辯論；claim：主張；court case：訴訟案件,competition：競賽； match：比賽,cooperation：合作,The ownership of the land was contested.（那塊土地的所有權有爭議。）
W229,31-35,identify,v.,辨認；確認；找出,常見於 identify a problem / identify origins；常見搭配：identify origins; identify a problem。,"identify：v. 辨認；確認
identification：n. 身分證明；辨認
identifiable：adj. 可辨認的",identify - identified - identified,identifying,identify origins：辨識起源；identify a problem：找出問題,problem：問題；origin：來源；person：人物,recognize：認出； determine：確認,misidentify：認錯； overlook：忽略,Researchers identified several possible causes.（研究人員找出了幾個可能原因。）
W230,31-35,contemporary,adj.,當代的；現代的,常用於 contemporary society / culture；常見搭配：contemporary culture; contemporary discourse。,"contemporary：adj./n. 當代的；同時代的人
contemporarily：adv. 當代地",,,contemporary culture：當代文化；contemporary discourse：當代論述,society：社會；culture：文化；period：時期,modern：現代的； current：當代的,ancient：古代的； outdated：過時的,The book discusses contemporary issues.（這本書討論當代議題。）
W231,31-35,codify,v.,把……系統化；編成規則,常用於法律、文化規範、制度；常見搭配：codify norms; codify rules。,"codify：v. 編碼；系統化
codification：n. 編碼；法典化",codify - codified - codified,codifying,codify norms：將規範成文化；codify rules：將規則編成條文,law：法律；rule：規則；system：制度,systematize：系統化； formalize：正式化,disorganize：使混亂,The group helped codify new rules.（這個團體幫忙把新規則系統化。）
W232,31-35,disseminate,v.,散播；傳播,多用於資訊、觀念、研究成果；常見搭配：disseminate information; disseminate ideas。,"disseminate：v. 傳播
dissemination：n. 傳播",disseminate - disseminated - disseminated,disseminating,disseminate information：傳播資訊；disseminate ideas：散播觀念,information：資訊；research：研究；audience：受眾,spread：傳播； circulate：散布,suppress：壓制； withhold：不เผย露,Social media can disseminate information quickly.（社群媒體可以很快傳播資訊。）
W233,31-35,pejorative,adj. / n.,貶義的；帶有貶低意味的詞,常用於 pejorative term / designation；常見搭配：pejorative term; pejorative designation。,pejorative：adj./n. 貶義的；貶稱,,,pejorative term：貶義詞；pejorative designation：貶義稱呼,term：詞語；insult：侮辱；label：標籤,derogatory：貶抑的； disparaging：輕蔑的,complimentary：褒義的； flattering：稱讚的,That label is often used in a pejorative sense.（那個標籤常被當作貶義使用。）
W234,31-35,designation,n.,稱呼；指定；命名,常用於正式名稱或標示；常見搭配：a pejorative designation; designated area。,"designate：v. 指定；稱作
designated：adj. 指定的
designation：n. 指定；稱呼",designate - designated - designated,designating,a pejorative designation：帶貶義的稱呼；designated area：指定區域,name：名稱；official status：正式身分；category：類別,title：名稱； label：稱呼,,The term became a common designation online.（這個詞在網路上成了常見稱呼。）
W235,31-35,perceive,v.,感知；認為；看待,常見於 be perceived as...；常見搭配：be perceived as; public perception。,"perceive：v. 感知；看待
perception：n. 看法；知覺
perceptive：adj. 有洞察力的",perceive - perceived - perceived,perceiving,be perceived as：被視為……；public perception：公眾看法,perception：感知；image：形象；attitude：態度,discern：辨識； recognize：察覺,overlook：忽略； miss：未注意到,He is perceived as a strong leader.（他被視為強勢領導者。）
W236,31-35,entitled,adj.,自以為應得的；覺得自己有特權的,題文中指一種負面的態度；常見搭配：entitled behavior; sense of entitlement。,"entitle：v. 給予權利；命名
entitlement：n. 權利；自以為應得
entitled：adj. 有資格的；自以為應得的",entitle - entitled - entitled,entitling,entitled behavior：自以為有特權的行為；sense of entitlement：特權感/理所當然感,attitude：態度；right：權利；title：名稱,qualified：有資格的； called：名為,unqualified：沒有資格的,Her entitled behavior upset the staff.（她那種自以為應得的行為讓員工很不高興。）
W237,31-35,signifier,n.,標誌；象徵；能傳遞意義的符號,常見於文化研究、語言學；常見搭配：visual signifier; cultural signifier。,"signify：v. 表示；象徵
significant：adj. 重要的；顯著的
significance：n. 重要性；意義
signifier：n. 符號；標誌",signify - signified - signified,signifying,visual signifier：視覺符號；cultural signifier：文化符號,meaning：意義；symbol system：符號系統；culture：文化,symbol：象徵； sign：符號,signified：所指,The hairstyle became a visual signifier.（那個髮型成了一種視覺標誌。）
W238,31-35,distinctive,adj.,有特色的；與眾不同的,常形容外觀、風格、聲音；常見搭配：distinctive style; distinctive haircut。,"distinct：adj. 明顯不同的
distinctive：adj. 有特色的
distinctly：adv. 清楚地
distinction：n. 區別",,,distinctive style：獨特風格；distinctive haircut：獨特髮型,style：風格；feature：特徵；appearance：外觀,unique：獨特的； characteristic：有特色的,ordinary：普通的； indistinct：不明顯的,She has a distinctive voice.（她有很有特色的嗓音。）
W239,31-35,widespread,adj.,廣泛的；普遍的,常用於問題、影響、流行現象；常見搭配：widespread memes; widespread use。,widespread：adj. 廣泛的,,,widespread memes：廣泛流傳的迷因；widespread use：廣泛使用,use：使用；problem：問題；influence：影響,prevalent：普遍的； extensive：廣泛的,limited：有限的； rare：罕見的,The meme gained widespread attention.（這個迷因得到廣泛注意。）
W240,31-35,derogatory,adj.,貶低的；侮辱性的,常見於 derogatory term / remark；常見搭配：derogatory image; derogatory term。,"derogate：v. 貶損
derogatory：adj. 貶低的",derogate - derogated - derogated,derogating,derogatory image：貶抑形象；derogatory term：貶義詞,term：詞語；remark：言論；attitude：態度,pejorative：貶義的； disparaging：輕蔑的,respectful：尊重的； complimentary：讚美的,The comment was widely seen as derogatory.（那則評論普遍被認為帶有貶義。）
W241,31-35,sociocultural,adj.,社會文化的,常用於 sociocultural phenomenon / context；常見搭配：sociocultural phenomenon; sociocultural context。,sociocultural：adj. 社會文化的,,,sociocultural phenomenon：社會文化現象；sociocultural context：社會文化脈絡,social：社會的；cultural：文化的；societal：社會性的,social and cultural：社會與文化的,,The issue became a sociocultural phenomenon.（這個議題變成一種社會文化現象。）
W242,31-35,scholarly,adj.,學術的；學者式的,常見於 scholarly article / examination；常見搭配：scholarly examination; scholarly work。,"scholar：n. 學者
scholarly：adj. 學術的
scholarship：n. 學問；獎學金",,,scholarly examination：學術性檢視；scholarly work：學術作品,research：研究；article：文章；academy：學術界,academic：學術的； learned：有學問的,unacademic：不學術的,The topic deserves scholarly attention.（這個主題值得學術關注。）
W243,31-35,concurrent with,phr.,與……同時發生,正式寫作常用；常見搭配：concurrent with the pandemic。,"concur：v. 同時發生；同意
concurrent：adj. 同時發生的
concurrently：adv. 同時地",concur - concurred - concurred,concurring,concurrent with the pandemic：與疫情同時發生,time：時間；event：事件；pandemic：疫情,simultaneous with：與……同時； coincident with：同時發生,prior to：先於； subsequent to：晚於,The trend grew concurrent with the pandemic.（這個趨勢與疫情同時擴大。）
W244,31-35,portray,v.,描繪；扮演；呈現,可指演員飾演角色，也可指文字描寫；常見搭配：portray a character; portray as。,"portray：v. 描繪；扮演
portrayal：n. 描繪；刻畫",portray - portrayed - portrayed,portraying,portray a character：飾演/描寫角色；portray as：描繪成……,character：角色；image：形象；description：描寫,depict：描繪； represent：呈現,misrepresent：歪曲,The actor portrayed a troubled father.（那位演員飾演一名苦惱的父親。）
W245,31-35,traction,n.,牽引力；關注度；進展,在網路語境常指受到注意、開始流行；常見搭配：gain traction; gain significant traction。,traction：n. 牽引力；進展,,,gain traction：開始受到關注/流行；gain significant traction：明顯受到關注,attention：注意；trend：趨勢；online discussion：網路討論,momentum：勢頭； acceptance：採納程度,stagnation：停滯； neglect：忽視,The idea gained traction online.（這個想法在網路上開始受到注意。）
W246,31-35,subreddit,n.,Reddit 裡的子版；分論壇,網路平台用語；常見搭配：specialized subreddit; create a subreddit。,,,,specialized subreddit：專門主題的 subreddit；create a subreddit：建立 subreddit 討論版,forum：論壇；online community：線上社群；discussion board：討論版,online forum：線上論壇； community board：社群版,,Users discussed the topic in a subreddit.（使用者在一個 Reddit 子版討論這個話題。）
W247,31-35,archetype,n.,原型；典型人物／形象,常見於文學、文化、心理學；常見搭配：behavior archetype; archetypal figure。,"archetype：n. 原型
archetypal：adj. 原型的；典型的",,,behavior archetype：行為原型；archetypal figure：原型人物,pattern：模式；literature：文學；psychology：心理學,prototype：原型； model：典型,anomaly：異例,The character became an archetype in pop culture.（這個角色成了流行文化中的典型形象。）
W248,31-35,proclivity,n.,傾向；癖好,較正式，常接 for 或 toward；常見搭配：proclivity for complaint; proclivity toward risk。,proclivity：n. 傾向,,,proclivity for complaint：抱怨的傾向；proclivity toward risk：冒險傾向,habit：習慣；personality：個性；risk：風險,tendency：傾向； inclination：偏向,aversion：厭惡； reluctance：不情願,He has a proclivity for exaggeration.（他有誇大的傾向。）
W249,31-35,manifest,v. / adj.,顯現；表露；明顯的,manifest itself in... 很常見；常見搭配：manifest itself in; manifest prejudice。,"manifest：v./adj. 顯現；明顯的
manifestation：n. 顯現；表現",manifest - manifested - manifested,manifesting,manifest itself in：表現在……；manifest prejudice：表現出偏見,appearance：出現；evidence：證據；symptom：症狀,reveal：顯現； apparent：明顯的,conceal：隱藏； obscure：使模糊,Stress can manifest itself in physical symptoms.（壓力可能表現在身體症狀上。）
W250,31-35,anti-vaccination,adj. / n.,反疫苗的；反疫苗立場,常見於 anti-vaccination sentiment / movement；常見搭配：anti-vaccination sentiments; anti-vaccination movement。,"vaccinate：v. 接種疫苗
vaccination：n. 疫苗接種
vaccinated：adj. 已接種的",vaccinate - vaccinated - vaccinated,vaccinating,anti-vaccination sentiments：反疫苗情緒；anti-vaccination movement：反疫苗運動,vaccine：疫苗；immunization：免疫接種；public health：公共衛生,anti-vax：反疫苗的,pro-vaccination：支持疫苗接種的,Anti-vaccination views spread online.（反疫苗觀點在網路上傳播。）
W251,31-35,prejudice,n. / v.,偏見；使有偏見,常見於 racial prejudice；常見搭配：racial prejudice; gender prejudice。,"prejudice：n./v. 偏見；使有偏見
prejudiced：adj. 有偏見的",prejudice - prejudiced - prejudiced,prejudicing,racial prejudice：種族偏見；gender prejudice：性別偏見,attitude：態度；stereotype：刻板印象；race：種族,bias：偏見； preconception：成見,fairness：公平； impartiality：公正,The article discusses racial prejudice.（這篇文章討論種族偏見。）
W252,31-35,exemplify,v.,體現；作為……的例子,書面常用；常見搭配：exemplify the intersection of。,"exemplify：v. 體現
exemplification：n. 例證",exemplify - exemplified - exemplified,exemplifying,exemplify the intersection of：體現……的交會,example：例子；case：案例；model：範例,illustrate：說明； demonstrate：體現,contradict：與……相反,Her actions exemplify leadership.（她的行動體現了領導力。）
W253,31-35,intersection,n.,交會點；交集,可指道路交叉口，也可指議題交會；常見搭配：intersection of race and class。,"intersect：v. 相交
intersection：n. 交會點",intersect - intersected - intersected,intersecting,intersection of race and class：種族與階級的交會,road：道路；issue：議題；social category：社會類別,crossing：交叉點； overlap：交集,separation：分離,The paper studies the intersection of race and gender.（這篇論文研究種族與性別的交會。）
W254,31-35,privilege,n. / v.,特權；給予特權,常見於 social privilege；常見搭配：white privilege; social privilege。,"privilege：n./v. 特權；給予特權
privileged：adj. 有特權的",privilege - privileged - privileged,privileging,white privilege：白人特權；social privilege：社會特權,status：地位；right：權利；access：取得機會,advantage：優勢； special right：特權,disadvantage：不利； deprivation：剝奪,The discussion focused on social privilege.（討論聚焦於社會特權。）
W255,31-35,problematic,adj.,有問題的；成疑的,學術與評論文常見；常見搭配：problematic term; problematic element。,"problem：n. 問題
problematic：adj. 有問題的
problematically：adv. 有問題地",,,problematic term：有問題的用語；problematic element：有問題的元素,issue：問題；term：詞語；criticism：批評,troublesome：有問題的； difficult：棘手的,unproblematic：沒問題的,Some scholars find the term problematic.（有些學者認為這個詞有問題。）
W256,31-35,ethics,n.,倫理；道德原則,常見於 business ethics / research ethics；常見搭配：the ethics of characterization; research ethics。,"ethical：adj. 倫理的
ethically：adv. 合乎倫理地",,,the ethics of characterization：人物刻畫的倫理；research ethics：研究倫理,values：價值觀；principles：原則,morality：道德； moral principles：倫理原則,immorality：不道德,They debated the ethics of the campaign.（他們辯論這場宣傳的倫理問題。）
W257,31-35,objective,n. / adj.,目標；客觀的,題文中是 social justice objectives；常見搭配：policy objective; objective analysis。,"object：v./n. 反對；物體
objective：n./adj. 目標；客觀的
objectively：adv. 客觀地",object - objected - objected,objecting,policy objective：政策目標；objective analysis：客觀分析,purpose：目的；policy：政策；analysis：分析,unbiased：客觀的； goal：目標,subjective：主觀的,The program has clear objectives.（這個計畫有明確目標。）
W258,36-40,survivorship,n.,存活後階段；癌後生存照護相關概念,醫療文章常見 survivorship care / survivorship services；常見搭配：survivorship services; survivorship care。,"survive：v. 存活
survival：n. 存活
survivor：n. 倖存者
survivorship：n. 存活後階段",survive - survived - survived,surviving,survivorship services：癌後/存活者照護服務；survivorship care：存活者照護,survivor：倖存者；recovery：康復,survival：存活,mortality：死亡率,The clinic offers survivorship services for cancer patients.（這家診所為癌症病人提供存活後照護服務。）
W259,36-40,accredited,adj.,經認證的；合格認可的,常見於 accredited program / school；常見搭配：accredited programs; accreditation requirements。,"accredit：v. 認證
accreditation：n. 認證
accredited：adj. 經認證的",accredit - accredited - accredited,accrediting,accredited programs：認證課程/方案；accreditation requirements：認證要求,approved：核可的；licensed：取得許可的,certified：認證的； authorized：認可的,unaccredited：未認證的,The hospital is an accredited center.（這家醫院是經認證的中心。）
W260,36-40,benchmark,n. / v.,基準；基準點；以……作為比較標準,常見於 national benchmark；常見搭配：national benchmark; benchmark performance。,benchmark：n./v. 基準；作為比較標準,benchmark - benchmarked - benchmarked,benchmarking,national benchmark：全國基準；benchmark performance：以基準衡量表現,criterion：準則；reference point：參考基準,standard：標準； yardstick：衡量標準,,The report provides a national benchmark.（這份報告提供了全國基準。）
W261,36-40,track,v. / n.,追蹤；軌道,常見於 track progress；常見搭配：track progress; tracking outcomes。,"track：v./n. 追蹤；軌道
tracking：n. 追蹤",track - tracked - tracked,tracking,track progress：追蹤進度；tracking outcomes：追蹤結果,path：路線,monitor：追蹤； follow：跟蹤,lose track of：失去掌握,We need to track patient outcomes.（我們需要追蹤病人的結果。）
W262,36-40,underdeveloped,adj.,發展不足的；不成熟的,可指地區、制度、服務不夠完善；常見搭配：remain underdeveloped。,"develop：v. 發展
development：n. 發展
developed：adj. 已發展的
underdeveloped：adj. 發展不足的",develop - developed - developed,developing,remain underdeveloped：仍發展不足,developing：發展中的；poor：落後的,undeveloped：未充分發展的； immature：未成熟的,developed：發達的； advanced：先進的,The service is still underdeveloped in rural areas.（這項服務在鄉村地區仍發展不足。）
W263,36-40,recurrent,adj.,反覆發生的；復發的,醫療常見於 recurrent cancer；常見搭配：recurrent cancers; recurrent problem。,"recur：v. 再發生；復發
recurrence：n. 再發；復發
recurrent：adj. 反覆發生的",recur - recurred - recurred,recurring,recurrent cancers：復發性癌症；recurrent problem：反覆出現的問題,frequent：頻繁的,recurring：反覆的； repeated：一再的,one-time：一次性的,Doctors monitored the patient for recurrent cancer.（醫師監測病人是否有癌症復發。）
W264,36-40,fertility,n.,生育能力；繁殖力,常見於 fertility counseling / fertility services；常見搭配：fertility support; fertility counseling。,"fertile：adj. 肥沃的；有生育力的
fertility：n. 生育能力；肥沃
fertilize：v. 施肥；使受精",fertilize - fertilized - fertilized,fertilizing,fertility support：生育支持；fertility counseling：生育諮詢,reproduction：生殖；pregnancy：懷孕；soil：土壤,fecundity：生育力,infertility：不孕； barren：貧瘠的,The clinic offers fertility counseling.（這家診所提供生育諮詢。）
W265,36-40,reimbursement,n.,償還；補助給付；報銷,常見於 insurance reimbursement；常見搭配：insurance reimbursement; lack of reimbursement。,"reimburse：v. 償還；報銷
reimbursement：n. 報銷；補助給付",reimburse - reimbursed - reimbursed,reimbursing,insurance reimbursement：保險給付/補償；lack of reimbursement：缺乏給付,compensation：補償,repayment：償還； refund：退還,charge：收費,The program lacked insurance reimbursement.（這項計畫缺乏保險給付。）
W266,36-40,underrepresentation,n.,代表性不足；比例過低,常見於 underrepresentation of certain groups/services；常見搭配：underrepresentation of services。,"represent：v. 代表
representation：n. 代表性
underrepresentation：n. 代表性不足",represent - represented - represented,representing,underrepresentation of services：服務代表性不足/服務不足,inequality：不平等；imbalance：失衡；minority：少數,insufficient representation：代表不足,overrepresentation：代表過多,The report noted the underrepresentation of fertility services.（報告指出生育服務代表性不足。）
W267,36-40,practitioner,n.,從業人員；執業者,可指醫療、法律等專業人員；常見搭配：medical practitioner; practitioners and survivors。,"practice：v./n. 練習；執業
practitioner：n. 執業者",practice - practiced - practiced,practicing,medical practitioner：醫療執業人員；practitioners and survivors：執業人員與存活者,specialist：專家,professional：從業者； clinician：臨床人員,amateur：業餘者,The summary is intended for practitioners.（這份摘要是給專業從業人員看的。）
W268,36-40,integrate,v.,整合；使成一體,常見於 integrate A within B；常見搭配：integrate care within treatment team。,"integrate：v. 整合
integration：n. 整合
integrated：adj. 整合的",integrate - integrated - integrated,integrating,integrate care within treatment team：將照護整合進治療團隊,unify：統一,combine：整合； incorporate：納入,separate：分開,Most hospitals integrate care into existing teams.（大多數醫院把照護整合到現有團隊中。）
W269,36-40,contrast with,phr.,與……形成對比,正式寫作常用；常見搭配：contrast with pediatric oncology。,"contrast：v./n. 對比
contrasting：adj. 對比鮮明的",contrast - contrasted - contrasted,contrasting,contrast with pediatric oncology：與小兒腫瘤學形成對比,compare：比較；oppose：對照,differ from：與……形成對比； be opposed to：與……相對,resemble：相似於,Adult care models contrast with pediatric ones.（成人照護模式和兒童模式形成對比。）
W270,36-40,comprehensive,adj.,全面的；綜合的,常見於 comprehensive center / review；常見搭配：comprehensive cancer center; comprehensive review。,"comprehend：v. 理解
comprehensive：adj. 全面的
comprehensively：adv. 全面地",comprehend - comprehended - comprehended,comprehending,comprehensive cancer center：綜合癌症中心；comprehensive review：全面性回顧,broad：廣泛的,thorough：全面的； complete：完整的,limited：有限的； incomplete：不完整的,The hospital offers comprehensive cancer care.（這家醫院提供全面的癌症照護。）
W271,36-40,prevalence,n.,盛行率；普遍程度,醫學與公衛常見；常見搭配：high prevalence; disease prevalence。,"prevail：v. 盛行；占優勢
prevalent：adj. 盛行的
prevalence：n. 盛行率",prevail - prevailed - prevailed,prevailing,high prevalence：高盛行率；disease prevalence：疾病盛行率,frequency：頻率；rate：比率,commonness：普遍性； incidence：發生情況,rarity：罕見,The prevalence of the disease is increasing.（這個疾病的盛行率正在上升。）
W272,36-40,institutional,adj.,機構的；制度上的,常見於 institutional support；常見搭配：institutional support; institutional investment。,"institution：n. 機構；制度
institutional：adj. 機構的；制度上的
institutionalize：v. 制度化",institutionalize - institutionalized - institutionalized,institutionalizing,institutional support：機構支持；institutional investment：機構投資,organization：機構；formal：正式的,organizational：機構的； systemic：制度性的,individual：個人的,Institutional support remains limited.（機構層面的支持仍然有限。）
W273,36-40,philanthropy,n.,慈善；慈善捐助,常用於資金來源；常見搭配：lack philanthropy; philanthropic support。,"philanthropic：adj. 慈善的
philanthropist：n. 慈善家",,,lack philanthropy：缺乏慈善資助；philanthropic support：慈善支持,donation：捐助；generosity：慷慨,charity：慈善； benevolence：仁慈,selfishness：自私,The clinic relied on philanthropy for support.（這家診所仰賴慈善捐助支持。）
W274,36-40,informatics,n.,資訊學；資訊處理系統學,常見於醫療資訊；常見搭配：informatics infrastructure; health informatics。,"informatic：adj. 資訊的
informatics：n. 資訊學",,,informatics infrastructure：資訊學基礎建設；health informatics：健康資訊學,data：資料；information technology：資訊科技；analytics：分析,information science：資訊科學,,The hospital needs better informatics infrastructure.（醫院需要更好的資訊基礎設施。）
W275,36-40,visibility,n.,可見度；受重視程度,可指視覺可見，也可指議題被看見的程度；常見搭配：internal visibility; public visibility。,"visible：adj. 看得見的
visibility：n. 可見度
visibly：adv. 明顯地",,,internal visibility：內部能見度；public visibility：公共能見度,awareness：能見度；recognition：辨識度,exposure：曝光度； prominence：顯眼,invisibility：不可見； obscurity：默默無聞,The project needs greater internal visibility.（這個計畫需要更高的內部可見度。）
W276,36-40,sustainable,adj.,可持續的；能長久維持的,常用於 funding / growth / model；常見搭配：sustainable funding; sustainable model。,"sustain：v. 維持；支撐
sustainable：adj. 可持續的
sustainability：n. 永續性",sustain - sustained - sustained,sustaining,sustainable funding：可持續資金；sustainable model：可持續模式,eco-friendly：環保的；long-term：長期的,maintainable：可持續的； viable：可持續存在的,unsustainable：不可持續的,The program needs sustainable funding.（這個計畫需要可持續的資金。）
W277,36-40,initiative,n.,倡議；措施；主動性,常見於 evaluate the impact of initiatives；常見搭配：public health initiative; institutional initiatives。,"initiate：v. 發起；開始
initiative：n. 倡議；主動性
initial：adj. 最初的",initiate - initiated - initiated,initiating,public health initiative：公共衛生倡議/方案；institutional initiatives：機構倡議/措施,plan：計畫；program：方案；motivation：主動精神,effort：倡議； enterprise：主動性,passivity：被動,The hospital launched a new initiative.（醫院推出了一項新措施。）
W278,36-40,recognize,v.,認知到；承認；辨認,常見於 recognize the benefits of...；常見搭配：recognize the benefits; gain recognition。,"recognize：v. 認知到；辨認
recognition：n. 認可；辨認
recognizable：adj. 可辨認的",recognize - recognized - recognized,recognizing,recognize the benefits：認識到好處；gain recognition：獲得認可,notice：注意到,identify：辨認； acknowledge：承認,ignore：忽視； deny：否認,Many doctors recognize the value of the service.（許多醫師認知到這項服務的價值。）
W279,36-40,barrier,n.,障礙；阻礙,常用於 barriers to access/participation；常見搭配：primary barrier; barriers to care。,barrier：n. 障礙,,,primary barrier：主要障礙；barriers to care：照護障礙,difficulty：困難,obstacle：障礙； hindrance：阻礙,facilitator：促進因素；enabler：促成因素,Cost is a major barrier to care.（費用是接受照護的一大障礙。）
W280,36-40,referral,n.,轉介；介紹轉診,醫療常見於 referral rates / referral protocols；常見搭配：referral rates; referral protocols。,"refer：v. 提到；轉介
referral：n. 轉介",refer - referred - referred,referring,referral rates：轉介率；referral protocols：轉介流程/規範,transfer：轉交；consultation：諮詢,recommendation：推薦； referral note：轉介單,,Low referral rates limit access to services.（低轉介率限制了服務的取得。）
W281,36-40,enhancement,n.,提升；強化,常見於 enhancements to a system；常見搭配：enhancements to electronic systems。,"enhance：v. 提升；強化
enhancement：n. 提升",enhance - enhanced - enhanced,enhancing,enhancements to electronic systems：電子系統的改進,upgrade：提升,improvement：提升； boost：增強,reduction：減少； decline：下降,The update brought major system enhancements.（這次更新帶來重大系統提升。）
W282,36-40,electronic health record,n. phr.,電子健康紀錄；電子病歷,常縮寫為 EHR；常見搭配：electronic health record systems; EHR。,"record：v./n. 記錄；紀錄
recorded：adj. 已記錄的",record - recorded - recorded,recording,electronic health record systems：電子病歷系統；EHR：電子病歷,medical record：病歷；healthcare system：醫療系統；patient data：病人資料,EHR：電子健康紀錄,paper record：紙本病歷,The hospital updated its electronic health record system.（醫院更新了電子病歷系統。）
W283,36-40,protocol,n.,流程規範；作業程序,常見於 referral protocols / safety protocols；常見搭配：clear referral protocols; safety protocol。,protocol：n. 規範；程序,,,clear referral protocols：明確轉介流程；safety protocol：安全規範,rule：規則,procedure：程序； guideline：規範,,The clinic introduced clearer referral protocols.（這家診所推出了更清楚的轉介流程。）
W284,36-40,qualitative,adj.,質性的；質化的,常見於 qualitative studies / methods；常見搭配：qualitative study; qualitative methodology。,"quality：n. 品質；特性
qualitative：adj. 質性的
qualitatively：adv. 在質性上",,,qualitative study：質性研究；qualitative methodology：質性方法,non-numerical：非數值的；interview：訪談,descriptive：質性的,quantitative：量化的,The paper uses qualitative methods.（這篇論文使用質性方法。）
W285,36-40,quantitative,adj.,量化的；數量上的,常見於 quantitative data / study；常見搭配：quantitative insights; quantitative methodology。,"quantity：n. 數量
quantitative：adj. 量化的
quantitatively：adv. 在量化上",,,quantitative insights：量化洞見；quantitative methodology：量化方法,measurement：測量,numerical：數量的； statistical：統計的,qualitative：質性的,The survey provides quantitative insights.（這項調查提供量化洞見。）
W286,41-45,zero-sum thinking,phr.,零和思維；認為一方得到，就代表另一方一定失去的想法。,常用來描述競爭、政治、國際關係中的「你贏我就輸」觀念；常見搭配：zero-sum thinking / zero-sum game。,,,,zero-sum thinking：零和思維；zero-sum game：零和賽局/你輸我贏的局面,competition：競爭；scarcity mindset：匱乏思維；win-lose：你輸我贏,win-lose thinking：零和思維,win-win thinking：雙贏思維,Zero-sum thinking makes cooperation difficult.（零和思維會讓合作變困難。）
W287,41-45,finite,adj.,有限的。,常用來形容資源、時間、機會不是無限的；常見搭配：finite resources / finite amount。,finitude：n. 有限性,,,finite resources：有限資源；finite amount：有限數量,fixed：固定的,limited：有限的； bounded：有限制的,infinite：無限的,We have finite resources.（我們的資源是有限的。）
W288,41-45,merit,v./n.,v. 值得；應得。n. 優點；價值。,merit + n. 表示「值得……」；也可當名詞表示優點；常見搭配：merit attention / have merit。,merit：v./n. 值得；優點 / meritorious：adj. 值得稱讚的,merit - merited - merited,meriting,merit attention：值得注意；have merit：有價值/有道理,value：價值；excellence：優秀,worth：價值； virtue：優點,fault：缺點； demerit：過失,This idea merits careful study.（這個想法值得仔細研究。）
W289,41-45,evolutionary,adj.,演化的；進化上的。,常用於 biology、psychology、history；常見搭配：evolutionary roots / evolutionary process。,evolve：v. 演化 / evolution：n. 演化 / evolutionary：adj. 演化的,,,evolutionary roots：演化根源；evolutionary process：演化過程,adaptation：適應；biological：生物的；natural selection：自然選擇,adaptive：演化相關的； developmental：發展的,,The habit may have evolutionary roots.（這個習慣可能有演化上的根源。）
W290,41-45,primitive,adj.,原始的；早期的。,常形容社會、工具、生活型態很早期；常見搭配：primitive society / primitive tools。,primitive：adj. 原始的 / primitively：adv. 原始地,,,primitive society：原始社會；primitive tools：原始工具,early：早期的；ancient：原始的,basic：原始的； rudimentary：初步的,advanced：先進的； modern：現代的,People once lived in primitive conditions.（人們曾生活在原始的環境中。）
W291,41-45,scarce,adj.,稀少的；不足的。,常用於資源、食物、時間；常見搭配：scarce resources / scarce supply。,scarcity：n. 缺乏；稀少 / scarce：adj. 稀少的,,,scarce resources：稀缺資源；scarce supply：供應稀少,insufficient：不足的,rare：稀少的； limited：有限的,abundant：充足的； plentiful：大量的,Water is scarce in the desert.（沙漠裡的水很稀少。）
W292,41-45,seminal,adj.,有重大影響的；開創性的。,常形容研究、作品、理論很有影響力；常見搭配：seminal work / seminal research。,seminal：adj. 開創性的,,,seminal work：開創性作品；seminal research：開創性研究,foundational：基礎性的,groundbreaking：開創性的； influential：有重大影響的,insignificant：不重要的,It is a seminal study in the field.（那是該領域的開創性研究。）
W293,41-45,worldview,n.,世界觀。,指一個人或群體看待世界的方式；常見搭配：political worldview / worldview of life。,worldview：n. 世界觀,,,political worldview：政治世界觀；worldview of life：人生世界觀,belief system：信念系統,outlook：世界觀； perspective：觀點,,Culture shapes our worldview.（文化會形塑我們的世界觀。）
W294,41-45,scarcity,n.,缺乏；稀少。,常與 of 連用；常見搭配：scarcity of food / resource scarcity。,scarcity：n. 缺乏 / scarce：adj. 稀少的,,,scarcity of food：食物短缺；resource scarcity：資源稀缺,insufficiency：不足,shortage：短缺； lack：缺乏,abundance：充足,The scarcity of food caused panic.（食物短缺造成恐慌。）
W295,41-45,catalyst,n.,催化劑；促成因素。,可指化學催化劑，也可比喻引發改變的因素；常見搭配：a catalyst for change。,catalyst：n. 催化劑 / catalytic：adj. 催化的,,,a catalyst for change：改變的催化因素,stimulus：刺激；accelerator：加速因素,trigger：促成因素； stimulant：刺激因素,deterrent：阻礙因素,The crisis became a catalyst for reform.（這場危機成了改革的催化因素。）
W296,41-45,irrational,adj.,不理性的；不合邏輯的。,常形容情緒、恐懼、想法；常見搭配：irrational fear / irrational decision。,reason：v./n. 推理；理由 / rational：adj. 理性的 / irrational：adj. 不理性的 / irrationally：adv. 不理性地,,,irrational fear：非理性恐懼；irrational decision：非理性決定,emotional：感情用事的,unreasonable：不理性的； illogical：不合邏輯的,rational：理性的； logical：合邏輯的,His fear was irrational.（他的恐懼是不理性的。）
W297,41-45,discrepancy,n.,差異；不一致。,常指資料、說法、結果之間不一致；常見搭配：a discrepancy between A and B。,discrepancy：n. 差異,,,a discrepancy between A and B：A 與 B 之間的差異/不一致,difference：差異,inconsistency：不一致； gap：差距,agreement：一致； consistency：一致性,There is a discrepancy between the two reports.（兩份報告之間有差異。）
W298,41-45,bias,n./v.,n. 偏見；偏向。v. 使有偏見。,常見於心理學、媒體、研究；常見搭配：racial bias / bias against / cognitive bias。,bias：n./v. 偏見；使偏頗 / biased：adj. 有偏見的 / unbiased：adj. 無偏見的,bias - biased - biased,biasing,racial bias：種族偏見；bias against：對……的偏見；cognitive bias：認知偏誤,favoritism：偏袒,prejudice：偏見； partiality：偏袒,fairness：公平； neutrality：中立,Good research tries to reduce bias.（好的研究會盡量降低偏差。）
W299,41-45,pragmatic,adj.,務實的；講求實際的。,常形容人、做法、政策；常見搭配：pragmatic approach / pragmatic solution。,pragmatic：adj. 務實的 / pragmatically：adv. 務實地 / pragmatism：n. 務實主義,,,pragmatic approach：務實做法；pragmatic solution：務實解方,sensible：明智的,practical：務實的； realistic：實際的,idealistic：理想化的,We need a pragmatic solution.（我們需要一個務實的解決方案。）
W300,41-45,grounded in,phr.,以……為基礎；建立在……之上；根植於。,grounded in + 名詞/觀念；常見搭配：grounded in evidence / grounded in fear。,ground：v. 使建立基礎 / grounded：adj. 有根據的,ground - grounded - grounded,grounding,grounded in evidence：以證據為基礎；grounded in fear：基於恐懼,founded on：建立於,based on：根據； rooted in：植基於,detached from：脫離； unrelated to：與……無關,The theory is grounded in evidence.（這個理論是建立在證據上的。）
W301,41-45,precedent,n.,先例。,法律、歷史、政策中常見；常見搭配：set a precedent / historical precedent。,precedent：n. 先例,,,set a precedent：開創先例；historical precedent：歷史先例,example：例子；prior case：前例；tradition：慣例,prior example：前例； earlier case：先例,novelty：新事物,This case may set a precedent.（這個案件可能會立下先例。）
W302,41-45,mercantilism,n.,重商主義。,經濟史常見名詞；常見搭配：European mercantilism。,mercantilism：n. 重商主義 / mercantilist：n./adj. 重商主義者；重商主義的,,,European mercantilism：歐洲重商主義,trade：貿易；state control：國家控制；colonialism：殖民主義,economic nationalism：經濟民族主義,free trade：自由貿易,Mercantilism shaped early trade policies.（重商主義影響了早期貿易政策。）
W303,41-45,territorial acquisition,phr.,領土取得；取得土地。,常見於歷史、國際關係；常見搭配：by territorial acquisition。,acquire：v. 取得 / acquisition：n. 取得,acquire - acquired - acquired,acquiring,by territorial acquisition：透過領土取得/擴張,conquest：征服,annexation：併吞； expansion：擴張,territorial loss：失去領土,The empire grew through territorial acquisition.（那個帝國藉由取得領土而擴張。）
W304,41-45,paradigm,n.,典範；思維模式。,常用於學術、社會、思考框架；常見搭配：a new paradigm / paradigm shift。,paradigm：n. 典範,,,a new paradigm：新典範；paradigm shift：典範轉移,pattern：模式,model：模式； framework：範式,anomaly：異例,The internet created a new paradigm.（網路創造了新的思維模式。）
W305,41-45,transcend,v.,超越。,常用於思想、限制、國界、差異；常見搭配：transcend limits / transcend differences。,transcend：v. 超越 / transcendent：adj. 卓越的；超越的 / transcendence：n. 超越,transcend - transcended - transcended,transcending,transcend limits：超越限制；transcend differences：超越差異,exceed：勝過,go beyond：超越； surpass：勝過,fall below：低於； remain within：停留在……內,We must transcend old conflicts.（我們必須超越舊有衝突。）
W306,41-45,productivity,n.,生產力；效率。,常用於經濟、工作、工業；常見搭配：improve productivity / worker productivity。,productive：adj. 生產性的 / productively：adv. 有效率地 / productivity：n. 生產力,,,improve productivity：提升生產力；worker productivity：勞工生產力,performance：表現,efficiency：效率； output：產能,inefficiency：低效率,New tools can improve productivity.（新工具可以提升生產力。）
W307,41-45,comparative advantage,phr.,比較利益；比較優勢。,經濟學重要片語；常見搭配：comparative advantage in trade。,compare：v. 比較 / comparative：adj. 比較的 / advantage：n. 優勢,compare - compared - compared,comparing,comparative advantage in trade：貿易中的比較優勢,trade：貿易；specialization：專業分工；efficiency：效率,relative advantage：相對優勢,absolute disadvantage：絕對劣勢,Countries trade based on comparative advantage.（國家會依比較利益進行貿易。）
W308,41-45,counterpoint,n.,對照點；對比事物。,可指音樂中的對位，也可指論述中的對照；常見搭配：serve as a counterpoint to。,counterpoint：n. 對照點,,,serve as a counterpoint to：作為……的對照,opposition：對立；balance：平衡,contrast：對照； opposing view：相反觀點,,Her calm voice was a counterpoint to his anger.（她冷靜的聲音和他的憤怒形成對比。）
W309,41-45,interdependence,n.,相互依存。,常見於經濟、國際關係；常見搭配：economic interdependence。,depend：v. 依賴 / dependent：adj. 依賴的 / independence：n. 獨立 / interdependence：n. 相互依存,depend - depended - depended,depending,economic interdependence：經濟相互依賴,cooperation：合作；mutual reliance：彼此依賴；connection：連結,mutual dependence：相互依賴,independence：獨立,Trade creates interdependence among nations.（貿易讓國家彼此相互依存。）
W310,41-45,prosperity,n.,繁榮；興旺。,常用於經濟、國家、社會；常見搭配：economic prosperity。,prosper：v. 繁榮 / prosperous：adj. 繁榮的 / prosperity：n. 繁榮,prosper - prospered - prospered,prospering,economic prosperity：經濟繁榮,success：成功；growth：成長,wealth：繁榮； affluence：富足,poverty：貧窮； decline：衰退,Peace often leads to prosperity.（和平常常帶來繁榮。）
W311,41-45,disarmament,n.,裁軍。,常見於國際政治；常見搭配：nuclear disarmament。,disarm：v. 解除武裝 / disarmament：n. 裁軍,disarm - disarmed - disarmed,disarming,nuclear disarmament：核裁軍,peace：和平；treaty：條約,arms reduction：裁軍； demilitarization：非軍事化,rearmament：重新武裝,The treaty encouraged nuclear disarmament.（該條約鼓勵核裁軍。）
W312,41-45,troubling,adj.,令人不安的；令人擔憂的。,常形容消息、趨勢、跡象；常見搭配：a troubling trend / troubling sign。,trouble：v./n. 麻煩；使困擾 / troubling：adj. 令人不安的,trouble - troubled - troubled,troubling,a troubling trend：令人憂心的趨勢；troubling sign：令人憂心的跡象,concerning：值得憂慮的,disturbing：令人不安的； worrying：令人擔心的,reassuring：令人安心的,The report shows a troubling trend.（這份報告顯示出令人擔憂的趨勢。）
W313,41-45,resurgence,n.,再起；復甦。,常用於疾病、思想、流行、勢力再次出現；常見搭配：a resurgence of / political resurgence。,resurge：v. 再起 / resurgence：n. 再起,resurge - resurged - resurged,resurging,a resurgence of：……的再起/復興；political resurgence：政治勢力再起,renewal：復甦,revival：復甦； comeback：再起,decline：衰退,There has been a resurgence of nationalism.（民族主義再次抬頭。）
W314,41-45,protectionist,adj./n.,保護主義的；保護主義者。,常見於 protectionist policies；常見搭配：protectionist trade policies。,protection：n. 保護 / protectionism：n. 保護主義 / protectionist：adj./n. 保護主義的；保護主義者,,,protectionist trade policies：保護主義貿易政策,tariff：關稅；trade barrier：貿易障礙；domestic industry：本國產業,trade-restrictive：保護主義的,free-trade：自由貿易的,The country adopted protectionist measures.（該國採取了保護主義措施。）
W315,41-45,xenophobic,adj.,排外的；仇外的。,常形容言論、態度、政策；常見搭配：xenophobic rhetoric / xenophobic attitudes。,xenophobia：n. 排外；仇外 / xenophobic：adj. 排外的,,,xenophobic rhetoric：仇外言論；xenophobic attitudes：仇外態度,prejudice：偏見；anti-foreigner：反外國人的；nationalism：民族主義,intolerant of foreigners：排外的,welcoming：包容的； inclusive：接納的,The speech contained xenophobic remarks.（那場演說含有排外言論。）
W316,41-45,confrontational,adj.,對抗性的；挑釁的。,常形容態度、策略、語氣；常見搭配：confrontational approach / confrontational tone。,confront：v. 面對；對抗 / confrontation：n. 對抗 / confrontational：adj. 對抗性的,confront - confronted - confronted,confronting,confrontational approach：對抗式做法；confrontational tone：對抗性語氣,hostile：敵對的,aggressive：對抗的； combative：好衝突的,conciliatory：安撫的； cooperative：合作的,His confrontational style caused tension.（他的對抗風格引發緊張。）
W317,41-45,undermine,v.,削弱；損害。,常用於信任、制度、權威、基礎；常見搭配：undermine trust / undermine the system。,undermine：v. 削弱 / undermining：n. 削弱,undermine - undermined - undermined,undermining,undermine trust：削弱信任；undermine the system：破壞制度,damage：損害,weaken：削弱； erode：逐漸破壞,strengthen：加強,Rumors can undermine trust.（謠言可能削弱信任。）
W318,41-45,rivalry,n.,競爭；對立。,常見於國家、球隊、公司之間；常見搭配：power rivalry / intense rivalry。,rival：n./adj. 競爭者；對立的 / rivalry：n. 競爭,,,power rivalry：權力競爭；intense rivalry：激烈競爭,conflict：衝突；contest：較量,competition：競爭； antagonism：對立,cooperation：合作,The two firms have a long rivalry.（這兩家公司長期競爭。）
W319,41-45,diminish,v.,減少；降低；削弱。,常用於力量、重要性、數量；常見搭配：diminish the importance / diminish over time。,diminish：v. 減少 / diminished：adj. 減少的 / diminution：n. 減少,diminish - diminished - diminished,diminishing,diminish the importance：降低重要性；diminish over time：隨時間減弱,decrease：降低,reduce：減少； lessen：減弱,increase：增加； intensify：加劇,The pain gradually diminished.（疼痛逐漸減輕。）
W320,41-45,exacerbate,v.,使惡化；加劇。,常用於問題、衝突、症狀；常見搭配：exacerbate conflict / exacerbate the problem。,exacerbate：v. 使惡化 / exacerbation：n. 惡化,exacerbate - exacerbated - exacerbated,exacerbating,exacerbate conflict：加劇衝突；exacerbate the problem：使問題惡化,intensify：加劇,worsen：惡化； aggravate：加劇,alleviate：減輕； mitigate：緩和,The policy may exacerbate inequality.（這項政策可能加劇不平等。）
W321,41-45,mitigate,v.,減輕；緩和。,常用於風險、損害、問題；常見搭配：mitigate risk / mitigate the effects。,mitigate：v. 減輕 / mitigation：n. 緩解,mitigate - mitigated - mitigated,mitigating,mitigate risk：降低風險；mitigate the effects：減輕影響,reduce：減輕；ease：緩解,alleviate：減輕； lessen：降低,exacerbate：惡化,Good planning can mitigate risk.（良好的規劃可以降低風險。）
W322,41-45,boycott,v./n.,抵制；杯葛。,可當動詞或名詞；常見搭配：boycott a product / consumer boycott。,boycott：v./n. 抵制,boycott - boycotted - boycotted,boycotting,boycott a product：抵制產品；consumer boycott：消費者抵制,protest：抗議；refuse to buy：拒買；sanction：制裁,embargo：抵制； shun：拒絕往來,patronize：光顧；buy from：向……購買,Many people decided to boycott the brand.（很多人決定抵制這個品牌。）
W323,41-45,reframe,v.,重新詮釋；重新框定。,常用於問題、討論、觀點；常見搭配：reframe the issue / reframe the debate。,reframe：v. 重新框定 / reframing：n. 重新詮釋,reframe - reframed - reframed,reframing,reframe the issue：重新界定議題；reframe the debate：重新框定辯論,reshape：重塑,redefine：重新界定； reinterpret：重新詮釋,,The teacher reframed the problem as a challenge.（老師把問題重新詮釋成挑戰。）
W324,41-45,reflective,adj.,深思的；反思的。,常用於 reflective thinking；常見搭配：reflective thinking。,reflect：v. 反映；深思 / reflection：n. 反思 / reflective：adj. 反思的,reflect - reflected - reflected,reflecting,reflective thinking：反思性思考,introspective：自省的,thoughtful：深思的； contemplative：沉思的,unreflective：不加思考的,Reflective thinking leads to better decisions.（反思式思考會帶來更好的決定。）
W325,41-45,incentivize,v.,激勵；提供誘因。,incentivize + 人/行為；常見搭配：incentivize cooperation / incentivize investment。,incentive：n. 誘因 / incentivize：v. 激勵,incentivize - incentivized - incentivized,incentivizing,incentivize cooperation：鼓勵合作；incentivize investment：誘導投資,reward：獎勵,motivate：激勵； encourage：鼓勵,discourage：使卻步,The policy aims to incentivize innovation.（這項政策旨在激勵創新。）
W326,41-45,inequality,n.,不平等。,常用於收入、社會、教育；常見搭配：social inequality / income inequality。,equal：adj. 相等的 / equality：n. 平等 / inequality：n. 不平等,,,social inequality：社會不平等；income inequality：收入不平等,injustice：不公；imbalance：失衡,disparity：不平等； inequity：不公平,equality：平等,The law tries to reduce inequality.（這條法律試圖減少不平等。）
W327,41-45,grievance,n.,不滿；委屈；申訴事項。,常見於政治、勞資、社會衝突；常見搭配：legitimate grievances / file a grievance。,grieve：v. 使悲傷 / grievance：n. 不滿；申訴,grieve - grieved - grieved,grieving,legitimate grievances：正當不滿；file a grievance：提出申訴,injustice：不公,complaint：不滿； resentment：怨恨,satisfaction：滿意,Workers voiced their grievances.（工人表達了他們的不滿。）
W328,46-50,umbrella review,n.,總覽型回顧；整合多篇系統性回顧或研究結果的綜合性評論。,常用於醫學與研究文章，指更高層級的綜合回顧；常見搭配：conduct an umbrella review。,,,,conduct an umbrella review：進行傘狀回顧,systematic review：系統性回顧；meta-analysis：統合分析；evidence synthesis：證據整合,review of reviews：回顧的回顧,,The paper is an umbrella review of fertility supplements.（這篇文章是關於生育補充品的總覽型回顧。）
W329,46-50,critically,adv.,批判性地；審慎地；重要地。,在學術文章中常指仔細評估，而不是單純批評；常見搭配：critically evaluate。,"critic：n. 評論者
critical：adj. 批判性的；關鍵的
critically：adv. 批判性地；重要地",,,critically evaluate：批判性/審慎地評估,seriously：認真地,analytically：分析性地； carefully：審慎地,uncritically：不加批判地,The review critically evaluates the evidence.（這篇回顧審慎評估了證據。）
W330,46-50,top-tier,adj.,頂尖的；第一流的。,常形容學校、期刊、證據或公司層級很高；常見搭配：top-tier evidence。,,,,top-tier evidence：頂級證據,elite：菁英的；leading：領先的；high-ranking：高級的,first-rate：第一流的； top-level：頂尖的,low-tier：低階的,The study used top-tier evidence.（這項研究使用了頂尖等級的證據。）
W331,46-50,nutrient supplement,n.,營養補充品。,指補充維生素、礦物質或其他營養成分的產品；常見搭配：take nutrient supplements。,"supplement：v. 補充
supplement：n. 補充品
supplemental：adj. 補充的",supplement - supplemented - supplemented,supplementing,take nutrient supplements：服用營養補充品,vitamin：維生素；mineral：礦物質,dietary supplement：營養補充劑,,Some people take a nutrient supplement every day.（有些人每天服用營養補充品。）
W332,46-50,female infertility,n.,女性不孕症。,醫學上指女性難以自然受孕的狀況；常見搭配：treat female infertility。,"fertile：adj. 可生育的
fertility：n. 生育能力
infertility：n. 不孕",,,treat female infertility：治療女性不孕,fertility：生育力；conception：受孕；reproductive health：生殖健康,infertility in women：女性不孕症,fertility：生育能力（infertility 的概念反義）,The article focuses on female infertility.（這篇文章聚焦於女性不孕症。）
W333,46-50,overall,adv. / adj.,整體來說；全面的。,放句首時常表示「總體而言」；常見搭配：overall result。,,,,overall result：整體結果,general：整體的；total：總體的；broad：全面的,generally：整體而言； on the whole：大致上,partially：部分地,"Overall, the evidence is still limited.（整體來說，證據仍然有限。）"
W334,46-50,micronutrient,n.,微量營養素。,指人體只需少量但不可缺少的營養素，如維生素與礦物質；常見搭配：multiple micronutrients。,"micro-：字首 微小的
nutrient：n. 營養素",,,multiple micronutrients：多種微量營養素,vitamin：維生素；mineral：礦物質；nutrition：營養,trace nutrient：微量營養素,macronutrient：大量營養素,Iron is an important micronutrient.（鐵是重要的微量營養素。）
W335,46-50,antioxidant,n. / adj.,抗氧化物；抗氧化的。,常用於營養、保健與醫學文章；常見搭配：antioxidant effect。,"oxidize：v. 氧化
oxidation：n. 氧化
oxidative：adj. 氧化的
antioxidant：n./adj. 抗氧化物；抗氧化的",oxidize - oxidized - oxidized,oxidizing,antioxidant effect：抗氧化效果,oxidative stress：氧化壓力；vitamin C：維生素C；free radical：自由基,free-radical scavenger：抗氧化物,oxidant：氧化劑,Blueberries contain antioxidants.（藍莓含有抗氧化物。）
W336,46-50,live birth rate,n.,活產率。,醫學與生殖研究中常用來表示成功活產的比例；常見搭配：improve live birth rates。,,,,improve live birth rates：提高活產率,pregnancy rate：懷孕率；fertility outcome：生育結果；childbirth：分娩,rate of live births：活產比率,,The treatment did not clearly raise the live birth rate.（這項治療並未明顯提高活產率。）
W337,46-50,L-arginine,n.,L-精胺酸，一種胺基酸。,常見於保健品與運動營養補充品；常見搭配：take L-arginine。,arginine：n. 精胺酸,,,take L-arginine：服用 L-精胺酸,amino acid：胺基酸；nitric oxide：一氧化氮；supplement：補充品,arginine：精胺酸,,Some patients take L-arginine as a supplement.（有些病人把L-精胺酸當補充品服用。）
W338,46-50,CoQ10,n.,輔酶Q10，一種常見保健成分。,常用於心血管、能量代謝與生殖保健相關文章；常見搭配：CoQ10 supplementation。,coenzyme：n. 輔酶,,,CoQ10 supplementation：輔酶 Q10 補充,supplement：補充品；antioxidant：抗氧化劑；mitochondria：粒線體,coenzyme Q10：輔酶Q10,,CoQ10 may support mitochondrial function.（輔酶Q10可能支持粒線體功能。）
W339,46-50,melatonin,n.,褪黑激素。,常與睡眠、時差與抗氧化研究一起出現；常見搭配：melatonin use。,,,,melatonin use：褪黑激素使用,sleep：睡眠；hormone：荷爾蒙；circadian rhythm：晝夜節律,sleep hormone：睡眠荷爾蒙,,Melatonin is often used to help sleep.（褪黑激素常用來幫助睡眠。）
W340,46-50,vitamin B complex,n.,維生素B群。,指多種B群維生素的組合；常見搭配：take vitamin B complex。,,,,take vitamin B complex：服用維生素 B 群,B vitamins：B群維生素；supplement：補充品；metabolism：代謝,B-complex vitamins：維生素B群,,She takes vitamin B complex daily.（她每天服用維生素B群。）
W341,46-50,vitamin D,n.,維生素D。,常和骨骼、免疫與生殖健康一起討論；常見搭配：vitamin D deficiency。,,,,vitamin D deficiency：維生素 D 缺乏,calcium：鈣；sunlight：日照；bone health：骨骼健康,calciferol：維生素D,,Vitamin D levels were checked in the clinic.（診所檢查了維生素D數值。）
W342,46-50,clinically,adv.,臨床上地。,常用於醫學研究，表示在實際臨床情境中；常見搭配：clinically significant。,"clinic：n. 診所
clinical：adj. 臨床的
clinically：adv. 臨床上地",,,clinically significant：臨床上顯著/重要,medically：醫學上地；in practice：在實務上；therapeutically：治療上地,in clinical practice：在臨床上,theoretically：理論上地,The change was not clinically important.（這個改變在臨床上並不重要。）
W343,46-50,significantly,adv.,顯著地；明顯地。,在研究中常表示統計上有明顯差異；常見搭配：increase significantly。,"signify：v. 表示
significance：n. 重要性；顯著性
significant：adj. 顯著的
significantly：adv. 顯著地",signify - signified - signified,signifying,increase significantly：顯著增加,considerably：相當地,markedly：顯著地； notably：明顯地,slightly：輕微地,The numbers rose significantly.（數字明顯上升。）
W344,46-50,biochemical,adj.,生化的。,常見於醫學、生物或驗血指標；常見搭配：biochemical pregnancy。,"biochemistry：n. 生物化學
biochemical：adj. 生化的",,,biochemical pregnancy：生化妊娠,biological：生物的；chemical：化學的；metabolic：代謝的,biochemic：生化的,,The lab measured biochemical markers.（實驗室測量了生化指標。）
W345,46-50,adverse effect,n.,不良反應；副作用。,醫藥文章中常用來表示負面效果；常見搭配：report adverse effects。,"adverse：adj. 不利的
effect：n. 影響",,,report adverse effects：通報不良反應,harm：傷害；negative outcome：負面結果,side effect：副作用； harmful effect：有害影響,beneficial effect：有益效果,No serious adverse effects were reported.（沒有通報嚴重不良反應。）
W346,46-50,low-quality,adj.,低品質的。,常用來形容研究、產品或資料品質不佳；常見搭配：low-quality studies。,"quality：n. 品質
qualitative：adj. 質性的",,,low-quality studies：低品質研究,unreliable：不可靠的,poor-quality：低品質的； inferior：較差的,high-quality：高品質的,The conclusion relied on low-quality studies.（這個結論依賴低品質研究。）
W347,46-50,necessitate,v.,使成為必要；需要。,較正式，常用於學術文章；常見搭配：necessitate caution。,"necessity：n. 必要性
necessary：adj. 必要的
necessarily：adv. 必然地
necessitate：v. 使有必要",necessitate - necessitated - necessitated,necessitating,necessitate caution：使謹慎成為必要,make necessary：使有必要；demand：要求,require：需要； compel：迫使有必要,eliminate the need for：免除……的需要,These results necessitate further study.（這些結果使進一步研究成為必要。）
W348,46-50,cautious,adj.,謹慎的。,常用於做決定、下結論或採取行動時；常見搭配：be cautious about。,"caution：n./v. 謹慎；警告
cautious：adj. 謹慎的
cautiously：adv. 謹慎地",caution - cautioned - cautioned,cautioning,be cautious about：對……保持謹慎,wary：警覺的,careful：謹慎的； prudent：審慎的,reckless：魯莽的,Doctors should be cautious about weak evidence.（醫師面對薄弱證據時應保持謹慎。）
W349,46-50,interpretation,n.,解釋；詮釋。,常用於資料、結果、文本的理解方式；常見搭配：interpretation of findings。,"interpret：v. 解釋
interpretation：n. 解釋
interpretive：adj. 解釋性的",interpret - interpreted - interpreted,interpreting,interpretation of findings：對研究結果的詮釋,analysis：分析；meaning：意義,explanation：解釋； reading：詮釋,misinterpretation：誤解,The findings allow more than one interpretation.（這些結果可以有不只一種解釋。）
W350,46-50,low certainty,n.,低確定性；把握度低。,常見於證據等級評估；常見搭配：low certainty evidence。,"certain：adj. 確定的
certainty：n. 確定性
certainly：adv. 當然；確定地",,,low certainty evidence：低確定性證據,evidence certainty：證據確定性；confidence：信心；uncertainty：不確定性,uncertain：不確定的； low confidence：低信心的,high certainty：高確定性,The review reported low certainty evidence.（這篇回顧報告的是低確定性證據。）
W351,46-50,variability,n.,變異性；差異程度。,常用於研究、數據或產品組成不同；常見搭配：variability across studies。,"vary：v. 改變
variation：n. 變化
variable：adj. 易變的
variability：n. 變異性",vary - varied - varied,varying,variability across studies：研究之間的變異性,inconsistency：不一致,variation：變異； fluctuation：波動,consistency：一致性； stability：穩定性,There was high variability across the trials.（各試驗之間的差異很大。）
W352,46-50,formulation,n.,配方；製劑。,常用於藥品、保健品或方案設計；常見搭配：different formulations。,"formulate：v. 制定；配製
formulation：n. 配方",formulate - formulated - formulated,formulating,different formulations：不同配方,mixture：混合物,composition：配方； wording：表述,decomposition：分解,The product is sold in several formulations.（這個產品有好幾種配方。）
W353,46-50,randomized controlled trial (RCT),n.,隨機對照試驗。,醫學研究中非常常見，常縮寫為 RCT；常見搭配：conduct an RCT。,"randomize：v. 隨機分派
randomized：adj. 隨機分派的
control：v./n. 控制；對照","randomize - randomized - randomized
control - controlled - controlled","randomizing
controlling",conduct an RCT：進行隨機對照試驗,clinical trial：臨床試驗；randomization：隨機分派；control group：對照組,randomized trial：隨機試驗； RCT：隨機對照試驗,observational study：觀察研究,An RCT provides stronger evidence than a case report.（RCT比病例報告提供更強的證據。）
W354,46-50,pool,v./n.,集中；合併；集合；池。,試卷擷取形為 pooled；原形是 pool。研究語境常用 pool data/results 或 pooled analysis，表示把多組資料合併分析。,"pool：v. 集中；合併
pooled：v./adj. 合併的
pooling：n./v. 合併；正在合併",pool - pooled - pooled,pooling,pool data：合併資料；pool resources：集中資源；pooled analysis：合併分析,pooled data：合併資料；analysis：分析；aggregate data：彙整資料,combine：合併；aggregate：彙整；merge：合併,separate：分開；divide：分割,The researchers used pooled data from several trials.（研究者使用了多個試驗合併後的資料。）
W355,46-50,oxidative stress,n.,氧化壓力。,常見於醫學、生物與營養研究；常見搭配：reduce oxidative stress。,"oxidize：v. 氧化
oxidation：n. 氧化
oxidative：adj. 氧化的",oxidize - oxidized - oxidized,oxidizing,reduce oxidative stress：降低氧化壓力,free radicals：自由基；antioxidant：抗氧化物；cell damage：細胞損傷,oxidation-related stress：氧化相關壓力,antioxidant protection：抗氧化保護,Exercise can affect oxidative stress levels.（運動可能影響氧化壓力程度。）
W356,46-50,supplementation,n.,補充；補充行為。,常見於營養補充或藥物補充；常見搭配：micronutrient supplementation。,"supplement：v. 補充
supplement：n. 補充品
supplementation：n. 補充",supplement - supplemented - supplemented,supplementing,micronutrient supplementation：微量營養素補充,supplement：補充品；intake：攝取,addition：補充； use of supplements：補充使用,deficiency：缺乏,Vitamin supplementation was common in the study.（研究中維生素補充很常見。）
W357,46-50,restore,v.,恢復；使回到原狀。,可用於健康、功能、秩序、關係；常見搭配：restore balance。,"restoration：n. 恢復
restorative：adj. 恢復性的",restore - restored - restored,restoring,restore balance：恢復平衡,renew：重建,recover：恢復； repair：修復,damage：損害； impair：削弱,The treatment may help restore hormone balance.（這項治療可能有助於恢復荷爾蒙平衡。）
W358,46-50,metabolism,n.,新陳代謝。,醫學與營養文章常見；常見搭配：support metabolism。,metabolic：adj. 代謝的,,,support metabolism：支持/促進代謝,energy use：能量利用；biochemical process：生化過程；digestion：消化,metabolic process：代謝過程,,Exercise can improve metabolism.（運動可以改善新陳代謝。）
W359,46-50,reproductive health,n.,生殖健康。,常見於公共衛生與婦產科文章；常見搭配：improve reproductive health。,"reproduce：v. 生殖；複製
reproduction：n. 生殖
reproductive：adj. 生殖的",reproduce - reproduced - reproduced,reproducing,improve reproductive health：改善生殖健康,fertility：生育力；pregnancy：懷孕；gynecology：婦科,fertility health：生殖健康,reproductive disorder：生殖障礙,The clinic provides care for reproductive health.（這家診所提供生殖健康照護。）
W360,46-50,potential,adj. / n.,可能的；潛力。,作形容詞時指可能發生，作名詞時指潛能；常見搭配：potential benefit。,"potential：n./adj. 潛力；可能的
potentially：adv. 可能地",,,potential benefit：潛在好處,promise：潛能,possibility：可能性； capacity：潛力,impossibility：不可能,The drug showed potential benefits.（這藥物顯示出可能的好處。）
W361,46-50,particularly,adv.,特別地；尤其。,用來強調某一部分更明顯；常見搭配：particularly in women。,"particular：adj. 特定的
particularly：adv. 特別地",,,particularly in women：尤其在女性中,specifically：特別是,especially：尤其； notably：特別地,generally：一般地,This issue is particularly important for older women.（這個問題對年長女性尤其重要。）
W362,46-50,medically assisted reproduction (MAR),n.,醫療輔助生殖。,指在醫療協助下進行的受孕方式；常見搭配：undergo MAR。,"medical：adj. 醫療的
medically：adv. 醫療上地
assist：v. 協助
assisted：adj. 受協助的
reproduction：n. 生殖","assist - assisted - assisted
reproduce - reproduced - reproduced","assisting
reproducing",undergo MAR：接受醫療輔助生殖,fertility treatment：生育治療；ART：人工生殖技術；IVF：試管嬰兒；natural conception：自然受孕,assisted reproduction：輔助生殖；MAR：醫療輔助生殖,,Some couples undergo medically assisted reproduction.（有些夫妻接受醫療輔助生殖。）
W363,46-50,mitochondrial,adj.,粒線體的。,常用於細胞能量與生殖研究；常見搭配：mitochondrial function。,"mitochondrion：n. 粒線體
mitochondria：n. 粒線體（複數）
mitochondrial：adj. 粒線體的",,,mitochondrial function：粒線體功能,cell energy：細胞能量；ATP：三磷酸腺苷；organelle：胞器,mitochondria-related：與粒線體相關的,,The supplement may improve mitochondrial function.（這種補充品可能改善粒線體功能。）
W364,46-50,ovarian dysfunction,n.,卵巢功能失調。,常見於婦科與不孕研究；常見搭配：improve ovarian dysfunction。,"ovary：n. 卵巢
ovarian：adj. 卵巢的
dysfunction：n. 功能失調
dysfunctional：adj. 功能失調的",,,improve ovarian dysfunction：改善卵巢功能失調,ovary：卵巢；hormonal imbalance：荷爾蒙失衡；infertility：不孕,impaired ovarian function：卵巢功能受損,normal ovarian function：正常卵巢功能,The article discusses ovarian dysfunction in patients with PCOS.（文章討論了PCOS病人的卵巢功能失調。）
W365,46-50,ovulation,n.,排卵。,婦產科與生殖醫學常見；常見搭配：support ovulation。,"ovulate：v. 排卵
ovulation：n. 排卵
ovulatory：adj. 排卵的",ovulate - ovulated - ovulated,ovulating,support ovulation：支持/促進排卵,menstrual cycle：月經週期；fertility：生育,egg release：排卵,anovulation：無排卵,The treatment may support ovulation.（這項治療可能幫助排卵。）
W366,46-50,embryo development,n.,胚胎發育。,常見於生殖醫學與胚胎學；常見搭配：enhance embryo development。,"embryo：n. 胚胎
develop：v. 發育；發展
development：n. 發育；發展
developmental：adj. 發育的",develop - developed - developed,developing,enhance embryo development：促進胚胎發育,fertilization：受精；implantation：著床；growth：成長,embryonic development：胚胎發展,embryonic arrest：胚胎停滯,Nutrition may influence embryo development.（營養可能影響胚胎發育。）
W367,46-50,well tolerated,adj.,耐受性良好的；通常不易引起嚴重不適。,醫學上常用來形容藥物或補充品；常見搭配：be well tolerated。,"tolerate：v. 忍受；耐受
tolerable：adj. 可忍受的
tolerance：n. 耐受性
tolerated：adj. 被耐受的",tolerate - tolerated - tolerated,tolerating,be well tolerated：耐受性良好,safe：安全的；few side effects：副作用少,easily tolerated：容易耐受的； acceptable：可接受的,poorly tolerated：耐受性差的,The medicine was generally well tolerated.（這藥物整體耐受性良好。）
W368,46-50,anti-inflammatory,adj.,抗發炎的。,常形容藥物、食物或作用；常見搭配：anti-inflammatory effects。,"inflammation：n. 發炎
inflammatory：adj. 發炎的
anti-inflammatory：adj. 抗發炎的",,,anti-inflammatory effects：抗發炎效果,inflammation：發炎；immune response：免疫反應；pain relief：止痛,inflammation-reducing：消炎的,pro-inflammatory：促發炎的,Fish oil may have anti-inflammatory effects.（魚油可能具有抗發炎效果。）
W369,46-50,hormone regulation,n.,荷爾蒙調節。,常見於內分泌與生殖研究；常見搭配：through hormone regulation。,"hormone：n. 荷爾蒙
regulate：v. 調節
regulation：n. 調節
regulatory：adj. 調節的",regulate - regulated - regulated,regulating,through hormone regulation：透過荷爾蒙調節,endocrine system：內分泌系統；balance：平衡；hormone levels：荷爾蒙濃度,hormonal control：荷爾蒙調控,hormonal imbalance：荷爾蒙失衡,Sleep may affect hormone regulation.（睡眠可能影響荷爾蒙調節。）
W370,46-50,endometrial receptivity,n.,子宮內膜容受性；子宮內膜接受胚胎著床的能力。,生殖醫學專有名詞；常見搭配：improve endometrial receptivity。,"endometrium：n. 子宮內膜
endometrial：adj. 子宮內膜的
receptive：adj. 可接受的
receptivity：n. 容受性",,,improve endometrial receptivity：改善子宮內膜容受性,implantation：著床；uterus：子宮；embryo transfer：胚胎植入,uterine receptivity：子宮容受性,implantation failure：著床失敗,Doctors assessed endometrial receptivity before treatment.（醫師在治療前評估子宮內膜容受性。）
W371,46-50,calcitriol,n.,骨化三醇；活性維生素D的一種形式。,常用於維生素D代謝與臨床研究；常見搭配：use calcitriol。,,,,use calcitriol：使用骨化三醇,vitamin D：維生素D；hormone：荷爾蒙；calcium：鈣,active vitamin D：活性維生素D,,The study examined calcitriol in fertility treatment.（研究檢視了骨化三醇在生育治療中的作用。）
W372,46-50,deficiency,n.,缺乏；不足。,常與維生素、鐵、資源不足一起用；常見搭配：vitamin deficiency。,"deficient：adj. 缺乏的
deficiency：n. 缺乏",,,vitamin deficiency：維生素缺乏,shortage：短缺,insufficiency：不足； lack：缺乏,sufficiency：充足； abundance：豐富,Vitamin D deficiency is common.（維生素D缺乏很常見。）
W373,46-50,boost,v. / n.,提升；促進；增加。,可用在免疫力、成績、能量、信心；常見搭配：boost fertility。,boost：v./n. 提升；促進,boost - boosted - boosted,boosting,boost fertility：提升生育力,improve：提升,enhance：提升； increase：增加,reduce：降低； weaken：削弱,The drink may boost energy.（這飲料可能提升能量。）
W374,46-50,long-term safety,n.,長期安全性。,醫藥研究中常用來看長時間使用是否安全；常見搭配：guide long-term safety。,"safe：adj. 安全的
safely：adv. 安全地
safety：n. 安全性",,,guide long-term safety：指引長期安全性,safety profile：安全性概況；risk：風險；follow-up：追蹤,lasting safety：長期安全性,,More data are needed on long-term safety.（還需要更多長期安全性的資料。）
W375,46-50,guideline,n.,指引；準則。,常用於醫療、教育、政策文件；常見搭配：clinical guideline。,"guide：v. 引導
guidance：n. 指導
guideline：n. 指引",guide - guided - guided,guiding,clinical guideline：臨床指引,protocol：規範；standard：標準,recommendation：指引； guidance：指導原則,deviation：偏離； violation：違反,Doctors follow the clinical guideline.（醫師遵循臨床指引。）
W376,46-50,dubious,adj.,可疑的；不太可靠的。,常形容證據、說法、品質；常見搭配：dubious evidence。,dubiously：adv. 可疑地,,,dubious evidence：可疑/不可靠的證據,uncertain：不確定的,doubtful：可疑的； questionable：值得懷疑的,credible：可信的； certain：確定的,The claim is based on dubious evidence.（這個主張建立在可疑的證據上。）
W377,46-50,clinician,n.,臨床醫師；臨床工作者。,泛指在臨床第一線看病或治療的專業人員；常見搭配：recommend clinicians approach。,"clinic：n. 診所
clinical：adj. 臨床的
clinician：n. 臨床工作者",,,recommend clinicians approach：建議臨床人員採取……方式,doctor：醫師；healthcare provider：醫療人員；patient：病人,practitioner：臨床工作者；physician：醫師,,The clinician discussed treatment options.（臨床醫師討論了治療選項。）
W378,46-50,methodological issue,n.,方法學問題；研究設計上的問題。,常見於評論研究限制時；常見搭配：methodological issues complicate interpretation。,"method：n. 方法
methodology：n. 方法學
methodological：adj. 方法學的",,,methodological issues complicate interpretation：方法學問題使詮釋變複雜,study design：研究設計；bias：偏差；limitation：限制,design problem：設計問題； methodological problem：方法問題,methodological strength：方法學優勢,The paper has several methodological issues.（這篇文章有幾個方法學問題。）
W379,46-50,generalize,v.,概化；推廣套用到更廣的情況。,研究中常問結果能否推到其他人群；常見搭配：generalize the findings。,"generalization：n. 概化
generalizable：adj. 可概化的",generalize - generalized - generalized,generalizing,generalize the findings：推廣/概化研究結果,apply broadly：廣泛適用；infer：推論,extrapolate：推而廣之； apply widely：廣泛適用,specialize：特化； limit：限制,We cannot generalize the result to all patients.（我們不能把結果推論到所有病人。）
W380,46-50,exclusively,adv.,專門地；只；排他地。,常用於 only 的正式說法；常見搭配：study exclusively women。,"exclude：v. 排除
exclusive：adj. 專有的；排他的
exclusively：adv. 專門地；只",exclude - excluded - excluded,excluding,study exclusively women：只研究女性,entirely：完全只,solely：專門地； only：僅僅,partially：部分地； inclusively：包含地,The trial enrolled exclusively adult women.（該試驗只收成年女性。）
W381,46-50,overstate,v.,誇大；說得過頭。,常見於 overstate the effect / risk / value；常見搭配：overstate the effect。,"statement：n. 陳述
overstatement：n. 誇大其詞",overstate - overstated - overstated,overstating,overstate the effect：誇大效果,magnify：放大,exaggerate：誇大； overemphasize：過分強調,understate：輕描淡寫,The advertisement may overstate the benefits.（這則廣告可能誇大好處。）